Net: _03710_
  Pin:   _09300_/B (sky130_fd_sc_hd__and2_1)
    Layer: mcon
      Partial area ratio:    0.23
      Required ratio:    3.00 (Gate area) 
      Cumulative area ratio:    0.23
      Required ratio:    0.00 (Cumulative area) 

    Layer: met1
      Partial area ratio:    7.26
      Required ratio:    0.00 (Gate area) 
      Cumulative area ratio:    7.26
      Required ratio:    0.00 (Cumulative area) 
      Partial area ratio:   34.83
      Required ratio:  400.00 (Side area) 
      Cumulative area ratio:   34.83
      Required ratio:    0.00 (Cumulative side area) 

    Layer: via
      Partial area ratio:    0.36
      Required ratio:    6.00 (Gate area) 
      Cumulative area ratio:    0.59
      Required ratio:    0.00 (Cumulative area) 

    Layer: met2
      Partial area ratio:    1.48
      Required ratio:    0.00 (Gate area) 
      Cumulative area ratio:    8.74
      Required ratio:    0.00 (Cumulative area) 
      Partial area ratio:    6.83
      Required ratio:  400.00 (Side area) 
      Cumulative area ratio:   41.67
      Required ratio:    0.00 (Cumulative side area) 

    Layer: via2
      Partial area ratio:    0.32
      Required ratio:    6.00 (Gate area) 
      Cumulative area ratio:    0.90
      Required ratio:    0.00 (Cumulative area) 

    Layer: met3
      Partial area ratio:  674.51
      Required ratio:    0.00 (Gate area) 
      Cumulative area ratio:  683.26
      Required ratio:    0.00 (Cumulative area) 
      Partial area ratio: 3601.14
      Required ratio: 2778.20 (Side area) (VIOLATED)
      Cumulative area ratio: 3642.81
      Required ratio:    0.00 (Cumulative side area) 



Net: _04362_
  Pin:   fanout216/A (sky130_fd_sc_hd__buf_4)
    Layer: mcon
      Partial area ratio:    0.12
      Required ratio:    3.00 (Gate area) 
      Cumulative area ratio:    0.12
      Required ratio:    0.00 (Cumulative area) 

    Layer: met1
      Partial area ratio:    2.01
      Required ratio:    0.00 (Gate area) 
      Cumulative area ratio:    2.01
      Required ratio:    0.00 (Cumulative area) 
      Partial area ratio:    9.31
      Required ratio:  400.00 (Side area) 
      Cumulative area ratio:    9.31
      Required ratio:    0.00 (Cumulative side area) 

    Layer: via
      Partial area ratio:    0.18
      Required ratio:    6.00 (Gate area) 
      Cumulative area ratio:    0.30
      Required ratio:    0.00 (Cumulative area) 

    Layer: met2
      Partial area ratio:   59.93
      Required ratio:    0.00 (Gate area) 
      Cumulative area ratio:   61.94
      Required ratio:    0.00 (Cumulative area) 
      Partial area ratio:  298.45
      Required ratio:  400.00 (Side area) 
      Cumulative area ratio:  307.76
      Required ratio:    0.00 (Cumulative side area) 

    Layer: via2
      Partial area ratio:    0.16
      Required ratio:    6.00 (Gate area) 
      Cumulative area ratio:    0.46
      Required ratio:    0.00 (Cumulative area) 

    Layer: met3
      Partial area ratio:   42.33
      Required ratio:    0.00 (Gate area) 
      Cumulative area ratio:  104.27
      Required ratio:    0.00 (Cumulative area) 
      Partial area ratio:  227.62
      Required ratio: 3172.40 (Side area) 
      Cumulative area ratio:  535.38
      Required ratio:    0.00 (Cumulative side area) 

    Layer: via3
      Partial area ratio:    0.16
      Required ratio:   57.52 (Gate area) 
      Cumulative area ratio:    0.62
      Required ratio:    0.00 (Cumulative area) 

    Layer: met4
      Partial area ratio:   21.62
      Required ratio:    0.00 (Gate area) 
      Cumulative area ratio:  125.90
      Required ratio:    0.00 (Cumulative area) 
      Partial area ratio:  115.88
      Required ratio: 3172.40 (Side area) 
      Cumulative area ratio:  651.26
      Required ratio:    0.00 (Cumulative side area) 


  Pin:   fanout217/A (sky130_fd_sc_hd__buf_2)
    Layer: mcon
      Partial area ratio:    0.18
      Required ratio:    3.00 (Gate area) 
      Cumulative area ratio:    0.18
      Required ratio:    0.00 (Cumulative area) 

    Layer: met1
      Partial area ratio:    4.83
      Required ratio:    0.00 (Gate area) 
      Cumulative area ratio:    4.83
      Required ratio:    0.00 (Cumulative area) 
      Partial area ratio:   22.99
      Required ratio:  400.00 (Side area) 
      Cumulative area ratio:   22.99
      Required ratio:    0.00 (Cumulative side area) 

    Layer: via
      Partial area ratio:    0.28
      Required ratio:    6.00 (Gate area) 
      Cumulative area ratio:    0.46
      Required ratio:    0.00 (Cumulative area) 

    Layer: met2
      Partial area ratio:   50.43
      Required ratio:    0.00 (Gate area) 
      Cumulative area ratio:   55.26
      Required ratio:    0.00 (Cumulative area) 
      Partial area ratio:  250.84
      Required ratio:  400.00 (Side area) 
      Cumulative area ratio:  273.84
      Required ratio:    0.00 (Cumulative side area) 

    Layer: via2
      Partial area ratio:    0.11
      Required ratio:    6.00 (Gate area) 
      Cumulative area ratio:    0.57
      Required ratio:    0.00 (Cumulative area) 

    Layer: met3
      Partial area ratio:   80.40
      Required ratio:    0.00 (Gate area) 
      Cumulative area ratio:  135.66
      Required ratio:    0.00 (Cumulative area) 
      Partial area ratio:  429.55
      Required ratio:  400.00 (Side area) (VIOLATED)
      Cumulative area ratio:  703.38
      Required ratio:    0.00 (Cumulative side area) 

    Layer: via3
      Partial area ratio:    0.06
      Required ratio:    6.00 (Gate area) 
      Cumulative area ratio:    0.64
      Required ratio:    0.00 (Cumulative area) 

    Layer: met4
      Partial area ratio:   21.62
      Required ratio:    0.00 (Gate area) 
      Cumulative area ratio:  157.28
      Required ratio:    0.00 (Cumulative area) 
      Partial area ratio:  115.88
      Required ratio: 3172.40 (Side area) 
      Cumulative area ratio:  819.26
      Required ratio:    0.00 (Cumulative side area) 


  Pin:   fanout218/A (sky130_fd_sc_hd__buf_4)
    Layer: mcon
      Partial area ratio:    0.12
      Required ratio:    3.00 (Gate area) 
      Cumulative area ratio:    0.12
      Required ratio:    0.00 (Cumulative area) 

    Layer: met1
      Partial area ratio:    2.70
      Required ratio:    0.00 (Gate area) 
      Cumulative area ratio:    2.70
      Required ratio:    0.00 (Cumulative area) 
      Partial area ratio:   12.73
      Required ratio:  400.00 (Side area) 
      Cumulative area ratio:   12.73
      Required ratio:    0.00 (Cumulative side area) 

    Layer: via
      Partial area ratio:    0.18
      Required ratio:    6.00 (Gate area) 
      Cumulative area ratio:    0.30
      Required ratio:    0.00 (Cumulative area) 

    Layer: met2
      Partial area ratio:    0.75
      Required ratio:    0.00 (Gate area) 
      Cumulative area ratio:    3.45
      Required ratio:    0.00 (Cumulative area) 
      Partial area ratio:    3.48
      Required ratio:  400.00 (Side area) 
      Cumulative area ratio:   16.21
      Required ratio:    0.00 (Cumulative side area) 

    Layer: via2
      Partial area ratio:    0.16
      Required ratio:    6.00 (Gate area) 
      Cumulative area ratio:    0.46
      Required ratio:    0.00 (Cumulative area) 

    Layer: met3
      Partial area ratio:   80.40
      Required ratio:    0.00 (Gate area) 
      Cumulative area ratio:   83.85
      Required ratio:    0.00 (Cumulative area) 
      Partial area ratio:  429.55
      Required ratio:  400.00 (Side area) (VIOLATED)
      Cumulative area ratio:  445.75
      Required ratio:    0.00 (Cumulative side area) 

    Layer: via3
      Partial area ratio:    0.06
      Required ratio:    6.00 (Gate area) 
      Cumulative area ratio:    0.52
      Required ratio:    0.00 (Cumulative area) 

    Layer: met4
      Partial area ratio:   21.62
      Required ratio:    0.00 (Gate area) 
      Cumulative area ratio:  105.47
      Required ratio:    0.00 (Cumulative area) 
      Partial area ratio:  115.88
      Required ratio: 3172.40 (Side area) 
      Cumulative area ratio:  561.63
      Required ratio:    0.00 (Cumulative side area) 


  Pin:   fanout219/A (sky130_fd_sc_hd__clkbuf_2)
    Layer: mcon
      Partial area ratio:    0.14
      Required ratio:    3.00 (Gate area) 
      Cumulative area ratio:    0.14
      Required ratio:    0.00 (Cumulative area) 

    Layer: met1
      Partial area ratio:    1.55
      Required ratio:    0.00 (Gate area) 
      Cumulative area ratio:    1.55
      Required ratio:    0.00 (Cumulative area) 
      Partial area ratio:    7.15
      Required ratio:  400.00 (Side area) 
      Cumulative area ratio:    7.15
      Required ratio:    0.00 (Cumulative side area) 

    Layer: via
      Partial area ratio:    0.17
      Required ratio:    6.00 (Gate area) 
      Cumulative area ratio:    0.30
      Required ratio:    0.00 (Cumulative area) 

    Layer: met2
      Partial area ratio:   50.43
      Required ratio:    0.00 (Gate area) 
      Cumulative area ratio:   51.98
      Required ratio:    0.00 (Cumulative area) 
      Partial area ratio:  250.84
      Required ratio:  400.00 (Side area) 
      Cumulative area ratio:  257.99
      Required ratio:    0.00 (Cumulative side area) 

    Layer: via2
      Partial area ratio:    0.11
      Required ratio:    6.00 (Gate area) 
      Cumulative area ratio:    0.41
      Required ratio:    0.00 (Cumulative area) 

    Layer: met3
      Partial area ratio:   80.40
      Required ratio:    0.00 (Gate area) 
      Cumulative area ratio:  132.38
      Required ratio:    0.00 (Cumulative area) 
      Partial area ratio:  429.55
      Required ratio:  400.00 (Side area) (VIOLATED)
      Cumulative area ratio:  687.54
      Required ratio:    0.00 (Cumulative side area) 

    Layer: via3
      Partial area ratio:    0.06
      Required ratio:    6.00 (Gate area) 
      Cumulative area ratio:    0.47
      Required ratio:    0.00 (Cumulative area) 

    Layer: met4
      Partial area ratio:   21.62
      Required ratio:    0.00 (Gate area) 
      Cumulative area ratio:  154.00
      Required ratio:    0.00 (Cumulative area) 
      Partial area ratio:  115.88
      Required ratio: 3172.40 (Side area) 
      Cumulative area ratio:  803.41
      Required ratio:    0.00 (Cumulative side area) 



Net: _06130_
  Pin:   _12574_/A1 (sky130_fd_sc_hd__mux2_1)
    Layer: mcon
      Partial area ratio:    0.23
      Required ratio:    3.00 (Gate area) 
      Cumulative area ratio:    0.23
      Required ratio:    0.00 (Cumulative area) 

    Layer: met1
      Partial area ratio:   84.39
      Required ratio:    0.00 (Gate area) 
      Cumulative area ratio:   84.39
      Required ratio:    0.00 (Cumulative area) 
      Partial area ratio:  420.50
      Required ratio:  400.00 (Side area) (VIOLATED)
      Cumulative area ratio:  420.50
      Required ratio:    0.00 (Cumulative side area) 

    Layer: via
      Partial area ratio:    0.36
      Required ratio:    6.00 (Gate area) 
      Cumulative area ratio:    0.59
      Required ratio:    0.00 (Cumulative area) 

    Layer: met2
      Partial area ratio:   32.95
      Required ratio:    0.00 (Gate area) 
      Cumulative area ratio:  117.35
      Required ratio:    0.00 (Cumulative area) 
      Partial area ratio:  163.67
      Required ratio: 2810.00 (Side area) 
      Cumulative area ratio:  584.17
      Required ratio:    0.00 (Cumulative side area) 



Net: _07111_
  Pin:   _13685_/A1 (sky130_fd_sc_hd__mux2_1)
    Layer: mcon
      Partial area ratio:    0.23
      Required ratio:    3.00 (Gate area) 
      Cumulative area ratio:    0.23
      Required ratio:    0.00 (Cumulative area) 

    Layer: met1
      Partial area ratio:  145.06
      Required ratio:    0.00 (Gate area) 
      Cumulative area ratio:  145.06
      Required ratio:    0.00 (Cumulative area) 
      Partial area ratio:  723.83
      Required ratio:  400.00 (Side area) (VIOLATED)
      Cumulative area ratio:  723.83
      Required ratio:    0.00 (Cumulative side area) 

    Layer: via
      Partial area ratio:    0.36
      Required ratio:    6.00 (Gate area) 
      Cumulative area ratio:    0.59
      Required ratio:    0.00 (Cumulative area) 

    Layer: met2
      Partial area ratio:   17.62
      Required ratio:    0.00 (Gate area) 
      Cumulative area ratio:  162.68
      Required ratio:    0.00 (Cumulative area) 
      Partial area ratio:   87.00
      Required ratio: 2965.20 (Side area) 
      Cumulative area ratio:  810.83
      Required ratio:    0.00 (Cumulative side area) 



Net: _07122_
  Pin:   _13698_/A1 (sky130_fd_sc_hd__mux2_1)
    Layer: mcon
      Partial area ratio:    0.23
      Required ratio:    3.00 (Gate area) 
      Cumulative area ratio:    0.23
      Required ratio:    0.00 (Cumulative area) 

    Layer: met1
      Partial area ratio:  159.44
      Required ratio:    0.00 (Gate area) 
      Cumulative area ratio:  159.44
      Required ratio:    0.00 (Cumulative area) 
      Partial area ratio:  795.72
      Required ratio:  400.00 (Side area) (VIOLATED)
      Cumulative area ratio:  795.72
      Required ratio:    0.00 (Cumulative side area) 

    Layer: via
      Partial area ratio:    0.36
      Required ratio:    6.00 (Gate area) 
      Cumulative area ratio:    0.59
      Required ratio:    0.00 (Cumulative area) 

    Layer: met2
      Partial area ratio:    9.95
      Required ratio:    0.00 (Gate area) 
      Cumulative area ratio:  169.39
      Required ratio:    0.00 (Cumulative area) 
      Partial area ratio:   48.67
      Required ratio: 2965.20 (Side area) 
      Cumulative area ratio:  844.39
      Required ratio:    0.00 (Cumulative side area) 



Net: _08039_
  Pin:   _14724_/A1 (sky130_fd_sc_hd__mux2_1)
    Layer: mcon
      Partial area ratio:    0.23
      Required ratio:    3.00 (Gate area) 
      Cumulative area ratio:    0.23
      Required ratio:    0.00 (Cumulative area) 

    Layer: met1
      Partial area ratio:   81.48
      Required ratio:    0.00 (Gate area) 
      Cumulative area ratio:   81.48
      Required ratio:    0.00 (Cumulative area) 
      Partial area ratio:  405.94
      Required ratio:  400.00 (Side area) (VIOLATED)
      Cumulative area ratio:  405.94
      Required ratio:    0.00 (Cumulative side area) 

    Layer: via
      Partial area ratio:    0.36
      Required ratio:    6.00 (Gate area) 
      Cumulative area ratio:    0.59
      Required ratio:    0.00 (Cumulative area) 

    Layer: met2
      Partial area ratio:    9.95
      Required ratio:    0.00 (Gate area) 
      Cumulative area ratio:   91.44
      Required ratio:    0.00 (Cumulative area) 
      Partial area ratio:   48.67
      Required ratio: 2810.00 (Side area) 
      Cumulative area ratio:  454.61
      Required ratio:    0.00 (Cumulative side area) 



Net: _08515_
  Pin:   _15256_/A1 (sky130_fd_sc_hd__mux2_1)
    Layer: mcon
      Partial area ratio:    0.23
      Required ratio:    3.00 (Gate area) 
      Cumulative area ratio:    0.23
      Required ratio:    0.00 (Cumulative area) 

    Layer: met1
      Partial area ratio:  122.87
      Required ratio:    0.00 (Gate area) 
      Cumulative area ratio:  122.87
      Required ratio:    0.00 (Cumulative area) 
      Partial area ratio:  612.89
      Required ratio:  400.00 (Side area) (VIOLATED)
      Cumulative area ratio:  612.89
      Required ratio:    0.00 (Cumulative side area) 

    Layer: via
      Partial area ratio:    0.36
      Required ratio:    6.00 (Gate area) 
      Cumulative area ratio:    0.59
      Required ratio:    0.00 (Cumulative area) 

    Layer: met2
      Partial area ratio:    9.95
      Required ratio:    0.00 (Gate area) 
      Cumulative area ratio:  132.82
      Required ratio:    0.00 (Cumulative area) 
      Partial area ratio:   48.67
      Required ratio: 2810.00 (Side area) 
      Cumulative area ratio:  661.56
      Required ratio:    0.00 (Cumulative side area) 



Net: br_bank
  Pin:   _09211_/A_N (sky130_fd_sc_hd__nand3b_1)
    Layer: mcon
      Partial area ratio:    0.23
      Required ratio:    3.00 (Gate area) 
      Cumulative area ratio:    0.23
      Required ratio:    0.00 (Cumulative area) 

    Layer: met1
      Partial area ratio:  219.35
      Required ratio:    0.00 (Gate area) 
      Cumulative area ratio:  219.35
      Required ratio:    0.00 (Cumulative area) 
      Partial area ratio: 1093.58
      Required ratio:  400.00 (Side area) (VIOLATED)
      Cumulative area ratio: 1093.58
      Required ratio:    0.00 (Cumulative side area) 

    Layer: via
      Partial area ratio:    0.71
      Required ratio:    6.00 (Gate area) 
      Cumulative area ratio:    0.94
      Required ratio:    0.00 (Cumulative area) 

    Layer: met2
      Partial area ratio:    8.68
      Required ratio:    0.00 (Gate area) 
      Cumulative area ratio:  228.03
      Required ratio:    0.00 (Cumulative area) 
      Partial area ratio:   42.87
      Required ratio: 2956.40 (Side area) 
      Cumulative area ratio: 1136.45
      Required ratio:    0.00 (Cumulative side area) 


  Pin:   _09213_/B (sky130_fd_sc_hd__nand3_1)
    Layer: mcon
      Partial area ratio:    0.12
      Required ratio:    3.00 (Gate area) 
      Cumulative area ratio:    0.12
      Required ratio:    0.00 (Cumulative area) 

    Layer: met1
      Partial area ratio:    3.59
      Required ratio:    0.00 (Gate area) 
      Cumulative area ratio:    3.59
      Required ratio:    0.00 (Cumulative area) 
      Partial area ratio:   17.20
      Required ratio:  400.00 (Side area) 
      Cumulative area ratio:   17.20
      Required ratio:    0.00 (Cumulative side area) 

    Layer: via
      Partial area ratio:    0.18
      Required ratio:    6.00 (Gate area) 
      Cumulative area ratio:    0.30
      Required ratio:    0.00 (Cumulative area) 

    Layer: met2
      Partial area ratio:    8.68
      Required ratio:    0.00 (Gate area) 
      Cumulative area ratio:   12.27
      Required ratio:    0.00 (Cumulative area) 
      Partial area ratio:   42.87
      Required ratio: 2956.40 (Side area) 
      Cumulative area ratio:   60.07
      Required ratio:    0.00 (Cumulative side area) 


  Pin:   fanout863/A (sky130_fd_sc_hd__buf_6)
    Layer: mcon
      Partial area ratio:    0.06
      Required ratio:    3.00 (Gate area) 
      Cumulative area ratio:    0.06
      Required ratio:    0.00 (Cumulative area) 

    Layer: met1
      Partial area ratio:    1.40
      Required ratio:    0.00 (Gate area) 
      Cumulative area ratio:    1.40
      Required ratio:    0.00 (Cumulative area) 
      Partial area ratio:    6.63
      Required ratio:  400.00 (Side area) 
      Cumulative area ratio:    6.63
      Required ratio:    0.00 (Cumulative side area) 

    Layer: via
      Partial area ratio:    0.09
      Required ratio:    6.00 (Gate area) 
      Cumulative area ratio:    0.15
      Required ratio:    0.00 (Cumulative area) 

    Layer: met2
      Partial area ratio:    8.68
      Required ratio:    0.00 (Gate area) 
      Cumulative area ratio:   10.08
      Required ratio:    0.00 (Cumulative area) 
      Partial area ratio:   42.87
      Required ratio: 2956.40 (Side area) 
      Cumulative area ratio:   49.50
      Required ratio:    0.00 (Cumulative side area) 


  Pin:   hold1585/A (sky130_fd_sc_hd__dlygate4sd3_1)
    Layer: mcon
      Partial area ratio:    0.23
      Required ratio:    3.00 (Gate area) 
      Cumulative area ratio:    0.23
      Required ratio:    0.00 (Cumulative area) 

    Layer: met1
      Partial area ratio:    7.81
      Required ratio:    0.00 (Gate area) 
      Cumulative area ratio:    7.81
      Required ratio:    0.00 (Cumulative area) 
      Partial area ratio:   36.08
      Required ratio: 2956.40 (Side area) 
      Cumulative area ratio:   36.08
      Required ratio:    0.00 (Cumulative side area) 

    Layer: via
      Partial area ratio:    0.54
      Required ratio:   38.08 (Gate area) 
      Cumulative area ratio:    0.77
      Required ratio:    0.00 (Cumulative area) 

    Layer: met2
      Partial area ratio:    8.68
      Required ratio:    0.00 (Gate area) 
      Cumulative area ratio:   16.49
      Required ratio:    0.00 (Cumulative area) 
      Partial area ratio:   42.87
      Required ratio: 2956.40 (Side area) 
      Cumulative area ratio:   78.95
      Required ratio:    0.00 (Cumulative side area) 



Net: clk
  Pin:   clkbuf_0_clk/A (sky130_fd_sc_hd__clkbuf_16)
    Layer: mcon
      Partial area ratio:    0.03
      Required ratio:    3.00 (Gate area) 
      Cumulative area ratio:    0.03
      Required ratio:    0.00 (Cumulative area) 

    Layer: met1
      Partial area ratio:    0.73
      Required ratio:    0.00 (Gate area) 
      Cumulative area ratio:    0.73
      Required ratio:    0.00 (Cumulative area) 
      Partial area ratio:    3.42
      Required ratio:  400.00 (Side area) 
      Cumulative area ratio:    3.42
      Required ratio:    0.00 (Cumulative side area) 

    Layer: via
      Partial area ratio:    0.05
      Required ratio:    6.00 (Gate area) 
      Cumulative area ratio:    0.09
      Required ratio:    0.00 (Cumulative area) 

    Layer: met2
      Partial area ratio:    0.22
      Required ratio:    0.00 (Gate area) 
      Cumulative area ratio:    0.95
      Required ratio:    0.00 (Cumulative area) 
      Partial area ratio:    1.01
      Required ratio:  400.00 (Side area) 
      Cumulative area ratio:    4.43
      Required ratio:    0.00 (Cumulative side area) 

    Layer: via2
      Partial area ratio:    0.05
      Required ratio:    6.00 (Gate area) 
      Cumulative area ratio:    0.13
      Required ratio:    0.00 (Cumulative area) 

    Layer: met3
      Partial area ratio:   90.16
      Required ratio:    0.00 (Gate area) 
      Cumulative area ratio:   91.11
      Required ratio:    0.00 (Cumulative area) 
      Partial area ratio:  481.97
      Required ratio:  400.00 (Side area) (VIOLATED)
      Cumulative area ratio:  486.40
      Required ratio:    0.00 (Cumulative side area) 



Net: rd_ptr
  Pin:   _09076_/S (sky130_fd_sc_hd__mux2_1)
    Layer: mcon
      Partial area ratio:    0.11
      Required ratio:    3.00 (Gate area) 
      Cumulative area ratio:    0.11
      Required ratio:    0.00 (Cumulative area) 

    Layer: met1
      Partial area ratio:    2.34
      Required ratio:    0.00 (Gate area) 
      Cumulative area ratio:    2.34
      Required ratio:    0.00 (Cumulative area) 
      Partial area ratio:   10.97
      Required ratio:  400.00 (Side area) 
      Cumulative area ratio:   10.97
      Required ratio:    0.00 (Cumulative side area) 

    Layer: via
      Partial area ratio:    0.18
      Required ratio:    6.00 (Gate area) 
      Cumulative area ratio:    0.29
      Required ratio:    0.00 (Cumulative area) 

    Layer: met2
      Partial area ratio:    0.74
      Required ratio:    0.00 (Gate area) 
      Cumulative area ratio:    3.08
      Required ratio:    0.00 (Cumulative area) 
      Partial area ratio:    3.42
      Required ratio:  400.00 (Side area) 
      Cumulative area ratio:   14.38
      Required ratio:    0.00 (Cumulative side area) 

    Layer: via2
      Partial area ratio:    0.16
      Required ratio:    6.00 (Gate area) 
      Cumulative area ratio:    0.45
      Required ratio:    0.00 (Cumulative area) 

    Layer: met3
      Partial area ratio:  114.57
      Required ratio:    0.00 (Gate area) 
      Cumulative area ratio:  117.65
      Required ratio:    0.00 (Cumulative area) 
      Partial area ratio:  611.93
      Required ratio: 2956.40 (Side area) 
      Cumulative area ratio:  626.31
      Required ratio:    0.00 (Cumulative side area) 


  Pin:   fanout874/A (sky130_fd_sc_hd__clkbuf_8)
    Layer: mcon
      Partial area ratio:    0.07
      Required ratio:    3.00 (Gate area) 
      Cumulative area ratio:    0.07
      Required ratio:    0.00 (Cumulative area) 

    Layer: met1
      Partial area ratio:    1.11
      Required ratio:    0.00 (Gate area) 
      Cumulative area ratio:    1.11
      Required ratio:    0.00 (Cumulative area) 
      Partial area ratio:    5.12
      Required ratio:  400.00 (Side area) 
      Cumulative area ratio:    5.12
      Required ratio:    0.00 (Cumulative side area) 

    Layer: via
      Partial area ratio:    0.11
      Required ratio:    6.00 (Gate area) 
      Cumulative area ratio:    0.17
      Required ratio:    0.00 (Cumulative area) 

    Layer: met2
      Partial area ratio:    5.83
      Required ratio:    0.00 (Gate area) 
      Cumulative area ratio:    6.94
      Required ratio:    0.00 (Cumulative area) 
      Partial area ratio:   28.58
      Required ratio: 2956.40 (Side area) 
      Cumulative area ratio:   33.70
      Required ratio:    0.00 (Cumulative side area) 

    Layer: via2
      Partial area ratio:    0.07
      Required ratio:   38.08 (Gate area) 
      Cumulative area ratio:    0.24
      Required ratio:    0.00 (Cumulative area) 

    Layer: met3
      Partial area ratio:  114.57
      Required ratio:    0.00 (Gate area) 
      Cumulative area ratio:  121.51
      Required ratio:    0.00 (Cumulative area) 
      Partial area ratio:  611.93
      Required ratio: 2956.40 (Side area) 
      Cumulative area ratio:  645.63
      Required ratio:    0.00 (Cumulative side area) 


  Pin:   fanout878/A (sky130_fd_sc_hd__clkbuf_4)
    Layer: mcon
      Partial area ratio:    0.14
      Required ratio:    3.00 (Gate area) 
      Cumulative area ratio:    0.14
      Required ratio:    0.00 (Cumulative area) 

    Layer: met1
      Partial area ratio:    2.80
      Required ratio:    0.00 (Gate area) 
      Cumulative area ratio:    2.80
      Required ratio:    0.00 (Cumulative area) 
      Partial area ratio:   13.13
      Required ratio:  400.00 (Side area) 
      Cumulative area ratio:   13.13
      Required ratio:    0.00 (Cumulative side area) 

    Layer: via
      Partial area ratio:    0.21
      Required ratio:    6.00 (Gate area) 
      Cumulative area ratio:    0.35
      Required ratio:    0.00 (Cumulative area) 

    Layer: met2
      Partial area ratio:  164.55
      Required ratio:    0.00 (Gate area) 
      Cumulative area ratio:  167.35
      Required ratio:    0.00 (Cumulative area) 
      Partial area ratio:  821.15
      Required ratio:  400.00 (Side area) (VIOLATED)
      Cumulative area ratio:  834.28
      Required ratio:    0.00 (Cumulative side area) 

    Layer: via2
      Partial area ratio:    0.38
      Required ratio:    6.00 (Gate area) 
      Cumulative area ratio:    0.72
      Required ratio:    0.00 (Cumulative area) 

    Layer: met3
      Partial area ratio:  114.57
      Required ratio:    0.00 (Gate area) 
      Cumulative area ratio:  281.92
      Required ratio:    0.00 (Cumulative area) 
      Partial area ratio:  611.93
      Required ratio: 2956.40 (Side area) 
      Cumulative area ratio: 1446.21
      Required ratio:    0.00 (Cumulative side area) 


  Pin:   fanout883/A (sky130_fd_sc_hd__buf_2)
    Layer: mcon
      Partial area ratio:    0.18
      Required ratio:    3.00 (Gate area) 
      Cumulative area ratio:    0.18
      Required ratio:    0.00 (Cumulative area) 

    Layer: met1
      Partial area ratio:    3.66
      Required ratio:    0.00 (Gate area) 
      Cumulative area ratio:    3.66
      Required ratio:    0.00 (Cumulative area) 
      Partial area ratio:   17.12
      Required ratio:  400.00 (Side area) 
      Cumulative area ratio:   17.12
      Required ratio:    0.00 (Cumulative side area) 

    Layer: via
      Partial area ratio:    0.28
      Required ratio:    6.00 (Gate area) 
      Cumulative area ratio:    0.46
      Required ratio:    0.00 (Cumulative area) 

    Layer: met2
      Partial area ratio:    5.83
      Required ratio:    0.00 (Gate area) 
      Cumulative area ratio:    9.48
      Required ratio:    0.00 (Cumulative area) 
      Partial area ratio:   28.58
      Required ratio: 2956.40 (Side area) 
      Cumulative area ratio:   45.70
      Required ratio:    0.00 (Cumulative side area) 

    Layer: via2
      Partial area ratio:    0.07
      Required ratio:   38.08 (Gate area) 
      Cumulative area ratio:    0.53
      Required ratio:    0.00 (Cumulative area) 

    Layer: met3
      Partial area ratio:  114.57
      Required ratio:    0.00 (Gate area) 
      Cumulative area ratio:  124.05
      Required ratio:    0.00 (Cumulative area) 
      Partial area ratio:  611.93
      Required ratio: 2956.40 (Side area) 
      Cumulative area ratio:  657.63
      Required ratio:    0.00 (Cumulative side area) 



Net: u_array.a_h\[101\]
  Pin:   _12671_/A1 (sky130_fd_sc_hd__mux2_1)
    Layer: mcon
      Partial area ratio:    0.23
      Required ratio:    3.00 (Gate area) 
      Cumulative area ratio:    0.23
      Required ratio:    0.00 (Cumulative area) 

    Layer: met1
      Partial area ratio:  143.74
      Required ratio:    0.00 (Gate area) 
      Cumulative area ratio:  143.74
      Required ratio:    0.00 (Cumulative area) 
      Partial area ratio:  716.39
      Required ratio:  400.00 (Side area) (VIOLATED)
      Cumulative area ratio:  716.39
      Required ratio:    0.00 (Cumulative side area) 

    Layer: via
      Partial area ratio:    0.54
      Required ratio:    6.00 (Gate area) 
      Cumulative area ratio:    0.77
      Required ratio:    0.00 (Cumulative area) 

    Layer: met2
      Partial area ratio:   52.96
      Required ratio:    0.00 (Gate area) 
      Cumulative area ratio:  196.70
      Required ratio:    0.00 (Cumulative area) 
      Partial area ratio:  263.74
      Required ratio: 2778.20 (Side area) 
      Cumulative area ratio:  980.13
      Required ratio:    0.00 (Cumulative side area) 


  Pin:   _13205_/A0 (sky130_fd_sc_hd__mux2_1)
    Layer: mcon
      Partial area ratio:    0.23
      Required ratio:    3.00 (Gate area) 
      Cumulative area ratio:    0.23
      Required ratio:    0.00 (Cumulative area) 

    Layer: met1
      Partial area ratio:    6.71
      Required ratio:    0.00 (Gate area) 
      Cumulative area ratio:    6.71
      Required ratio:    0.00 (Cumulative area) 
      Partial area ratio:   32.07
      Required ratio:  400.00 (Side area) 
      Cumulative area ratio:   32.07
      Required ratio:    0.00 (Cumulative side area) 

    Layer: via
      Partial area ratio:    0.36
      Required ratio:    6.00 (Gate area) 
      Cumulative area ratio:    0.59
      Required ratio:    0.00 (Cumulative area) 

    Layer: met2
      Partial area ratio:   52.96
      Required ratio:    0.00 (Gate area) 
      Cumulative area ratio:   59.67
      Required ratio:    0.00 (Cumulative area) 
      Partial area ratio:  263.74
      Required ratio: 2778.20 (Side area) 
      Cumulative area ratio:  295.81
      Required ratio:    0.00 (Cumulative side area) 


  Pin:   fanout786/A (sky130_fd_sc_hd__dlymetal6s2s_1)
    Layer: mcon
      Partial area ratio:    0.23
      Required ratio:    3.00 (Gate area) 
      Cumulative area ratio:    0.23
      Required ratio:    0.00 (Cumulative area) 

    Layer: met1
      Partial area ratio:    4.77
      Required ratio:    0.00 (Gate area) 
      Cumulative area ratio:    4.77
      Required ratio:    0.00 (Cumulative area) 
      Partial area ratio:   22.39
      Required ratio:  400.00 (Side area) 
      Cumulative area ratio:   22.39
      Required ratio:    0.00 (Cumulative side area) 

    Layer: via
      Partial area ratio:    0.36
      Required ratio:    6.00 (Gate area) 
      Cumulative area ratio:    0.59
      Required ratio:    0.00 (Cumulative area) 

    Layer: met2
      Partial area ratio:   52.96
      Required ratio:    0.00 (Gate area) 
      Cumulative area ratio:   57.73
      Required ratio:    0.00 (Cumulative area) 
      Partial area ratio:  263.74
      Required ratio: 2778.20 (Side area) 
      Cumulative area ratio:  286.13
      Required ratio:    0.00 (Cumulative side area) 



Net: u_array.a_h\[103\]
  Pin:   _13207_/A0 (sky130_fd_sc_hd__mux2_1)
    Layer: mcon
      Partial area ratio:    0.23
      Required ratio:    3.00 (Gate area) 
      Cumulative area ratio:    0.23
      Required ratio:    0.00 (Cumulative area) 

    Layer: met1
      Partial area ratio:   10.46
      Required ratio:    0.00 (Gate area) 
      Cumulative area ratio:   10.46
      Required ratio:    0.00 (Cumulative area) 
      Partial area ratio:   49.42
      Required ratio: 2771.60 (Side area) 
      Cumulative area ratio:   49.42
      Required ratio:    0.00 (Cumulative side area) 

    Layer: via
      Partial area ratio:    0.54
      Required ratio:   21.44 (Gate area) 
      Cumulative area ratio:    0.77
      Required ratio:    0.00 (Cumulative area) 

    Layer: met2
      Partial area ratio:    2.14
      Required ratio:    0.00 (Gate area) 
      Cumulative area ratio:   12.60
      Required ratio:    0.00 (Cumulative area) 
      Partial area ratio:   10.06
      Required ratio: 2771.60 (Side area) 
      Cumulative area ratio:   59.47
      Required ratio:    0.00 (Cumulative side area) 

    Layer: via2
      Partial area ratio:    0.32
      Required ratio:   21.44 (Gate area) 
      Cumulative area ratio:    1.08
      Required ratio:    0.00 (Cumulative area) 

    Layer: met3
      Partial area ratio:  109.36
      Required ratio:    0.00 (Gate area) 
      Cumulative area ratio:  121.96
      Required ratio:    0.00 (Cumulative area) 
      Partial area ratio:  584.93
      Required ratio: 2771.60 (Side area) 
      Cumulative area ratio:  644.40
      Required ratio:    0.00 (Cumulative side area) 


  Pin:   fanout782/A (sky130_fd_sc_hd__buf_2)
    Layer: mcon
      Partial area ratio:    0.18
      Required ratio:    3.00 (Gate area) 
      Cumulative area ratio:    0.18
      Required ratio:    0.00 (Cumulative area) 

    Layer: met1
      Partial area ratio:   89.26
      Required ratio:    0.00 (Gate area) 
      Cumulative area ratio:   89.26
      Required ratio:    0.00 (Cumulative area) 
      Partial area ratio:  445.13
      Required ratio:  400.00 (Side area) (VIOLATED)
      Cumulative area ratio:  445.13
      Required ratio:    0.00 (Cumulative side area) 

    Layer: via
      Partial area ratio:    0.28
      Required ratio:    6.00 (Gate area) 
      Cumulative area ratio:    0.46
      Required ratio:    0.00 (Cumulative area) 

    Layer: met2
      Partial area ratio:    7.47
      Required ratio:    0.00 (Gate area) 
      Cumulative area ratio:   96.73
      Required ratio:    0.00 (Cumulative area) 
      Partial area ratio:   36.21
      Required ratio:  400.00 (Side area) 
      Cumulative area ratio:  481.34
      Required ratio:    0.00 (Cumulative side area) 

    Layer: via2
      Partial area ratio:    0.25
      Required ratio:    6.00 (Gate area) 
      Cumulative area ratio:    0.72
      Required ratio:    0.00 (Cumulative area) 

    Layer: met3
      Partial area ratio:  109.36
      Required ratio:    0.00 (Gate area) 
      Cumulative area ratio:  206.09
      Required ratio:    0.00 (Cumulative area) 
      Partial area ratio:  584.93
      Required ratio: 2771.60 (Side area) 
      Cumulative area ratio: 1066.26
      Required ratio:    0.00 (Cumulative side area) 



Net: u_array.a_h\[11\]
  Pin:   _17196_/A0 (sky130_fd_sc_hd__mux2_1)
    Layer: mcon
      Partial area ratio:    0.23
      Required ratio:    3.00 (Gate area) 
      Cumulative area ratio:    0.23
      Required ratio:    0.00 (Cumulative area) 

    Layer: met1
      Partial area ratio:  128.56
      Required ratio:    0.00 (Gate area) 
      Cumulative area ratio:  128.56
      Required ratio:    0.00 (Cumulative area) 
      Partial area ratio:  641.32
      Required ratio:  400.00 (Side area) (VIOLATED)
      Cumulative area ratio:  641.32
      Required ratio:    0.00 (Cumulative side area) 

    Layer: via
      Partial area ratio:    0.36
      Required ratio:    6.00 (Gate area) 
      Cumulative area ratio:    0.59
      Required ratio:    0.00 (Cumulative area) 

    Layer: met2
      Partial area ratio:   18.81
      Required ratio:    0.00 (Gate area) 
      Cumulative area ratio:  147.37
      Required ratio:    0.00 (Cumulative area) 
      Partial area ratio:   92.74
      Required ratio: 2771.60 (Side area) 
      Cumulative area ratio:  734.06
      Required ratio:    0.00 (Cumulative side area) 


  Pin:   fanout689/A (sky130_fd_sc_hd__buf_2)
    Layer: mcon
      Partial area ratio:    0.18
      Required ratio:    3.00 (Gate area) 
      Cumulative area ratio:    0.18
      Required ratio:    0.00 (Cumulative area) 

    Layer: met1
      Partial area ratio:    2.44
      Required ratio:    0.00 (Gate area) 
      Cumulative area ratio:    2.44
      Required ratio:    0.00 (Cumulative area) 
      Partial area ratio:   11.02
      Required ratio:  400.00 (Side area) 
      Cumulative area ratio:   11.02
      Required ratio:    0.00 (Cumulative side area) 

    Layer: via
      Partial area ratio:    0.28
      Required ratio:    6.00 (Gate area) 
      Cumulative area ratio:    0.46
      Required ratio:    0.00 (Cumulative area) 

    Layer: met2
      Partial area ratio:   18.81
      Required ratio:    0.00 (Gate area) 
      Cumulative area ratio:   21.25
      Required ratio:    0.00 (Cumulative area) 
      Partial area ratio:   92.74
      Required ratio: 2771.60 (Side area) 
      Cumulative area ratio:  103.76
      Required ratio:    0.00 (Cumulative side area) 



Net: u_array.a_h\[14\]
  Pin:   _17199_/A0 (sky130_fd_sc_hd__mux2_1)
    Layer: mcon
      Partial area ratio:    0.23
      Required ratio:    3.00 (Gate area) 
      Cumulative area ratio:    0.23
      Required ratio:    0.00 (Cumulative area) 

    Layer: met1
      Partial area ratio:  165.01
      Required ratio:    0.00 (Gate area) 
      Cumulative area ratio:  165.01
      Required ratio:    0.00 (Cumulative area) 
      Partial area ratio:  823.56
      Required ratio:  400.00 (Side area) (VIOLATED)
      Cumulative area ratio:  823.56
      Required ratio:    0.00 (Cumulative side area) 

    Layer: via
      Partial area ratio:    0.36
      Required ratio:    6.00 (Gate area) 
      Cumulative area ratio:    0.59
      Required ratio:    0.00 (Cumulative area) 

    Layer: met2
      Partial area ratio:   58.04
      Required ratio:    0.00 (Gate area) 
      Cumulative area ratio:  223.04
      Required ratio:    0.00 (Cumulative area) 
      Partial area ratio:  288.86
      Required ratio: 2778.20 (Side area) 
      Cumulative area ratio: 1112.42
      Required ratio:    0.00 (Cumulative side area) 

    Layer: via2
      Partial area ratio:    0.10
      Required ratio:   22.04 (Gate area) 
      Cumulative area ratio:    0.68
      Required ratio:    0.00 (Cumulative area) 

    Layer: met3
      Partial area ratio:   17.23
      Required ratio:    0.00 (Gate area) 
      Cumulative area ratio:  240.28
      Required ratio:    0.00 (Cumulative area) 
      Partial area ratio:   92.68
      Required ratio: 2778.20 (Side area) 
      Cumulative area ratio: 1205.10
      Required ratio:    0.00 (Cumulative side area) 


  Pin:   _17640_/A1 (sky130_fd_sc_hd__mux2_1)
    Layer: mcon
      Partial area ratio:    0.23
      Required ratio:    3.00 (Gate area) 
      Cumulative area ratio:    0.23
      Required ratio:    0.00 (Cumulative area) 

    Layer: met1
      Partial area ratio:   12.18
      Required ratio:    0.00 (Gate area) 
      Cumulative area ratio:   12.18
      Required ratio:    0.00 (Cumulative area) 
      Partial area ratio:   59.44
      Required ratio:  400.00 (Side area) 
      Cumulative area ratio:   59.44
      Required ratio:    0.00 (Cumulative side area) 

    Layer: via
      Partial area ratio:    0.36
      Required ratio:    6.00 (Gate area) 
      Cumulative area ratio:    0.59
      Required ratio:    0.00 (Cumulative area) 

    Layer: met2
      Partial area ratio:   58.04
      Required ratio:    0.00 (Gate area) 
      Cumulative area ratio:   70.22
      Required ratio:    0.00 (Cumulative area) 
      Partial area ratio:  288.86
      Required ratio: 2778.20 (Side area) 
      Cumulative area ratio:  348.31
      Required ratio:    0.00 (Cumulative side area) 

    Layer: via2
      Partial area ratio:    0.10
      Required ratio:   22.04 (Gate area) 
      Cumulative area ratio:    0.68
      Required ratio:    0.00 (Cumulative area) 

    Layer: met3
      Partial area ratio:   17.23
      Required ratio:    0.00 (Gate area) 
      Cumulative area ratio:   87.45
      Required ratio:    0.00 (Cumulative area) 
      Partial area ratio:   92.68
      Required ratio: 2778.20 (Side area) 
      Cumulative area ratio:  440.99
      Required ratio:    0.00 (Cumulative side area) 


  Pin:   fanout682/A (sky130_fd_sc_hd__buf_2)
    Layer: mcon
      Partial area ratio:    0.18
      Required ratio:    3.00 (Gate area) 
      Cumulative area ratio:    0.18
      Required ratio:    0.00 (Cumulative area) 

    Layer: met1
      Partial area ratio:    9.19
      Required ratio:    0.00 (Gate area) 
      Cumulative area ratio:    9.19
      Required ratio:    0.00 (Cumulative area) 
      Partial area ratio:   44.09
      Required ratio:  400.00 (Side area) 
      Cumulative area ratio:   44.09
      Required ratio:    0.00 (Cumulative side area) 

    Layer: via
      Partial area ratio:    0.42
      Required ratio:    6.00 (Gate area) 
      Cumulative area ratio:    0.61
      Required ratio:    0.00 (Cumulative area) 

    Layer: met2
      Partial area ratio:   58.04
      Required ratio:    0.00 (Gate area) 
      Cumulative area ratio:   67.23
      Required ratio:    0.00 (Cumulative area) 
      Partial area ratio:  288.86
      Required ratio: 2778.20 (Side area) 
      Cumulative area ratio:  332.96
      Required ratio:    0.00 (Cumulative side area) 

    Layer: via2
      Partial area ratio:    0.10
      Required ratio:   22.04 (Gate area) 
      Cumulative area ratio:    0.70
      Required ratio:    0.00 (Cumulative area) 

    Layer: met3
      Partial area ratio:   17.23
      Required ratio:    0.00 (Gate area) 
      Cumulative area ratio:   84.46
      Required ratio:    0.00 (Cumulative area) 
      Partial area ratio:   92.68
      Required ratio: 2778.20 (Side area) 
      Cumulative area ratio:  425.64
      Required ratio:    0.00 (Cumulative side area) 


  Pin:   fanout683/A (sky130_fd_sc_hd__buf_1)
    Layer: mcon
      Partial area ratio:    0.15
      Required ratio:    3.00 (Gate area) 
      Cumulative area ratio:    0.15
      Required ratio:    0.00 (Cumulative area) 

    Layer: met1
      Partial area ratio:    2.89
      Required ratio:    0.00 (Gate area) 
      Cumulative area ratio:    2.89
      Required ratio:    0.00 (Cumulative area) 
      Partial area ratio:   13.50
      Required ratio:  400.00 (Side area) 
      Cumulative area ratio:   13.50
      Required ratio:    0.00 (Cumulative side area) 

    Layer: via
      Partial area ratio:    0.23
      Required ratio:    6.00 (Gate area) 
      Cumulative area ratio:    0.38
      Required ratio:    0.00 (Cumulative area) 

    Layer: met2
      Partial area ratio:    0.95
      Required ratio:    0.00 (Gate area) 
      Cumulative area ratio:    3.84
      Required ratio:    0.00 (Cumulative area) 
      Partial area ratio:    4.38
      Required ratio:  400.00 (Side area) 
      Cumulative area ratio:   17.88
      Required ratio:    0.00 (Cumulative side area) 

    Layer: via2
      Partial area ratio:    0.20
      Required ratio:    6.00 (Gate area) 
      Cumulative area ratio:    0.58
      Required ratio:    0.00 (Cumulative area) 

    Layer: met3
      Partial area ratio:   17.23
      Required ratio:    0.00 (Gate area) 
      Cumulative area ratio:   21.07
      Required ratio:    0.00 (Cumulative area) 
      Partial area ratio:   92.68
      Required ratio: 2778.20 (Side area) 
      Cumulative area ratio:  110.56
      Required ratio:    0.00 (Cumulative side area) 



Net: u_array.a_h\[52\]
  Pin:   _15311_/A0 (sky130_fd_sc_hd__mux2_1)
    Layer: mcon
      Partial area ratio:    0.23
      Required ratio:    3.00 (Gate area) 
      Cumulative area ratio:    0.23
      Required ratio:    0.00 (Cumulative area) 

    Layer: met1
      Partial area ratio:    3.65
      Required ratio:    0.00 (Gate area) 
      Cumulative area ratio:    3.65
      Required ratio:    0.00 (Cumulative area) 
      Partial area ratio:   16.76
      Required ratio:  400.00 (Side area) 
      Cumulative area ratio:   16.76
      Required ratio:    0.00 (Cumulative side area) 

    Layer: via
      Partial area ratio:    0.36
      Required ratio:    6.00 (Gate area) 
      Cumulative area ratio:    0.59
      Required ratio:    0.00 (Cumulative area) 

    Layer: met2
      Partial area ratio:    1.48
      Required ratio:    0.00 (Gate area) 
      Cumulative area ratio:    5.13
      Required ratio:    0.00 (Cumulative area) 
      Partial area ratio:    6.83
      Required ratio:  400.00 (Side area) 
      Cumulative area ratio:   23.59
      Required ratio:    0.00 (Cumulative side area) 

    Layer: via2
      Partial area ratio:    0.32
      Required ratio:    6.00 (Gate area) 
      Cumulative area ratio:    0.90
      Required ratio:    0.00 (Cumulative area) 

    Layer: met3
      Partial area ratio:   83.13
      Required ratio:    0.00 (Gate area) 
      Cumulative area ratio:   88.26
      Required ratio:    0.00 (Cumulative area) 
      Partial area ratio:  447.05
      Required ratio:  400.00 (Side area) (VIOLATED)
      Cumulative area ratio:  470.64
      Required ratio:    0.00 (Cumulative side area) 

    Layer: via3
      Partial area ratio:    0.32
      Required ratio:    6.00 (Gate area) 
      Cumulative area ratio:    1.22
      Required ratio:    0.00 (Cumulative area) 

    Layer: met4
      Partial area ratio:   33.17
      Required ratio:    0.00 (Gate area) 
      Cumulative area ratio:  121.43
      Required ratio:    0.00 (Cumulative area) 
      Partial area ratio:  178.16
      Required ratio: 2778.20 (Side area) 
      Cumulative area ratio:  648.80
      Required ratio:    0.00 (Cumulative side area) 


  Pin:   _15832_/A1 (sky130_fd_sc_hd__mux2_1)
    Layer: mcon
      Partial area ratio:    0.23
      Required ratio:    3.00 (Gate area) 
      Cumulative area ratio:    0.23
      Required ratio:    0.00 (Cumulative area) 

    Layer: met1
      Partial area ratio:    9.75
      Required ratio:    0.00 (Gate area) 
      Cumulative area ratio:    9.75
      Required ratio:    0.00 (Cumulative area) 
      Partial area ratio:   47.28
      Required ratio:  400.00 (Side area) 
      Cumulative area ratio:   47.28
      Required ratio:    0.00 (Cumulative side area) 

    Layer: via
      Partial area ratio:    0.36
      Required ratio:    6.00 (Gate area) 
      Cumulative area ratio:    0.59
      Required ratio:    0.00 (Cumulative area) 

    Layer: met2
      Partial area ratio:   86.18
      Required ratio:    0.00 (Gate area) 
      Cumulative area ratio:   95.93
      Required ratio:    0.00 (Cumulative area) 
      Partial area ratio:  429.24
      Required ratio: 2778.20 (Side area) 
      Cumulative area ratio:  476.51
      Required ratio:    0.00 (Cumulative side area) 

    Layer: via2
      Partial area ratio:    0.16
      Required ratio:   22.04 (Gate area) 
      Cumulative area ratio:    0.75
      Required ratio:    0.00 (Cumulative area) 

    Layer: met3
      Partial area ratio:   74.42
      Required ratio:    0.00 (Gate area) 
      Cumulative area ratio:  170.35
      Required ratio:    0.00 (Cumulative area) 
      Partial area ratio:  398.76
      Required ratio: 2778.20 (Side area) 
      Cumulative area ratio:  875.28
      Required ratio:    0.00 (Cumulative side area) 

    Layer: via3
      Partial area ratio:    0.16
      Required ratio:   22.04 (Gate area) 
      Cumulative area ratio:    0.90
      Required ratio:    0.00 (Cumulative area) 

    Layer: met4
      Partial area ratio:   33.17
      Required ratio:    0.00 (Gate area) 
      Cumulative area ratio:  203.52
      Required ratio:    0.00 (Cumulative area) 
      Partial area ratio:  178.16
      Required ratio: 2778.20 (Side area) 
      Cumulative area ratio: 1053.43
      Required ratio:    0.00 (Cumulative side area) 


  Pin:   fanout728/A (sky130_fd_sc_hd__dlymetal6s2s_1)
    Layer: mcon
      Partial area ratio:    0.23
      Required ratio:    3.00 (Gate area) 
      Cumulative area ratio:    0.23
      Required ratio:    0.00 (Cumulative area) 

    Layer: met1
      Partial area ratio:    6.23
      Required ratio:    0.00 (Gate area) 
      Cumulative area ratio:    6.23
      Required ratio:    0.00 (Cumulative area) 
      Partial area ratio:   29.67
      Required ratio:  400.00 (Side area) 
      Cumulative area ratio:   29.67
      Required ratio:    0.00 (Cumulative side area) 

    Layer: via
      Partial area ratio:    0.36
      Required ratio:    6.00 (Gate area) 
      Cumulative area ratio:    0.59
      Required ratio:    0.00 (Cumulative area) 

    Layer: met2
      Partial area ratio:   86.18
      Required ratio:    0.00 (Gate area) 
      Cumulative area ratio:   92.41
      Required ratio:    0.00 (Cumulative area) 
      Partial area ratio:  429.24
      Required ratio: 2778.20 (Side area) 
      Cumulative area ratio:  458.90
      Required ratio:    0.00 (Cumulative side area) 

    Layer: via2
      Partial area ratio:    0.16
      Required ratio:   22.04 (Gate area) 
      Cumulative area ratio:    0.75
      Required ratio:    0.00 (Cumulative area) 

    Layer: met3
      Partial area ratio:   74.42
      Required ratio:    0.00 (Gate area) 
      Cumulative area ratio:  166.83
      Required ratio:    0.00 (Cumulative area) 
      Partial area ratio:  398.76
      Required ratio: 2778.20 (Side area) 
      Cumulative area ratio:  857.66
      Required ratio:    0.00 (Cumulative side area) 

    Layer: via3
      Partial area ratio:    0.16
      Required ratio:   22.04 (Gate area) 
      Cumulative area ratio:    0.90
      Required ratio:    0.00 (Cumulative area) 

    Layer: met4
      Partial area ratio:   33.17
      Required ratio:    0.00 (Gate area) 
      Cumulative area ratio:  200.00
      Required ratio:    0.00 (Cumulative area) 
      Partial area ratio:  178.16
      Required ratio: 2778.20 (Side area) 
      Cumulative area ratio: 1035.82
      Required ratio:    0.00 (Cumulative side area) 



Net: u_array.g_row\[2\].g_col\[1\].u_pe.ps_o\[16\]
  Pin:   _09366_/B (sky130_fd_sc_hd__and2_1)
    Layer: mcon
      Partial area ratio:    0.23
      Required ratio:    3.00 (Gate area) 
      Cumulative area ratio:    0.23
      Required ratio:    0.00 (Cumulative area) 

    Layer: met1
      Partial area ratio:    2.00
      Required ratio:    0.00 (Gate area) 
      Cumulative area ratio:    2.00
      Required ratio:    0.00 (Cumulative area) 
      Partial area ratio:    9.27
      Required ratio:  400.00 (Side area) 
      Cumulative area ratio:    9.27
      Required ratio:    0.00 (Cumulative side area) 

    Layer: via
      Partial area ratio:    0.14
      Required ratio:    6.00 (Gate area) 
      Cumulative area ratio:    0.37
      Required ratio:    0.00 (Cumulative area) 

    Layer: met2
      Partial area ratio:    3.22
      Required ratio:    0.00 (Gate area) 
      Cumulative area ratio:    5.22
      Required ratio:    0.00 (Cumulative area) 
      Partial area ratio:   15.50
      Required ratio:  400.00 (Side area) 
      Cumulative area ratio:   24.77
      Required ratio:    0.00 (Cumulative side area) 

    Layer: via2
      Partial area ratio:    0.11
      Required ratio:    6.00 (Gate area) 
      Cumulative area ratio:    0.48
      Required ratio:    0.00 (Cumulative area) 

    Layer: met3
      Partial area ratio:  177.68
      Required ratio:    0.00 (Gate area) 
      Cumulative area ratio:  182.90
      Required ratio:    0.00 (Cumulative area) 
      Partial area ratio:  948.88
      Required ratio:  400.00 (Side area) (VIOLATED)
      Cumulative area ratio:  973.65
      Required ratio:    0.00 (Cumulative side area) 

    Layer: via3
      Partial area ratio:    0.11
      Required ratio:    6.00 (Gate area) 
      Cumulative area ratio:    0.58
      Required ratio:    0.00 (Cumulative area) 

    Layer: met4
      Partial area ratio:    6.86
      Required ratio:    0.00 (Gate area) 
      Cumulative area ratio:  189.76
      Required ratio:    0.00 (Cumulative area) 
      Partial area ratio:   37.33
      Required ratio: 2778.20 (Side area) 
      Cumulative area ratio: 1010.98
      Required ratio:    0.00 (Cumulative side area) 


  Pin:   _09367_/B (sky130_fd_sc_hd__nor2_1)
    Layer: mcon
      Partial area ratio:    0.12
      Required ratio:    3.00 (Gate area) 
      Cumulative area ratio:    0.12
      Required ratio:    0.00 (Cumulative area) 

    Layer: met1
      Partial area ratio:    2.00
      Required ratio:    0.00 (Gate area) 
      Cumulative area ratio:    2.00
      Required ratio:    0.00 (Cumulative area) 
      Partial area ratio:    9.27
      Required ratio:  400.00 (Side area) 
      Cumulative area ratio:    9.27
      Required ratio:    0.00 (Cumulative side area) 

    Layer: via
      Partial area ratio:    0.14
      Required ratio:    6.00 (Gate area) 
      Cumulative area ratio:    0.26
      Required ratio:    0.00 (Cumulative area) 

    Layer: met2
      Partial area ratio:    3.22
      Required ratio:    0.00 (Gate area) 
      Cumulative area ratio:    5.22
      Required ratio:    0.00 (Cumulative area) 
      Partial area ratio:   15.50
      Required ratio:  400.00 (Side area) 
      Cumulative area ratio:   24.77
      Required ratio:    0.00 (Cumulative side area) 

    Layer: via2
      Partial area ratio:    0.11
      Required ratio:    6.00 (Gate area) 
      Cumulative area ratio:    0.36
      Required ratio:    0.00 (Cumulative area) 

    Layer: met3
      Partial area ratio:  177.68
      Required ratio:    0.00 (Gate area) 
      Cumulative area ratio:  182.90
      Required ratio:    0.00 (Cumulative area) 
      Partial area ratio:  948.88
      Required ratio:  400.00 (Side area) (VIOLATED)
      Cumulative area ratio:  973.65
      Required ratio:    0.00 (Cumulative side area) 

    Layer: via3
      Partial area ratio:    0.11
      Required ratio:    6.00 (Gate area) 
      Cumulative area ratio:    0.47
      Required ratio:    0.00 (Cumulative area) 

    Layer: met4
      Partial area ratio:    6.86
      Required ratio:    0.00 (Gate area) 
      Cumulative area ratio:  189.76
      Required ratio:    0.00 (Cumulative area) 
      Partial area ratio:   37.33
      Required ratio: 2778.20 (Side area) 
      Cumulative area ratio: 1010.98
      Required ratio:    0.00 (Cumulative side area) 


  Pin:   _13703_/A1 (sky130_fd_sc_hd__a22o_1)
    Layer: mcon
      Partial area ratio:    0.12
      Required ratio:    3.00 (Gate area) 
      Cumulative area ratio:    0.12
      Required ratio:    0.00 (Cumulative area) 

    Layer: met1
      Partial area ratio:    9.48
      Required ratio:    0.00 (Gate area) 
      Cumulative area ratio:    9.48
      Required ratio:    0.00 (Cumulative area) 
      Partial area ratio:   46.30
      Required ratio: 2778.20 (Side area) 
      Cumulative area ratio:   46.30
      Required ratio:    0.00 (Cumulative side area) 

    Layer: via
      Partial area ratio:    0.20
      Required ratio:   22.04 (Gate area) 
      Cumulative area ratio:    0.32
      Required ratio:    0.00 (Cumulative area) 

    Layer: met2
      Partial area ratio:    0.79
      Required ratio:    0.00 (Gate area) 
      Cumulative area ratio:   10.27
      Required ratio:    0.00 (Cumulative area) 
      Partial area ratio:    3.56
      Required ratio: 2778.20 (Side area) 
      Cumulative area ratio:   49.86
      Required ratio:    0.00 (Cumulative side area) 

    Layer: via2
      Partial area ratio:    0.16
      Required ratio:   22.04 (Gate area) 
      Cumulative area ratio:    0.48
      Required ratio:    0.00 (Cumulative area) 

    Layer: met3
      Partial area ratio:   17.23
      Required ratio:    0.00 (Gate area) 
      Cumulative area ratio:   27.50
      Required ratio:    0.00 (Cumulative area) 
      Partial area ratio:   93.77
      Required ratio: 2778.20 (Side area) 
      Cumulative area ratio:  143.63
      Required ratio:    0.00 (Cumulative side area) 

    Layer: via3
      Partial area ratio:    0.16
      Required ratio:   22.04 (Gate area) 
      Cumulative area ratio:    0.64
      Required ratio:    0.00 (Cumulative area) 

    Layer: met4
      Partial area ratio:    6.86
      Required ratio:    0.00 (Gate area) 
      Cumulative area ratio:   34.36
      Required ratio:    0.00 (Cumulative area) 
      Partial area ratio:   37.33
      Required ratio: 2778.20 (Side area) 
      Cumulative area ratio:  180.96
      Required ratio:    0.00 (Cumulative side area) 



Net: u_array.g_row\[2\].g_col\[3\].u_pe.ps_o\[2\]
  Pin:   _09490_/A (sky130_fd_sc_hd__nand2_1)
    Layer: mcon
      Partial area ratio:    0.12
      Required ratio:    3.00 (Gate area) 
      Cumulative area ratio:    0.12
      Required ratio:    0.00 (Cumulative area) 

    Layer: met1
      Partial area ratio:    1.25
      Required ratio:    0.00 (Gate area) 
      Cumulative area ratio:    1.25
      Required ratio:    0.00 (Cumulative area) 
      Partial area ratio:    5.85
      Required ratio:  400.00 (Side area) 
      Cumulative area ratio:    5.85
      Required ratio:    0.00 (Cumulative side area) 

    Layer: via
      Partial area ratio:    0.12
      Required ratio:    6.00 (Gate area) 
      Cumulative area ratio:    0.23
      Required ratio:    0.00 (Cumulative area) 

    Layer: met2
      Partial area ratio:   10.76
      Required ratio:    0.00 (Gate area) 
      Cumulative area ratio:   12.01
      Required ratio:    0.00 (Cumulative area) 
      Partial area ratio:   52.98
      Required ratio: 2771.60 (Side area) 
      Cumulative area ratio:   58.82
      Required ratio:    0.00 (Cumulative side area) 


  Pin:   _09491_/A (sky130_fd_sc_hd__or2_1)
    Layer: mcon
      Partial area ratio:    0.23
      Required ratio:    3.00 (Gate area) 
      Cumulative area ratio:    0.23
      Required ratio:    0.00 (Cumulative area) 

    Layer: met1
      Partial area ratio:  102.46
      Required ratio:    0.00 (Gate area) 
      Cumulative area ratio:  102.46
      Required ratio:    0.00 (Cumulative area) 
      Partial area ratio:  510.51
      Required ratio:  400.00 (Side area) (VIOLATED)
      Cumulative area ratio:  510.51
      Required ratio:    0.00 (Cumulative side area) 

    Layer: via
      Partial area ratio:    0.54
      Required ratio:    6.00 (Gate area) 
      Cumulative area ratio:    0.77
      Required ratio:    0.00 (Cumulative area) 

    Layer: met2
      Partial area ratio:   10.76
      Required ratio:    0.00 (Gate area) 
      Cumulative area ratio:  113.22
      Required ratio:    0.00 (Cumulative area) 
      Partial area ratio:   52.98
      Required ratio: 2771.60 (Side area) 
      Cumulative area ratio:  563.49
      Required ratio:    0.00 (Cumulative side area) 


  Pin:   _12547_/A (sky130_fd_sc_hd__and2_1)
    Layer: mcon
      Partial area ratio:    0.23
      Required ratio:    3.00 (Gate area) 
      Cumulative area ratio:    0.23
      Required ratio:    0.00 (Cumulative area) 

    Layer: met1
      Partial area ratio:    5.95
      Required ratio:    0.00 (Gate area) 
      Cumulative area ratio:    5.95
      Required ratio:    0.00 (Cumulative area) 
      Partial area ratio:   28.29
      Required ratio:  400.00 (Side area) 
      Cumulative area ratio:   28.29
      Required ratio:    0.00 (Cumulative side area) 

    Layer: via
      Partial area ratio:    0.36
      Required ratio:    6.00 (Gate area) 
      Cumulative area ratio:    0.59
      Required ratio:    0.00 (Cumulative area) 

    Layer: met2
      Partial area ratio:   10.76
      Required ratio:    0.00 (Gate area) 
      Cumulative area ratio:   16.71
      Required ratio:    0.00 (Cumulative area) 
      Partial area ratio:   52.98
      Required ratio: 2771.60 (Side area) 
      Cumulative area ratio:   81.27
      Required ratio:    0.00 (Cumulative side area) 



Net: net41
  Pin:   _10604_/A0 (sky130_fd_sc_hd__mux2_1)
    Layer: mcon
      Partial area ratio:    0.23
      Required ratio:    3.00 (Gate area) 
      Cumulative area ratio:    0.23
      Required ratio:    0.00 (Cumulative area) 

    Layer: met1
      Partial area ratio:    3.70
      Required ratio:    0.00 (Gate area) 
      Cumulative area ratio:    3.70
      Required ratio:    0.00 (Cumulative area) 
      Partial area ratio:   17.02
      Required ratio:  400.00 (Side area) 
      Cumulative area ratio:   17.02
      Required ratio:    0.00 (Cumulative side area) 

    Layer: via
      Partial area ratio:    0.36
      Required ratio:    6.00 (Gate area) 
      Cumulative area ratio:    0.59
      Required ratio:    0.00 (Cumulative area) 

    Layer: met2
      Partial area ratio:   33.88
      Required ratio:    0.00 (Gate area) 
      Cumulative area ratio:   37.58
      Required ratio:    0.00 (Cumulative area) 
      Partial area ratio:  168.65
      Required ratio: 2918.08 (Side area) 
      Cumulative area ratio:  185.67
      Required ratio:    0.00 (Cumulative side area) 


  Pin:   _11533_/A0 (sky130_fd_sc_hd__mux2_1)
    Layer: mcon
      Partial area ratio:    0.23
      Required ratio:    3.00 (Gate area) 
      Cumulative area ratio:    0.23
      Required ratio:    0.00 (Cumulative area) 

    Layer: met1
      Partial area ratio:  144.11
      Required ratio:    0.00 (Gate area) 
      Cumulative area ratio:  144.11
      Required ratio:    0.00 (Cumulative area) 
      Partial area ratio:  718.21
      Required ratio:  400.00 (Side area) (VIOLATED)
      Cumulative area ratio:  718.21
      Required ratio:    0.00 (Cumulative side area) 

    Layer: via
      Partial area ratio:    0.54
      Required ratio:    6.00 (Gate area) 
      Cumulative area ratio:    0.77
      Required ratio:    0.00 (Cumulative area) 

    Layer: met2
      Partial area ratio:   33.88
      Required ratio:    0.00 (Gate area) 
      Cumulative area ratio:  177.99
      Required ratio:    0.00 (Cumulative area) 
      Partial area ratio:  168.65
      Required ratio: 2918.08 (Side area) 
      Cumulative area ratio:  886.86
      Required ratio:    0.00 (Cumulative side area) 


  Pin:   _12663_/A0 (sky130_fd_sc_hd__mux2_1)
    Layer: mcon
      Partial area ratio:    0.23
      Required ratio:    3.00 (Gate area) 
      Cumulative area ratio:    0.23
      Required ratio:    0.00 (Cumulative area) 

    Layer: met1
      Partial area ratio:    5.84
      Required ratio:    0.00 (Gate area) 
      Cumulative area ratio:    5.84
      Required ratio:    0.00 (Cumulative area) 
      Partial area ratio:   27.74
      Required ratio:  400.00 (Side area) 
      Cumulative area ratio:   27.74
      Required ratio:    0.00 (Cumulative side area) 

    Layer: via
      Partial area ratio:    0.36
      Required ratio:    6.00 (Gate area) 
      Cumulative area ratio:    0.59
      Required ratio:    0.00 (Cumulative area) 

    Layer: met2
      Partial area ratio:   33.88
      Required ratio:    0.00 (Gate area) 
      Cumulative area ratio:   39.73
      Required ratio:    0.00 (Cumulative area) 
      Partial area ratio:  168.65
      Required ratio: 2918.08 (Side area) 
      Cumulative area ratio:  196.39
      Required ratio:    0.00 (Cumulative side area) 


  Pin:   _13590_/A1 (sky130_fd_sc_hd__mux2_1)
    Layer: mcon
      Partial area ratio:    0.23
      Required ratio:    3.00 (Gate area) 
      Cumulative area ratio:    0.23
      Required ratio:    0.00 (Cumulative area) 

    Layer: met1
      Partial area ratio:   10.52
      Required ratio:    0.00 (Gate area) 
      Cumulative area ratio:   10.52
      Required ratio:    0.00 (Cumulative area) 
      Partial area ratio:   51.11
      Required ratio:  400.00 (Side area) 
      Cumulative area ratio:   51.11
      Required ratio:    0.00 (Cumulative side area) 

    Layer: via
      Partial area ratio:    0.36
      Required ratio:    6.00 (Gate area) 
      Cumulative area ratio:    0.59
      Required ratio:    0.00 (Cumulative area) 

    Layer: met2
      Partial area ratio:   33.88
      Required ratio:    0.00 (Gate area) 
      Cumulative area ratio:   44.40
      Required ratio:    0.00 (Cumulative area) 
      Partial area ratio:  168.65
      Required ratio: 2918.08 (Side area) 
      Cumulative area ratio:  219.76
      Required ratio:    0.00 (Cumulative side area) 


  Pin:   _14766_/A0 (sky130_fd_sc_hd__mux2_1)
    Layer: mcon
      Partial area ratio:    0.23
      Required ratio:    3.00 (Gate area) 
      Cumulative area ratio:    0.23
      Required ratio:    0.00 (Cumulative area) 

    Layer: met1
      Partial area ratio:   11.57
      Required ratio:    0.00 (Gate area) 
      Cumulative area ratio:   11.57
      Required ratio:    0.00 (Cumulative area) 
      Partial area ratio:   55.97
      Required ratio:  400.00 (Side area) 
      Cumulative area ratio:   55.97
      Required ratio:    0.00 (Cumulative side area) 

    Layer: via
      Partial area ratio:    0.36
      Required ratio:    6.00 (Gate area) 
      Cumulative area ratio:    0.59
      Required ratio:    0.00 (Cumulative area) 

    Layer: met2
      Partial area ratio:   33.88
      Required ratio:    0.00 (Gate area) 
      Cumulative area ratio:   45.45
      Required ratio:    0.00 (Cumulative area) 
      Partial area ratio:  168.65
      Required ratio: 2918.08 (Side area) 
      Cumulative area ratio:  224.63
      Required ratio:    0.00 (Cumulative side area) 


  Pin:   _15712_/A1 (sky130_fd_sc_hd__mux2_1)
    Layer: mcon
      Partial area ratio:    0.23
      Required ratio:    3.00 (Gate area) 
      Cumulative area ratio:    0.23
      Required ratio:    0.00 (Cumulative area) 

    Layer: met1
      Partial area ratio:   11.57
      Required ratio:    0.00 (Gate area) 
      Cumulative area ratio:   11.57
      Required ratio:    0.00 (Cumulative area) 
      Partial area ratio:   55.97
      Required ratio:  400.00 (Side area) 
      Cumulative area ratio:   55.97
      Required ratio:    0.00 (Cumulative side area) 

    Layer: via
      Partial area ratio:    0.36
      Required ratio:    6.00 (Gate area) 
      Cumulative area ratio:    0.59
      Required ratio:    0.00 (Cumulative area) 

    Layer: met2
      Partial area ratio:   33.88
      Required ratio:    0.00 (Gate area) 
      Cumulative area ratio:   45.45
      Required ratio:    0.00 (Cumulative area) 
      Partial area ratio:  168.65
      Required ratio: 2918.08 (Side area) 
      Cumulative area ratio:  224.63
      Required ratio:    0.00 (Cumulative side area) 


  Pin:   _16766_/A0 (sky130_fd_sc_hd__mux2_1)
    Layer: mcon
      Partial area ratio:    0.23
      Required ratio:    3.00 (Gate area) 
      Cumulative area ratio:    0.23
      Required ratio:    0.00 (Cumulative area) 

    Layer: met1
      Partial area ratio:   34.54
      Required ratio:    0.00 (Gate area) 
      Cumulative area ratio:   34.54
      Required ratio:    0.00 (Cumulative area) 
      Partial area ratio:  170.83
      Required ratio:  400.00 (Side area) 
      Cumulative area ratio:  170.83
      Required ratio:    0.00 (Cumulative side area) 

    Layer: via
      Partial area ratio:    0.36
      Required ratio:    6.00 (Gate area) 
      Cumulative area ratio:    0.59
      Required ratio:    0.00 (Cumulative area) 

    Layer: met2
      Partial area ratio:   33.88
      Required ratio:    0.00 (Gate area) 
      Cumulative area ratio:   68.42
      Required ratio:    0.00 (Cumulative area) 
      Partial area ratio:  168.65
      Required ratio: 2918.08 (Side area) 
      Cumulative area ratio:  339.49
      Required ratio:    0.00 (Cumulative side area) 


  Pin:   _17614_/A1 (sky130_fd_sc_hd__mux2_1)
    Layer: mcon
      Partial area ratio:    0.23
      Required ratio:    3.00 (Gate area) 
      Cumulative area ratio:    0.23
      Required ratio:    0.00 (Cumulative area) 

    Layer: met1
      Partial area ratio:   34.54
      Required ratio:    0.00 (Gate area) 
      Cumulative area ratio:   34.54
      Required ratio:    0.00 (Cumulative area) 
      Partial area ratio:  170.83
      Required ratio:  400.00 (Side area) 
      Cumulative area ratio:  170.83
      Required ratio:    0.00 (Cumulative side area) 

    Layer: via
      Partial area ratio:    0.36
      Required ratio:    6.00 (Gate area) 
      Cumulative area ratio:    0.59
      Required ratio:    0.00 (Cumulative area) 

    Layer: met2
      Partial area ratio:   33.88
      Required ratio:    0.00 (Gate area) 
      Cumulative area ratio:   68.42
      Required ratio:    0.00 (Cumulative area) 
      Partial area ratio:  168.65
      Required ratio: 2918.08 (Side area) 
      Cumulative area ratio:  339.49
      Required ratio:    0.00 (Cumulative side area) 



Net: net43
  Pin:   _10606_/A0 (sky130_fd_sc_hd__mux2_1)
    Layer: mcon
      Partial area ratio:    0.23
      Required ratio:    3.00 (Gate area) 
      Cumulative area ratio:    0.23
      Required ratio:    0.00 (Cumulative area) 

    Layer: met1
      Partial area ratio:   89.10
      Required ratio:    0.00 (Gate area) 
      Cumulative area ratio:   89.10
      Required ratio:    0.00 (Cumulative area) 
      Partial area ratio:  444.07
      Required ratio:  400.00 (Side area) (VIOLATED)
      Cumulative area ratio:  444.07
      Required ratio:    0.00 (Cumulative side area) 

    Layer: via
      Partial area ratio:    0.27
      Required ratio:    6.00 (Gate area) 
      Cumulative area ratio:    0.50
      Required ratio:    0.00 (Cumulative area) 

    Layer: met2
      Partial area ratio:   30.79
      Required ratio:    0.00 (Gate area) 
      Cumulative area ratio:  119.89
      Required ratio:    0.00 (Cumulative area) 
      Partial area ratio:  152.91
      Required ratio: 2956.40 (Side area) 
      Cumulative area ratio:  596.99
      Required ratio:    0.00 (Cumulative side area) 


  Pin:   _11535_/A0 (sky130_fd_sc_hd__mux2_1)
    Layer: mcon
      Partial area ratio:    0.23
      Required ratio:    3.00 (Gate area) 
      Cumulative area ratio:    0.23
      Required ratio:    0.00 (Cumulative area) 

    Layer: met1
      Partial area ratio:   89.10
      Required ratio:    0.00 (Gate area) 
      Cumulative area ratio:   89.10
      Required ratio:    0.00 (Cumulative area) 
      Partial area ratio:  444.07
      Required ratio:  400.00 (Side area) (VIOLATED)
      Cumulative area ratio:  444.07
      Required ratio:    0.00 (Cumulative side area) 

    Layer: via
      Partial area ratio:    0.27
      Required ratio:    6.00 (Gate area) 
      Cumulative area ratio:    0.50
      Required ratio:    0.00 (Cumulative area) 

    Layer: met2
      Partial area ratio:   30.79
      Required ratio:    0.00 (Gate area) 
      Cumulative area ratio:  119.89
      Required ratio:    0.00 (Cumulative area) 
      Partial area ratio:  152.91
      Required ratio: 2956.40 (Side area) 
      Cumulative area ratio:  596.99
      Required ratio:    0.00 (Cumulative side area) 


  Pin:   _12665_/A0 (sky130_fd_sc_hd__mux2_1)
    Layer: mcon
      Partial area ratio:    0.23
      Required ratio:    3.00 (Gate area) 
      Cumulative area ratio:    0.23
      Required ratio:    0.00 (Cumulative area) 

    Layer: met1
      Partial area ratio:    3.86
      Required ratio:    0.00 (Gate area) 
      Cumulative area ratio:    3.86
      Required ratio:    0.00 (Cumulative area) 
      Partial area ratio:   18.43
      Required ratio:  400.00 (Side area) 
      Cumulative area ratio:   18.43
      Required ratio:    0.00 (Cumulative side area) 

    Layer: via
      Partial area ratio:    0.25
      Required ratio:    6.00 (Gate area) 
      Cumulative area ratio:    0.48
      Required ratio:    0.00 (Cumulative area) 

    Layer: met2
      Partial area ratio:   30.79
      Required ratio:    0.00 (Gate area) 
      Cumulative area ratio:   34.66
      Required ratio:    0.00 (Cumulative area) 
      Partial area ratio:  152.91
      Required ratio: 2956.40 (Side area) 
      Cumulative area ratio:  171.34
      Required ratio:    0.00 (Cumulative side area) 


  Pin:   _13592_/A1 (sky130_fd_sc_hd__mux2_1)
    Layer: mcon
      Partial area ratio:    0.23
      Required ratio:    3.00 (Gate area) 
      Cumulative area ratio:    0.23
      Required ratio:    0.00 (Cumulative area) 

    Layer: met1
      Partial area ratio:    3.80
      Required ratio:    0.00 (Gate area) 
      Cumulative area ratio:    3.80
      Required ratio:    0.00 (Cumulative area) 
      Partial area ratio:   17.94
      Required ratio:  400.00 (Side area) 
      Cumulative area ratio:   17.94
      Required ratio:    0.00 (Cumulative side area) 

    Layer: via
      Partial area ratio:    0.29
      Required ratio:    6.00 (Gate area) 
      Cumulative area ratio:    0.52
      Required ratio:    0.00 (Cumulative area) 

    Layer: met2
      Partial area ratio:   30.79
      Required ratio:    0.00 (Gate area) 
      Cumulative area ratio:   34.59
      Required ratio:    0.00 (Cumulative area) 
      Partial area ratio:  152.91
      Required ratio: 2956.40 (Side area) 
      Cumulative area ratio:  170.86
      Required ratio:    0.00 (Cumulative side area) 


  Pin:   _14768_/A0 (sky130_fd_sc_hd__mux2_1)
    Layer: mcon
      Partial area ratio:    0.23
      Required ratio:    3.00 (Gate area) 
      Cumulative area ratio:    0.23
      Required ratio:    0.00 (Cumulative area) 

    Layer: met1
      Partial area ratio:    5.54
      Required ratio:    0.00 (Gate area) 
      Cumulative area ratio:    5.54
      Required ratio:    0.00 (Cumulative area) 
      Partial area ratio:   26.21
      Required ratio:  400.00 (Side area) 
      Cumulative area ratio:   26.21
      Required ratio:    0.00 (Cumulative side area) 

    Layer: via
      Partial area ratio:    0.36
      Required ratio:    6.00 (Gate area) 
      Cumulative area ratio:    0.59
      Required ratio:    0.00 (Cumulative area) 

    Layer: met2
      Partial area ratio:   30.79
      Required ratio:    0.00 (Gate area) 
      Cumulative area ratio:   36.33
      Required ratio:    0.00 (Cumulative area) 
      Partial area ratio:  152.91
      Required ratio: 2956.40 (Side area) 
      Cumulative area ratio:  179.12
      Required ratio:    0.00 (Cumulative side area) 


  Pin:   _15714_/A1 (sky130_fd_sc_hd__mux2_1)
    Layer: mcon
      Partial area ratio:    0.23
      Required ratio:    3.00 (Gate area) 
      Cumulative area ratio:    0.23
      Required ratio:    0.00 (Cumulative area) 

    Layer: met1
      Partial area ratio:    3.64
      Required ratio:    0.00 (Gate area) 
      Cumulative area ratio:    3.64
      Required ratio:    0.00 (Cumulative area) 
      Partial area ratio:   17.17
      Required ratio:  400.00 (Side area) 
      Cumulative area ratio:   17.17
      Required ratio:    0.00 (Cumulative side area) 

    Layer: via
      Partial area ratio:    0.29
      Required ratio:    6.00 (Gate area) 
      Cumulative area ratio:    0.52
      Required ratio:    0.00 (Cumulative area) 

    Layer: met2
      Partial area ratio:   30.79
      Required ratio:    0.00 (Gate area) 
      Cumulative area ratio:   34.44
      Required ratio:    0.00 (Cumulative area) 
      Partial area ratio:  152.91
      Required ratio: 2956.40 (Side area) 
      Cumulative area ratio:  170.08
      Required ratio:    0.00 (Cumulative side area) 


  Pin:   _16768_/A0 (sky130_fd_sc_hd__mux2_1)
    Layer: mcon
      Partial area ratio:    0.23
      Required ratio:    3.00 (Gate area) 
      Cumulative area ratio:    0.23
      Required ratio:    0.00 (Cumulative area) 

    Layer: met1
      Partial area ratio:   37.80
      Required ratio:    0.00 (Gate area) 
      Cumulative area ratio:   37.80
      Required ratio:    0.00 (Cumulative area) 
      Partial area ratio:  187.37
      Required ratio:  400.00 (Side area) 
      Cumulative area ratio:  187.37
      Required ratio:    0.00 (Cumulative side area) 

    Layer: via
      Partial area ratio:    0.36
      Required ratio:    6.00 (Gate area) 
      Cumulative area ratio:    0.59
      Required ratio:    0.00 (Cumulative area) 

    Layer: met2
      Partial area ratio:   30.79
      Required ratio:    0.00 (Gate area) 
      Cumulative area ratio:   68.59
      Required ratio:    0.00 (Cumulative area) 
      Partial area ratio:  152.91
      Required ratio: 2956.40 (Side area) 
      Cumulative area ratio:  340.28
      Required ratio:    0.00 (Cumulative side area) 


  Pin:   _17616_/A1 (sky130_fd_sc_hd__mux2_1)
    Layer: mcon
      Partial area ratio:    0.23
      Required ratio:    3.00 (Gate area) 
      Cumulative area ratio:    0.23
      Required ratio:    0.00 (Cumulative area) 

    Layer: met1
      Partial area ratio:   37.80
      Required ratio:    0.00 (Gate area) 
      Cumulative area ratio:   37.80
      Required ratio:    0.00 (Cumulative area) 
      Partial area ratio:  187.37
      Required ratio:  400.00 (Side area) 
      Cumulative area ratio:  187.37
      Required ratio:    0.00 (Cumulative side area) 

    Layer: via
      Partial area ratio:    0.36
      Required ratio:    6.00 (Gate area) 
      Cumulative area ratio:    0.59
      Required ratio:    0.00 (Cumulative area) 

    Layer: met2
      Partial area ratio:   30.79
      Required ratio:    0.00 (Gate area) 
      Cumulative area ratio:   68.59
      Required ratio:    0.00 (Cumulative area) 
      Partial area ratio:  152.91
      Required ratio: 2956.40 (Side area) 
      Cumulative area ratio:  340.28
      Required ratio:    0.00 (Cumulative side area) 



Net: net54
  Pin:   _09547_/A0 (sky130_fd_sc_hd__mux2_1)
    Layer: mcon
      Partial area ratio:    0.23
      Required ratio:    3.00 (Gate area) 
      Cumulative area ratio:    0.23
      Required ratio:    0.00 (Cumulative area) 

    Layer: met1
      Partial area ratio:    6.03
      Required ratio:    0.00 (Gate area) 
      Cumulative area ratio:    6.03
      Required ratio:    0.00 (Cumulative area) 
      Partial area ratio:   28.28
      Required ratio:  400.00 (Side area) 
      Cumulative area ratio:   28.28
      Required ratio:    0.00 (Cumulative side area) 

    Layer: via
      Partial area ratio:    0.36
      Required ratio:    6.00 (Gate area) 
      Cumulative area ratio:    0.59
      Required ratio:    0.00 (Cumulative area) 

    Layer: met2
      Partial area ratio:   20.71
      Required ratio:    0.00 (Gate area) 
      Cumulative area ratio:   26.74
      Required ratio:    0.00 (Cumulative area) 
      Partial area ratio:  102.54
      Required ratio: 2918.08 (Side area) 
      Cumulative area ratio:  130.82
      Required ratio:    0.00 (Cumulative side area) 


  Pin:   _10504_/A0 (sky130_fd_sc_hd__mux2_1)
    Layer: mcon
      Partial area ratio:    0.23
      Required ratio:    3.00 (Gate area) 
      Cumulative area ratio:    0.23
      Required ratio:    0.00 (Cumulative area) 

    Layer: met1
      Partial area ratio:    6.03
      Required ratio:    0.00 (Gate area) 
      Cumulative area ratio:    6.03
      Required ratio:    0.00 (Cumulative area) 
      Partial area ratio:   28.28
      Required ratio:  400.00 (Side area) 
      Cumulative area ratio:   28.28
      Required ratio:    0.00 (Cumulative side area) 

    Layer: via
      Partial area ratio:    0.36
      Required ratio:    6.00 (Gate area) 
      Cumulative area ratio:    0.59
      Required ratio:    0.00 (Cumulative area) 

    Layer: met2
      Partial area ratio:   20.71
      Required ratio:    0.00 (Gate area) 
      Cumulative area ratio:   26.74
      Required ratio:    0.00 (Cumulative area) 
      Partial area ratio:  102.54
      Required ratio: 2918.08 (Side area) 
      Cumulative area ratio:  130.82
      Required ratio:    0.00 (Cumulative side area) 


  Pin:   _11627_/A0 (sky130_fd_sc_hd__mux2_1)
    Layer: mcon
      Partial area ratio:    0.23
      Required ratio:    3.00 (Gate area) 
      Cumulative area ratio:    0.23
      Required ratio:    0.00 (Cumulative area) 

    Layer: met1
      Partial area ratio:    8.62
      Required ratio:    0.00 (Gate area) 
      Cumulative area ratio:    8.62
      Required ratio:    0.00 (Cumulative area) 
      Partial area ratio:   41.21
      Required ratio:  400.00 (Side area) 
      Cumulative area ratio:   41.21
      Required ratio:    0.00 (Cumulative side area) 

    Layer: via
      Partial area ratio:    0.36
      Required ratio:    6.00 (Gate area) 
      Cumulative area ratio:    0.59
      Required ratio:    0.00 (Cumulative area) 

    Layer: met2
      Partial area ratio:   20.71
      Required ratio:    0.00 (Gate area) 
      Cumulative area ratio:   29.32
      Required ratio:    0.00 (Cumulative area) 
      Partial area ratio:  102.54
      Required ratio: 2918.08 (Side area) 
      Cumulative area ratio:  143.76
      Required ratio:    0.00 (Cumulative side area) 


  Pin:   _12532_/A1 (sky130_fd_sc_hd__mux2_1)
    Layer: mcon
      Partial area ratio:    0.23
      Required ratio:    3.00 (Gate area) 
      Cumulative area ratio:    0.23
      Required ratio:    0.00 (Cumulative area) 

    Layer: met1
      Partial area ratio:    8.62
      Required ratio:    0.00 (Gate area) 
      Cumulative area ratio:    8.62
      Required ratio:    0.00 (Cumulative area) 
      Partial area ratio:   41.21
      Required ratio:  400.00 (Side area) 
      Cumulative area ratio:   41.21
      Required ratio:    0.00 (Cumulative side area) 

    Layer: via
      Partial area ratio:    0.36
      Required ratio:    6.00 (Gate area) 
      Cumulative area ratio:    0.59
      Required ratio:    0.00 (Cumulative area) 

    Layer: met2
      Partial area ratio:   20.71
      Required ratio:    0.00 (Gate area) 
      Cumulative area ratio:   29.32
      Required ratio:    0.00 (Cumulative area) 
      Partial area ratio:  102.54
      Required ratio: 2918.08 (Side area) 
      Cumulative area ratio:  143.76
      Required ratio:    0.00 (Cumulative side area) 


  Pin:   _13711_/A0 (sky130_fd_sc_hd__mux2_1)
    Layer: mcon
      Partial area ratio:    0.23
      Required ratio:    3.00 (Gate area) 
      Cumulative area ratio:    0.23
      Required ratio:    0.00 (Cumulative area) 

    Layer: met1
      Partial area ratio:  111.59
      Required ratio:    0.00 (Gate area) 
      Cumulative area ratio:  111.59
      Required ratio:    0.00 (Cumulative area) 
      Partial area ratio:  555.60
      Required ratio:  400.00 (Side area) (VIOLATED)
      Cumulative area ratio:  555.60
      Required ratio:    0.00 (Cumulative side area) 

    Layer: via
      Partial area ratio:    0.54
      Required ratio:    6.00 (Gate area) 
      Cumulative area ratio:    0.77
      Required ratio:    0.00 (Cumulative area) 

    Layer: met2
      Partial area ratio:   20.71
      Required ratio:    0.00 (Gate area) 
      Cumulative area ratio:  132.30
      Required ratio:    0.00 (Cumulative area) 
      Partial area ratio:  102.54
      Required ratio: 2918.08 (Side area) 
      Cumulative area ratio:  658.14
      Required ratio:    0.00 (Cumulative side area) 


  Pin:   _14648_/A1 (sky130_fd_sc_hd__mux2_1)
    Layer: mcon
      Partial area ratio:    0.23
      Required ratio:    3.00 (Gate area) 
      Cumulative area ratio:    0.23
      Required ratio:    0.00 (Cumulative area) 

    Layer: met1
      Partial area ratio:    2.60
      Required ratio:    0.00 (Gate area) 
      Cumulative area ratio:    2.60
      Required ratio:    0.00 (Cumulative area) 
      Partial area ratio:   12.06
      Required ratio:  400.00 (Side area) 
      Cumulative area ratio:   12.06
      Required ratio:    0.00 (Cumulative side area) 

    Layer: via
      Partial area ratio:    0.36
      Required ratio:    6.00 (Gate area) 
      Cumulative area ratio:    0.59
      Required ratio:    0.00 (Cumulative area) 

    Layer: met2
      Partial area ratio:   20.71
      Required ratio:    0.00 (Gate area) 
      Cumulative area ratio:   23.31
      Required ratio:    0.00 (Cumulative area) 
      Partial area ratio:  102.54
      Required ratio: 2918.08 (Side area) 
      Cumulative area ratio:  114.60
      Required ratio:    0.00 (Cumulative side area) 


  Pin:   _15821_/A0 (sky130_fd_sc_hd__mux2_1)
    Layer: mcon
      Partial area ratio:    0.23
      Required ratio:    3.00 (Gate area) 
      Cumulative area ratio:    0.23
      Required ratio:    0.00 (Cumulative area) 

    Layer: met1
      Partial area ratio:   12.40
      Required ratio:    0.00 (Gate area) 
      Cumulative area ratio:   12.40
      Required ratio:    0.00 (Cumulative area) 
      Partial area ratio:   60.54
      Required ratio:  400.00 (Side area) 
      Cumulative area ratio:   60.54
      Required ratio:    0.00 (Cumulative side area) 

    Layer: via
      Partial area ratio:    0.36
      Required ratio:    6.00 (Gate area) 
      Cumulative area ratio:    0.59
      Required ratio:    0.00 (Cumulative area) 

    Layer: met2
      Partial area ratio:   20.71
      Required ratio:    0.00 (Gate area) 
      Cumulative area ratio:   33.11
      Required ratio:    0.00 (Cumulative area) 
      Partial area ratio:  102.54
      Required ratio: 2918.08 (Side area) 
      Cumulative area ratio:  163.08
      Required ratio:    0.00 (Cumulative side area) 


  Pin:   _16738_/A1 (sky130_fd_sc_hd__mux2_1)
    Layer: mcon
      Partial area ratio:    0.23
      Required ratio:    3.00 (Gate area) 
      Cumulative area ratio:    0.23
      Required ratio:    0.00 (Cumulative area) 

    Layer: met1
      Partial area ratio:    4.91
      Required ratio:    0.00 (Gate area) 
      Cumulative area ratio:    4.91
      Required ratio:    0.00 (Cumulative area) 
      Partial area ratio:   23.06
      Required ratio:  400.00 (Side area) 
      Cumulative area ratio:   23.06
      Required ratio:    0.00 (Cumulative side area) 

    Layer: via
      Partial area ratio:    0.36
      Required ratio:    6.00 (Gate area) 
      Cumulative area ratio:    0.59
      Required ratio:    0.00 (Cumulative area) 

    Layer: met2
      Partial area ratio:   20.71
      Required ratio:    0.00 (Gate area) 
      Cumulative area ratio:   25.62
      Required ratio:    0.00 (Cumulative area) 
      Partial area ratio:  102.54
      Required ratio: 2918.08 (Side area) 
      Cumulative area ratio:  125.60
      Required ratio:    0.00 (Cumulative side area) 



Net: net56
  Pin:   _09549_/A0 (sky130_fd_sc_hd__mux2_1)
    Layer: mcon
      Partial area ratio:    0.23
      Required ratio:    3.00 (Gate area) 
      Cumulative area ratio:    0.23
      Required ratio:    0.00 (Cumulative area) 

    Layer: met1
      Partial area ratio:    2.42
      Required ratio:    0.00 (Gate area) 
      Cumulative area ratio:    2.42
      Required ratio:    0.00 (Cumulative area) 
      Partial area ratio:   11.21
      Required ratio:  400.00 (Side area) 
      Cumulative area ratio:   11.21
      Required ratio:    0.00 (Cumulative side area) 

    Layer: via
      Partial area ratio:    0.25
      Required ratio:    6.00 (Gate area) 
      Cumulative area ratio:    0.48
      Required ratio:    0.00 (Cumulative area) 

    Layer: met2
      Partial area ratio:   22.15
      Required ratio:    0.00 (Gate area) 
      Cumulative area ratio:   24.57
      Required ratio:    0.00 (Cumulative area) 
      Partial area ratio:  109.98
      Required ratio: 2918.08 (Side area) 
      Cumulative area ratio:  121.19
      Required ratio:    0.00 (Cumulative side area) 


  Pin:   _10506_/A0 (sky130_fd_sc_hd__mux2_1)
    Layer: mcon
      Partial area ratio:    0.23
      Required ratio:    3.00 (Gate area) 
      Cumulative area ratio:    0.23
      Required ratio:    0.00 (Cumulative area) 

    Layer: met1
      Partial area ratio:  159.98
      Required ratio:    0.00 (Gate area) 
      Cumulative area ratio:  159.98
      Required ratio:    0.00 (Cumulative area) 
      Partial area ratio:  797.62
      Required ratio: 2918.08 (Side area) 
      Cumulative area ratio:  797.62
      Required ratio:    0.00 (Cumulative side area) 

    Layer: via
      Partial area ratio:    0.42
      Required ratio:   34.63 (Gate area) 
      Cumulative area ratio:    0.65
      Required ratio:    0.00 (Cumulative area) 

    Layer: met2
      Partial area ratio:   22.15
      Required ratio:    0.00 (Gate area) 
      Cumulative area ratio:  182.13
      Required ratio:    0.00 (Cumulative area) 
      Partial area ratio:  109.98
      Required ratio: 2918.08 (Side area) 
      Cumulative area ratio:  907.60
      Required ratio:    0.00 (Cumulative side area) 


  Pin:   _11629_/A0 (sky130_fd_sc_hd__mux2_1)
    Layer: mcon
      Partial area ratio:    0.23
      Required ratio:    3.00 (Gate area) 
      Cumulative area ratio:    0.23
      Required ratio:    0.00 (Cumulative area) 

    Layer: met1
      Partial area ratio:    3.75
      Required ratio:    0.00 (Gate area) 
      Cumulative area ratio:    3.75
      Required ratio:    0.00 (Cumulative area) 
      Partial area ratio:   17.87
      Required ratio:  400.00 (Side area) 
      Cumulative area ratio:   17.87
      Required ratio:    0.00 (Cumulative side area) 

    Layer: via
      Partial area ratio:    0.25
      Required ratio:    6.00 (Gate area) 
      Cumulative area ratio:    0.48
      Required ratio:    0.00 (Cumulative area) 

    Layer: met2
      Partial area ratio:   22.15
      Required ratio:    0.00 (Gate area) 
      Cumulative area ratio:   25.91
      Required ratio:    0.00 (Cumulative area) 
      Partial area ratio:  109.98
      Required ratio: 2918.08 (Side area) 
      Cumulative area ratio:  127.85
      Required ratio:    0.00 (Cumulative side area) 


  Pin:   _12534_/A1 (sky130_fd_sc_hd__mux2_1)
    Layer: mcon
      Partial area ratio:    0.23
      Required ratio:    3.00 (Gate area) 
      Cumulative area ratio:    0.23
      Required ratio:    0.00 (Cumulative area) 

    Layer: met1
      Partial area ratio:  118.02
      Required ratio:    0.00 (Gate area) 
      Cumulative area ratio:  118.02
      Required ratio:    0.00 (Cumulative area) 
      Partial area ratio:  586.89
      Required ratio:  400.00 (Side area) (VIOLATED)
      Cumulative area ratio:  586.89
      Required ratio:    0.00 (Cumulative side area) 

    Layer: via
      Partial area ratio:    0.71
      Required ratio:    6.00 (Gate area) 
      Cumulative area ratio:    0.94
      Required ratio:    0.00 (Cumulative area) 

    Layer: met2
      Partial area ratio:   22.15
      Required ratio:    0.00 (Gate area) 
      Cumulative area ratio:  140.17
      Required ratio:    0.00 (Cumulative area) 
      Partial area ratio:  109.98
      Required ratio: 2918.08 (Side area) 
      Cumulative area ratio:  696.87
      Required ratio:    0.00 (Cumulative side area) 


  Pin:   _13713_/A0 (sky130_fd_sc_hd__mux2_1)
    Layer: mcon
      Partial area ratio:    0.23
      Required ratio:    3.00 (Gate area) 
      Cumulative area ratio:    0.23
      Required ratio:    0.00 (Cumulative area) 

    Layer: met1
      Partial area ratio:   13.92
      Required ratio:    0.00 (Gate area) 
      Cumulative area ratio:   13.92
      Required ratio:    0.00 (Cumulative area) 
      Partial area ratio:   67.79
      Required ratio:  400.00 (Side area) 
      Cumulative area ratio:   67.79
      Required ratio:    0.00 (Cumulative side area) 

    Layer: via
      Partial area ratio:    0.36
      Required ratio:    6.00 (Gate area) 
      Cumulative area ratio:    0.59
      Required ratio:    0.00 (Cumulative area) 

    Layer: met2
      Partial area ratio:   22.15
      Required ratio:    0.00 (Gate area) 
      Cumulative area ratio:   36.08
      Required ratio:    0.00 (Cumulative area) 
      Partial area ratio:  109.98
      Required ratio: 2918.08 (Side area) 
      Cumulative area ratio:  177.77
      Required ratio:    0.00 (Cumulative side area) 


  Pin:   _14650_/A1 (sky130_fd_sc_hd__mux2_1)
    Layer: mcon
      Partial area ratio:    0.23
      Required ratio:    3.00 (Gate area) 
      Cumulative area ratio:    0.23
      Required ratio:    0.00 (Cumulative area) 

    Layer: met1
      Partial area ratio:   13.92
      Required ratio:    0.00 (Gate area) 
      Cumulative area ratio:   13.92
      Required ratio:    0.00 (Cumulative area) 
      Partial area ratio:   67.79
      Required ratio:  400.00 (Side area) 
      Cumulative area ratio:   67.79
      Required ratio:    0.00 (Cumulative side area) 

    Layer: via
      Partial area ratio:    0.36
      Required ratio:    6.00 (Gate area) 
      Cumulative area ratio:    0.59
      Required ratio:    0.00 (Cumulative area) 

    Layer: met2
      Partial area ratio:   22.15
      Required ratio:    0.00 (Gate area) 
      Cumulative area ratio:   36.08
      Required ratio:    0.00 (Cumulative area) 
      Partial area ratio:  109.98
      Required ratio: 2918.08 (Side area) 
      Cumulative area ratio:  177.77
      Required ratio:    0.00 (Cumulative side area) 


  Pin:   _15823_/A0 (sky130_fd_sc_hd__mux2_1)
    Layer: mcon
      Partial area ratio:    0.23
      Required ratio:    3.00 (Gate area) 
      Cumulative area ratio:    0.23
      Required ratio:    0.00 (Cumulative area) 

    Layer: met1
      Partial area ratio:    4.82
      Required ratio:    0.00 (Gate area) 
      Cumulative area ratio:    4.82
      Required ratio:    0.00 (Cumulative area) 
      Partial area ratio:   22.65
      Required ratio:  400.00 (Side area) 
      Cumulative area ratio:   22.65
      Required ratio:    0.00 (Cumulative side area) 

    Layer: via
      Partial area ratio:    0.27
      Required ratio:    6.00 (Gate area) 
      Cumulative area ratio:    0.50
      Required ratio:    0.00 (Cumulative area) 

    Layer: met2
      Partial area ratio:   22.15
      Required ratio:    0.00 (Gate area) 
      Cumulative area ratio:   26.97
      Required ratio:    0.00 (Cumulative area) 
      Partial area ratio:  109.98
      Required ratio: 2918.08 (Side area) 
      Cumulative area ratio:  132.63
      Required ratio:    0.00 (Cumulative side area) 


  Pin:   _16740_/A1 (sky130_fd_sc_hd__mux2_1)
    Layer: mcon
      Partial area ratio:    0.23
      Required ratio:    3.00 (Gate area) 
      Cumulative area ratio:    0.23
      Required ratio:    0.00 (Cumulative area) 

    Layer: met1
      Partial area ratio:    4.82
      Required ratio:    0.00 (Gate area) 
      Cumulative area ratio:    4.82
      Required ratio:    0.00 (Cumulative area) 
      Partial area ratio:   22.65
      Required ratio:  400.00 (Side area) 
      Cumulative area ratio:   22.65
      Required ratio:    0.00 (Cumulative side area) 

    Layer: via
      Partial area ratio:    0.27
      Required ratio:    6.00 (Gate area) 
      Cumulative area ratio:    0.50
      Required ratio:    0.00 (Cumulative area) 

    Layer: met2
      Partial area ratio:   22.15
      Required ratio:    0.00 (Gate area) 
      Cumulative area ratio:   26.97
      Required ratio:    0.00 (Cumulative area) 
      Partial area ratio:  109.98
      Required ratio: 2918.08 (Side area) 
      Cumulative area ratio:  132.63
      Required ratio:    0.00 (Cumulative side area) 



Net: net57
  Pin:   _09550_/A0 (sky130_fd_sc_hd__mux2_1)
    Layer: mcon
      Partial area ratio:    0.23
      Required ratio:    3.00 (Gate area) 
      Cumulative area ratio:    0.23
      Required ratio:    0.00 (Cumulative area) 

    Layer: met1
      Partial area ratio:    3.84
      Required ratio:    0.00 (Gate area) 
      Cumulative area ratio:    3.84
      Required ratio:    0.00 (Cumulative area) 
      Partial area ratio:   17.74
      Required ratio:  400.00 (Side area) 
      Cumulative area ratio:   17.74
      Required ratio:    0.00 (Cumulative side area) 

    Layer: via
      Partial area ratio:    0.36
      Required ratio:    6.00 (Gate area) 
      Cumulative area ratio:    0.59
      Required ratio:    0.00 (Cumulative area) 

    Layer: met2
      Partial area ratio:   29.41
      Required ratio:    0.00 (Gate area) 
      Cumulative area ratio:   33.25
      Required ratio:    0.00 (Cumulative area) 
      Partial area ratio:  145.75
      Required ratio: 2956.40 (Side area) 
      Cumulative area ratio:  163.49
      Required ratio:    0.00 (Cumulative side area) 

    Layer: via2
      Partial area ratio:    0.11
      Required ratio:   38.08 (Gate area) 
      Cumulative area ratio:    0.69
      Required ratio:    0.00 (Cumulative area) 

    Layer: met3
      Partial area ratio:    2.17
      Required ratio:    0.00 (Gate area) 
      Cumulative area ratio:   35.42
      Required ratio:    0.00 (Cumulative area) 
      Partial area ratio:   12.05
      Required ratio: 2956.40 (Side area) 
      Cumulative area ratio:  175.54
      Required ratio:    0.00 (Cumulative side area) 


  Pin:   _10507_/A0 (sky130_fd_sc_hd__mux2_1)
    Layer: mcon
      Partial area ratio:    0.23
      Required ratio:    3.00 (Gate area) 
      Cumulative area ratio:    0.23
      Required ratio:    0.00 (Cumulative area) 

    Layer: met1
      Partial area ratio:    5.59
      Required ratio:    0.00 (Gate area) 
      Cumulative area ratio:    5.59
      Required ratio:    0.00 (Cumulative area) 
      Partial area ratio:   26.49
      Required ratio:  400.00 (Side area) 
      Cumulative area ratio:   26.49
      Required ratio:    0.00 (Cumulative side area) 

    Layer: via
      Partial area ratio:    0.36
      Required ratio:    6.00 (Gate area) 
      Cumulative area ratio:    0.59
      Required ratio:    0.00 (Cumulative area) 

    Layer: met2
      Partial area ratio:   29.41
      Required ratio:    0.00 (Gate area) 
      Cumulative area ratio:   35.00
      Required ratio:    0.00 (Cumulative area) 
      Partial area ratio:  145.75
      Required ratio: 2956.40 (Side area) 
      Cumulative area ratio:  172.24
      Required ratio:    0.00 (Cumulative side area) 

    Layer: via2
      Partial area ratio:    0.11
      Required ratio:   38.08 (Gate area) 
      Cumulative area ratio:    0.69
      Required ratio:    0.00 (Cumulative area) 

    Layer: met3
      Partial area ratio:    2.17
      Required ratio:    0.00 (Gate area) 
      Cumulative area ratio:   37.17
      Required ratio:    0.00 (Cumulative area) 
      Partial area ratio:   12.05
      Required ratio: 2956.40 (Side area) 
      Cumulative area ratio:  184.29
      Required ratio:    0.00 (Cumulative side area) 


  Pin:   _11630_/A0 (sky130_fd_sc_hd__mux2_1)
    Layer: mcon
      Partial area ratio:    0.23
      Required ratio:    3.00 (Gate area) 
      Cumulative area ratio:    0.23
      Required ratio:    0.00 (Cumulative area) 

    Layer: met1
      Partial area ratio:    5.42
      Required ratio:    0.00 (Gate area) 
      Cumulative area ratio:    5.42
      Required ratio:    0.00 (Cumulative area) 
      Partial area ratio:   25.63
      Required ratio:  400.00 (Side area) 
      Cumulative area ratio:   25.63
      Required ratio:    0.00 (Cumulative side area) 

    Layer: via
      Partial area ratio:    0.36
      Required ratio:    6.00 (Gate area) 
      Cumulative area ratio:    0.59
      Required ratio:    0.00 (Cumulative area) 

    Layer: met2
      Partial area ratio:   18.00
      Required ratio:    0.00 (Gate area) 
      Cumulative area ratio:   23.42
      Required ratio:    0.00 (Cumulative area) 
      Partial area ratio:   89.29
      Required ratio:  400.00 (Side area) 
      Cumulative area ratio:  114.92
      Required ratio:    0.00 (Cumulative side area) 

    Layer: via2
      Partial area ratio:    0.06
      Required ratio:    6.00 (Gate area) 
      Cumulative area ratio:    0.65
      Required ratio:    0.00 (Cumulative area) 

    Layer: met3
      Partial area ratio:    2.17
      Required ratio:    0.00 (Gate area) 
      Cumulative area ratio:   25.59
      Required ratio:    0.00 (Cumulative area) 
      Partial area ratio:   12.05
      Required ratio: 2956.40 (Side area) 
      Cumulative area ratio:  126.97
      Required ratio:    0.00 (Cumulative side area) 


  Pin:   _12535_/A1 (sky130_fd_sc_hd__mux2_1)
    Layer: mcon
      Partial area ratio:    0.23
      Required ratio:    3.00 (Gate area) 
      Cumulative area ratio:    0.23
      Required ratio:    0.00 (Cumulative area) 

    Layer: met1
      Partial area ratio:    4.01
      Required ratio:    0.00 (Gate area) 
      Cumulative area ratio:    4.01
      Required ratio:    0.00 (Cumulative area) 
      Partial area ratio:   19.00
      Required ratio:  400.00 (Side area) 
      Cumulative area ratio:   19.00
      Required ratio:    0.00 (Cumulative side area) 

    Layer: via
      Partial area ratio:    0.29
      Required ratio:    6.00 (Gate area) 
      Cumulative area ratio:    0.52
      Required ratio:    0.00 (Cumulative area) 

    Layer: met2
      Partial area ratio:   29.41
      Required ratio:    0.00 (Gate area) 
      Cumulative area ratio:   33.42
      Required ratio:    0.00 (Cumulative area) 
      Partial area ratio:  145.75
      Required ratio: 2956.40 (Side area) 
      Cumulative area ratio:  164.75
      Required ratio:    0.00 (Cumulative side area) 

    Layer: via2
      Partial area ratio:    0.11
      Required ratio:   38.08 (Gate area) 
      Cumulative area ratio:    0.62
      Required ratio:    0.00 (Cumulative area) 

    Layer: met3
      Partial area ratio:    2.17
      Required ratio:    0.00 (Gate area) 
      Cumulative area ratio:   35.59
      Required ratio:    0.00 (Cumulative area) 
      Partial area ratio:   12.05
      Required ratio: 2956.40 (Side area) 
      Cumulative area ratio:  176.80
      Required ratio:    0.00 (Cumulative side area) 


  Pin:   _13714_/A0 (sky130_fd_sc_hd__mux2_1)
    Layer: mcon
      Partial area ratio:    0.23
      Required ratio:    3.00 (Gate area) 
      Cumulative area ratio:    0.23
      Required ratio:    0.00 (Cumulative area) 

    Layer: met1
      Partial area ratio:  153.01
      Required ratio:    0.00 (Gate area) 
      Cumulative area ratio:  153.01
      Required ratio:    0.00 (Cumulative area) 
      Partial area ratio:  762.74
      Required ratio:  400.00 (Side area) (VIOLATED)
      Cumulative area ratio:  762.74
      Required ratio:    0.00 (Cumulative side area) 

    Layer: via
      Partial area ratio:    0.54
      Required ratio:    6.00 (Gate area) 
      Cumulative area ratio:    0.77
      Required ratio:    0.00 (Cumulative area) 

    Layer: met2
      Partial area ratio:   18.00
      Required ratio:    0.00 (Gate area) 
      Cumulative area ratio:  171.01
      Required ratio:    0.00 (Cumulative area) 
      Partial area ratio:   89.29
      Required ratio:  400.00 (Side area) 
      Cumulative area ratio:  852.03
      Required ratio:    0.00 (Cumulative side area) 

    Layer: via2
      Partial area ratio:    0.06
      Required ratio:    6.00 (Gate area) 
      Cumulative area ratio:    0.83
      Required ratio:    0.00 (Cumulative area) 

    Layer: met3
      Partial area ratio:    2.17
      Required ratio:    0.00 (Gate area) 
      Cumulative area ratio:  173.19
      Required ratio:    0.00 (Cumulative area) 
      Partial area ratio:   12.05
      Required ratio: 2956.40 (Side area) 
      Cumulative area ratio:  864.08
      Required ratio:    0.00 (Cumulative side area) 


  Pin:   _14651_/A1 (sky130_fd_sc_hd__mux2_1)
    Layer: mcon
      Partial area ratio:    0.23
      Required ratio:    3.00 (Gate area) 
      Cumulative area ratio:    0.23
      Required ratio:    0.00 (Cumulative area) 

    Layer: met1
      Partial area ratio:    5.37
      Required ratio:    0.00 (Gate area) 
      Cumulative area ratio:    5.37
      Required ratio:    0.00 (Cumulative area) 
      Partial area ratio:   25.39
      Required ratio:  400.00 (Side area) 
      Cumulative area ratio:   25.39
      Required ratio:    0.00 (Cumulative side area) 

    Layer: via
      Partial area ratio:    0.36
      Required ratio:    6.00 (Gate area) 
      Cumulative area ratio:    0.59
      Required ratio:    0.00 (Cumulative area) 

    Layer: met2
      Partial area ratio:   18.00
      Required ratio:    0.00 (Gate area) 
      Cumulative area ratio:   23.37
      Required ratio:    0.00 (Cumulative area) 
      Partial area ratio:   89.29
      Required ratio:  400.00 (Side area) 
      Cumulative area ratio:  114.68
      Required ratio:    0.00 (Cumulative side area) 

    Layer: via2
      Partial area ratio:    0.06
      Required ratio:    6.00 (Gate area) 
      Cumulative area ratio:    0.65
      Required ratio:    0.00 (Cumulative area) 

    Layer: met3
      Partial area ratio:    2.17
      Required ratio:    0.00 (Gate area) 
      Cumulative area ratio:   25.54
      Required ratio:    0.00 (Cumulative area) 
      Partial area ratio:   12.05
      Required ratio: 2956.40 (Side area) 
      Cumulative area ratio:  126.73
      Required ratio:    0.00 (Cumulative side area) 


  Pin:   _15824_/A0 (sky130_fd_sc_hd__mux2_1)
    Layer: mcon
      Partial area ratio:    0.23
      Required ratio:    3.00 (Gate area) 
      Cumulative area ratio:    0.23
      Required ratio:    0.00 (Cumulative area) 

    Layer: met1
      Partial area ratio:    5.61
      Required ratio:    0.00 (Gate area) 
      Cumulative area ratio:    5.61
      Required ratio:    0.00 (Cumulative area) 
      Partial area ratio:   26.62
      Required ratio:  400.00 (Side area) 
      Cumulative area ratio:   26.62
      Required ratio:    0.00 (Cumulative side area) 

    Layer: via
      Partial area ratio:    0.27
      Required ratio:    6.00 (Gate area) 
      Cumulative area ratio:    0.50
      Required ratio:    0.00 (Cumulative area) 

    Layer: met2
      Partial area ratio:   18.00
      Required ratio:    0.00 (Gate area) 
      Cumulative area ratio:   23.61
      Required ratio:    0.00 (Cumulative area) 
      Partial area ratio:   89.29
      Required ratio:  400.00 (Side area) 
      Cumulative area ratio:  115.92
      Required ratio:    0.00 (Cumulative side area) 

    Layer: via2
      Partial area ratio:    0.06
      Required ratio:    6.00 (Gate area) 
      Cumulative area ratio:    0.56
      Required ratio:    0.00 (Cumulative area) 

    Layer: met3
      Partial area ratio:    2.17
      Required ratio:    0.00 (Gate area) 
      Cumulative area ratio:   25.78
      Required ratio:    0.00 (Cumulative area) 
      Partial area ratio:   12.05
      Required ratio: 2956.40 (Side area) 
      Cumulative area ratio:  127.97
      Required ratio:    0.00 (Cumulative side area) 


  Pin:   _16741_/A1 (sky130_fd_sc_hd__mux2_1)
    Layer: mcon
      Partial area ratio:    0.23
      Required ratio:    3.00 (Gate area) 
      Cumulative area ratio:    0.23
      Required ratio:    0.00 (Cumulative area) 

    Layer: met1
      Partial area ratio:    5.61
      Required ratio:    0.00 (Gate area) 
      Cumulative area ratio:    5.61
      Required ratio:    0.00 (Cumulative area) 
      Partial area ratio:   26.62
      Required ratio:  400.00 (Side area) 
      Cumulative area ratio:   26.62
      Required ratio:    0.00 (Cumulative side area) 

    Layer: via
      Partial area ratio:    0.27
      Required ratio:    6.00 (Gate area) 
      Cumulative area ratio:    0.50
      Required ratio:    0.00 (Cumulative area) 

    Layer: met2
      Partial area ratio:   18.00
      Required ratio:    0.00 (Gate area) 
      Cumulative area ratio:   23.61
      Required ratio:    0.00 (Cumulative area) 
      Partial area ratio:   89.29
      Required ratio:  400.00 (Side area) 
      Cumulative area ratio:  115.92
      Required ratio:    0.00 (Cumulative side area) 

    Layer: via2
      Partial area ratio:    0.06
      Required ratio:    6.00 (Gate area) 
      Cumulative area ratio:    0.56
      Required ratio:    0.00 (Cumulative area) 

    Layer: met3
      Partial area ratio:    2.17
      Required ratio:    0.00 (Gate area) 
      Cumulative area ratio:   25.78
      Required ratio:    0.00 (Cumulative area) 
      Partial area ratio:   12.05
      Required ratio: 2956.40 (Side area) 
      Cumulative area ratio:  127.97
      Required ratio:    0.00 (Cumulative side area) 



Net: net61
  Pin:   _09553_/A0 (sky130_fd_sc_hd__mux2_1)
    Layer: li1
      Partial area ratio:    0.01
      Required ratio:    0.00 (Gate area) 
      Cumulative area ratio:    0.01
      Required ratio:    0.00 (Cumulative area) 
      Partial area ratio:    0.28
      Required ratio:   75.00 (Side area) 
      Cumulative area ratio:    0.28
      Required ratio:    0.00 (Cumulative side area) 

    Layer: mcon
      Partial area ratio:    0.23
      Required ratio:    3.00 (Gate area) 
      Cumulative area ratio:    0.23
      Required ratio:    0.00 (Cumulative area) 

    Layer: met1
      Partial area ratio:   91.84
      Required ratio:    0.00 (Gate area) 
      Cumulative area ratio:   91.84
      Required ratio:    0.00 (Cumulative area) 
      Partial area ratio:  456.73
      Required ratio:  400.00 (Side area) (VIOLATED)
      Cumulative area ratio:  457.01
      Required ratio:    0.00 (Cumulative side area) 

    Layer: via
      Partial area ratio:    0.54
      Required ratio:    6.00 (Gate area) 
      Cumulative area ratio:    0.77
      Required ratio:    0.00 (Cumulative area) 

    Layer: met2
      Partial area ratio:   19.15
      Required ratio:    0.00 (Gate area) 
      Cumulative area ratio:  110.99
      Required ratio:    0.00 (Cumulative area) 
      Partial area ratio:   94.41
      Required ratio: 2956.40 (Side area) 
      Cumulative area ratio:  551.41
      Required ratio:    0.00 (Cumulative side area) 

    Layer: via2
      Partial area ratio:    0.16
      Required ratio:   38.08 (Gate area) 
      Cumulative area ratio:    0.92
      Required ratio:    0.00 (Cumulative area) 

    Layer: met3
      Partial area ratio:    0.50
      Required ratio:    0.00 (Gate area) 
      Cumulative area ratio:  111.49
      Required ratio:    0.00 (Cumulative area) 
      Partial area ratio:    4.51
      Required ratio: 2956.40 (Side area) 
      Cumulative area ratio:  555.92
      Required ratio:    0.00 (Cumulative side area) 

    Layer: via3
      Partial area ratio:    0.16
      Required ratio:   38.08 (Gate area) 
      Cumulative area ratio:    1.08
      Required ratio:    0.00 (Cumulative area) 

    Layer: met4
      Partial area ratio:   57.74
      Required ratio:    0.00 (Gate area) 
      Cumulative area ratio:  169.22
      Required ratio:    0.00 (Cumulative area) 
      Partial area ratio:  308.86
      Required ratio: 2956.40 (Side area) 
      Cumulative area ratio:  864.78
      Required ratio:    0.00 (Cumulative side area) 


  Pin:   _10510_/A0 (sky130_fd_sc_hd__mux2_1)
    Layer: mcon
      Partial area ratio:    0.23
      Required ratio:    3.00 (Gate area) 
      Cumulative area ratio:    0.23
      Required ratio:    0.00 (Cumulative area) 

    Layer: met1
      Partial area ratio:    3.13
      Required ratio:    0.00 (Gate area) 
      Cumulative area ratio:    3.13
      Required ratio:    0.00 (Cumulative area) 
      Partial area ratio:   14.76
      Required ratio:  400.00 (Side area) 
      Cumulative area ratio:   14.76
      Required ratio:    0.00 (Cumulative side area) 

    Layer: via
      Partial area ratio:    0.25
      Required ratio:    6.00 (Gate area) 
      Cumulative area ratio:    0.48
      Required ratio:    0.00 (Cumulative area) 

    Layer: met2
      Partial area ratio:   19.15
      Required ratio:    0.00 (Gate area) 
      Cumulative area ratio:   22.28
      Required ratio:    0.00 (Cumulative area) 
      Partial area ratio:   94.41
      Required ratio: 2956.40 (Side area) 
      Cumulative area ratio:  109.17
      Required ratio:    0.00 (Cumulative side area) 

    Layer: via2
      Partial area ratio:    0.16
      Required ratio:   38.08 (Gate area) 
      Cumulative area ratio:    0.63
      Required ratio:    0.00 (Cumulative area) 

    Layer: met3
      Partial area ratio:    0.50
      Required ratio:    0.00 (Gate area) 
      Cumulative area ratio:   22.78
      Required ratio:    0.00 (Cumulative area) 
      Partial area ratio:    4.51
      Required ratio: 2956.40 (Side area) 
      Cumulative area ratio:  113.67
      Required ratio:    0.00 (Cumulative side area) 

    Layer: via3
      Partial area ratio:    0.16
      Required ratio:   38.08 (Gate area) 
      Cumulative area ratio:    0.79
      Required ratio:    0.00 (Cumulative area) 

    Layer: met4
      Partial area ratio:   57.74
      Required ratio:    0.00 (Gate area) 
      Cumulative area ratio:   80.51
      Required ratio:    0.00 (Cumulative area) 
      Partial area ratio:  308.86
      Required ratio: 2956.40 (Side area) 
      Cumulative area ratio:  422.53
      Required ratio:    0.00 (Cumulative side area) 


  Pin:   _11633_/A0 (sky130_fd_sc_hd__mux2_1)
    Layer: mcon
      Partial area ratio:    0.23
      Required ratio:    3.00 (Gate area) 
      Cumulative area ratio:    0.23
      Required ratio:    0.00 (Cumulative area) 

    Layer: met1
      Partial area ratio:   10.88
      Required ratio:    0.00 (Gate area) 
      Cumulative area ratio:   10.88
      Required ratio:    0.00 (Cumulative area) 
      Partial area ratio:   52.91
      Required ratio:  400.00 (Side area) 
      Cumulative area ratio:   52.91
      Required ratio:    0.00 (Cumulative side area) 

    Layer: via
      Partial area ratio:    0.36
      Required ratio:    6.00 (Gate area) 
      Cumulative area ratio:    0.59
      Required ratio:    0.00 (Cumulative area) 

    Layer: met2
      Partial area ratio:    5.04
      Required ratio:    0.00 (Gate area) 
      Cumulative area ratio:   15.92
      Required ratio:    0.00 (Cumulative area) 
      Partial area ratio:   24.46
      Required ratio:  400.00 (Side area) 
      Cumulative area ratio:   77.36
      Required ratio:    0.00 (Cumulative side area) 

    Layer: via2
      Partial area ratio:    0.16
      Required ratio:    6.00 (Gate area) 
      Cumulative area ratio:    0.75
      Required ratio:    0.00 (Cumulative area) 

    Layer: met3
      Partial area ratio:    0.50
      Required ratio:    0.00 (Gate area) 
      Cumulative area ratio:   16.41
      Required ratio:    0.00 (Cumulative area) 
      Partial area ratio:    4.51
      Required ratio:  400.00 (Side area) 
      Cumulative area ratio:   81.87
      Required ratio:    0.00 (Cumulative side area) 

    Layer: via3
      Partial area ratio:    0.16
      Required ratio:    6.00 (Gate area) 
      Cumulative area ratio:    0.90
      Required ratio:    0.00 (Cumulative area) 

    Layer: met4
      Partial area ratio:   57.74
      Required ratio:    0.00 (Gate area) 
      Cumulative area ratio:   74.15
      Required ratio:    0.00 (Cumulative area) 
      Partial area ratio:  308.86
      Required ratio: 2956.40 (Side area) 
      Cumulative area ratio:  390.73
      Required ratio:    0.00 (Cumulative side area) 


  Pin:   _12538_/A1 (sky130_fd_sc_hd__mux2_1)
    Layer: mcon
      Partial area ratio:    0.23
      Required ratio:    3.00 (Gate area) 
      Cumulative area ratio:    0.23
      Required ratio:    0.00 (Cumulative area) 

    Layer: met1
      Partial area ratio:    5.58
      Required ratio:    0.00 (Gate area) 
      Cumulative area ratio:    5.58
      Required ratio:    0.00 (Cumulative area) 
      Partial area ratio:   26.44
      Required ratio:  400.00 (Side area) 
      Cumulative area ratio:   26.44
      Required ratio:    0.00 (Cumulative side area) 

    Layer: via
      Partial area ratio:    0.36
      Required ratio:    6.00 (Gate area) 
      Cumulative area ratio:    0.59
      Required ratio:    0.00 (Cumulative area) 

    Layer: met2
      Partial area ratio:    5.04
      Required ratio:    0.00 (Gate area) 
      Cumulative area ratio:   10.63
      Required ratio:    0.00 (Cumulative area) 
      Partial area ratio:   24.46
      Required ratio:  400.00 (Side area) 
      Cumulative area ratio:   50.90
      Required ratio:    0.00 (Cumulative side area) 

    Layer: via2
      Partial area ratio:    0.16
      Required ratio:    6.00 (Gate area) 
      Cumulative area ratio:    0.75
      Required ratio:    0.00 (Cumulative area) 

    Layer: met3
      Partial area ratio:    0.50
      Required ratio:    0.00 (Gate area) 
      Cumulative area ratio:   11.12
      Required ratio:    0.00 (Cumulative area) 
      Partial area ratio:    4.51
      Required ratio:  400.00 (Side area) 
      Cumulative area ratio:   55.41
      Required ratio:    0.00 (Cumulative side area) 

    Layer: via3
      Partial area ratio:    0.16
      Required ratio:    6.00 (Gate area) 
      Cumulative area ratio:    0.90
      Required ratio:    0.00 (Cumulative area) 

    Layer: met4
      Partial area ratio:   57.74
      Required ratio:    0.00 (Gate area) 
      Cumulative area ratio:   68.86
      Required ratio:    0.00 (Cumulative area) 
      Partial area ratio:  308.86
      Required ratio: 2956.40 (Side area) 
      Cumulative area ratio:  364.27
      Required ratio:    0.00 (Cumulative side area) 


  Pin:   _13717_/A0 (sky130_fd_sc_hd__mux2_1)
    Layer: mcon
      Partial area ratio:    0.23
      Required ratio:    3.00 (Gate area) 
      Cumulative area ratio:    0.23
      Required ratio:    0.00 (Cumulative area) 

    Layer: met1
      Partial area ratio:    5.77
      Required ratio:    0.00 (Gate area) 
      Cumulative area ratio:    5.77
      Required ratio:    0.00 (Cumulative area) 
      Partial area ratio:   27.40
      Required ratio:  400.00 (Side area) 
      Cumulative area ratio:   27.40
      Required ratio:    0.00 (Cumulative side area) 

    Layer: via
      Partial area ratio:    0.27
      Required ratio:    6.00 (Gate area) 
      Cumulative area ratio:    0.50
      Required ratio:    0.00 (Cumulative area) 

    Layer: met2
      Partial area ratio:    1.07
      Required ratio:    0.00 (Gate area) 
      Cumulative area ratio:    6.84
      Required ratio:    0.00 (Cumulative area) 
      Partial area ratio:    5.03
      Required ratio:  400.00 (Side area) 
      Cumulative area ratio:   32.42
      Required ratio:    0.00 (Cumulative side area) 

    Layer: via2
      Partial area ratio:    0.16
      Required ratio:    6.00 (Gate area) 
      Cumulative area ratio:    0.66
      Required ratio:    0.00 (Cumulative area) 

    Layer: met3
      Partial area ratio:    0.50
      Required ratio:    0.00 (Gate area) 
      Cumulative area ratio:    7.33
      Required ratio:    0.00 (Cumulative area) 
      Partial area ratio:    4.51
      Required ratio:  400.00 (Side area) 
      Cumulative area ratio:   36.93
      Required ratio:    0.00 (Cumulative side area) 

    Layer: via3
      Partial area ratio:    0.16
      Required ratio:    6.00 (Gate area) 
      Cumulative area ratio:    0.81
      Required ratio:    0.00 (Cumulative area) 

    Layer: met4
      Partial area ratio:   57.74
      Required ratio:    0.00 (Gate area) 
      Cumulative area ratio:   65.07
      Required ratio:    0.00 (Cumulative area) 
      Partial area ratio:  308.86
      Required ratio: 2956.40 (Side area) 
      Cumulative area ratio:  345.79
      Required ratio:    0.00 (Cumulative side area) 


  Pin:   _14654_/A1 (sky130_fd_sc_hd__mux2_1)
    Layer: mcon
      Partial area ratio:    0.23
      Required ratio:    3.00 (Gate area) 
      Cumulative area ratio:    0.23
      Required ratio:    0.00 (Cumulative area) 

    Layer: met1
      Partial area ratio:    5.77
      Required ratio:    0.00 (Gate area) 
      Cumulative area ratio:    5.77
      Required ratio:    0.00 (Cumulative area) 
      Partial area ratio:   27.40
      Required ratio:  400.00 (Side area) 
      Cumulative area ratio:   27.40
      Required ratio:    0.00 (Cumulative side area) 

    Layer: via
      Partial area ratio:    0.27
      Required ratio:    6.00 (Gate area) 
      Cumulative area ratio:    0.50
      Required ratio:    0.00 (Cumulative area) 

    Layer: met2
      Partial area ratio:    1.07
      Required ratio:    0.00 (Gate area) 
      Cumulative area ratio:    6.84
      Required ratio:    0.00 (Cumulative area) 
      Partial area ratio:    5.03
      Required ratio:  400.00 (Side area) 
      Cumulative area ratio:   32.42
      Required ratio:    0.00 (Cumulative side area) 

    Layer: via2
      Partial area ratio:    0.16
      Required ratio:    6.00 (Gate area) 
      Cumulative area ratio:    0.66
      Required ratio:    0.00 (Cumulative area) 

    Layer: met3
      Partial area ratio:    0.50
      Required ratio:    0.00 (Gate area) 
      Cumulative area ratio:    7.33
      Required ratio:    0.00 (Cumulative area) 
      Partial area ratio:    4.51
      Required ratio:  400.00 (Side area) 
      Cumulative area ratio:   36.93
      Required ratio:    0.00 (Cumulative side area) 

    Layer: via3
      Partial area ratio:    0.16
      Required ratio:    6.00 (Gate area) 
      Cumulative area ratio:    0.81
      Required ratio:    0.00 (Cumulative area) 

    Layer: met4
      Partial area ratio:   57.74
      Required ratio:    0.00 (Gate area) 
      Cumulative area ratio:   65.07
      Required ratio:    0.00 (Cumulative area) 
      Partial area ratio:  308.86
      Required ratio: 2956.40 (Side area) 
      Cumulative area ratio:  345.79
      Required ratio:    0.00 (Cumulative side area) 


  Pin:   _15827_/A0 (sky130_fd_sc_hd__mux2_1)
    Layer: mcon
      Partial area ratio:    0.23
      Required ratio:    3.00 (Gate area) 
      Cumulative area ratio:    0.23
      Required ratio:    0.00 (Cumulative area) 

    Layer: met1
      Partial area ratio:   91.84
      Required ratio:    0.00 (Gate area) 
      Cumulative area ratio:   91.84
      Required ratio:    0.00 (Cumulative area) 
      Partial area ratio:  456.73
      Required ratio:  400.00 (Side area) (VIOLATED)
      Cumulative area ratio:  456.73
      Required ratio:    0.00 (Cumulative side area) 

    Layer: via
      Partial area ratio:    0.54
      Required ratio:    6.00 (Gate area) 
      Cumulative area ratio:    0.77
      Required ratio:    0.00 (Cumulative area) 

    Layer: met2
      Partial area ratio:   19.15
      Required ratio:    0.00 (Gate area) 
      Cumulative area ratio:  110.99
      Required ratio:    0.00 (Cumulative area) 
      Partial area ratio:   94.41
      Required ratio: 2956.40 (Side area) 
      Cumulative area ratio:  551.14
      Required ratio:    0.00 (Cumulative side area) 

    Layer: via2
      Partial area ratio:    0.16
      Required ratio:   38.08 (Gate area) 
      Cumulative area ratio:    0.92
      Required ratio:    0.00 (Cumulative area) 

    Layer: met3
      Partial area ratio:    0.50
      Required ratio:    0.00 (Gate area) 
      Cumulative area ratio:  111.48
      Required ratio:    0.00 (Cumulative area) 
      Partial area ratio:    4.51
      Required ratio: 2956.40 (Side area) 
      Cumulative area ratio:  555.64
      Required ratio:    0.00 (Cumulative side area) 

    Layer: via3
      Partial area ratio:    0.16
      Required ratio:   38.08 (Gate area) 
      Cumulative area ratio:    1.08
      Required ratio:    0.00 (Cumulative area) 

    Layer: met4
      Partial area ratio:   57.74
      Required ratio:    0.00 (Gate area) 
      Cumulative area ratio:  169.22
      Required ratio:    0.00 (Cumulative area) 
      Partial area ratio:  308.86
      Required ratio: 2956.40 (Side area) 
      Cumulative area ratio:  864.50
      Required ratio:    0.00 (Cumulative side area) 


  Pin:   _16744_/A1 (sky130_fd_sc_hd__mux2_1)
    Layer: mcon
      Partial area ratio:    0.23
      Required ratio:    3.00 (Gate area) 
      Cumulative area ratio:    0.23
      Required ratio:    0.00 (Cumulative area) 

    Layer: met1
      Partial area ratio:    8.88
      Required ratio:    0.00 (Gate area) 
      Cumulative area ratio:    8.88
      Required ratio:    0.00 (Cumulative area) 
      Partial area ratio:   42.56
      Required ratio:  400.00 (Side area) 
      Cumulative area ratio:   42.56
      Required ratio:    0.00 (Cumulative side area) 

    Layer: via
      Partial area ratio:    0.36
      Required ratio:    6.00 (Gate area) 
      Cumulative area ratio:    0.59
      Required ratio:    0.00 (Cumulative area) 

    Layer: met2
      Partial area ratio:   19.15
      Required ratio:    0.00 (Gate area) 
      Cumulative area ratio:   28.03
      Required ratio:    0.00 (Cumulative area) 
      Partial area ratio:   94.41
      Required ratio: 2956.40 (Side area) 
      Cumulative area ratio:  136.96
      Required ratio:    0.00 (Cumulative side area) 

    Layer: via2
      Partial area ratio:    0.16
      Required ratio:   38.08 (Gate area) 
      Cumulative area ratio:    0.75
      Required ratio:    0.00 (Cumulative area) 

    Layer: met3
      Partial area ratio:    0.50
      Required ratio:    0.00 (Gate area) 
      Cumulative area ratio:   28.52
      Required ratio:    0.00 (Cumulative area) 
      Partial area ratio:    4.51
      Required ratio: 2956.40 (Side area) 
      Cumulative area ratio:  141.47
      Required ratio:    0.00 (Cumulative side area) 

    Layer: via3
      Partial area ratio:    0.16
      Required ratio:   38.08 (Gate area) 
      Cumulative area ratio:    0.90
      Required ratio:    0.00 (Cumulative area) 

    Layer: met4
      Partial area ratio:   57.74
      Required ratio:    0.00 (Gate area) 
      Cumulative area ratio:   86.26
      Required ratio:    0.00 (Cumulative area) 
      Partial area ratio:  308.86
      Required ratio: 2956.40 (Side area) 
      Cumulative area ratio:  450.33
      Required ratio:    0.00 (Cumulative side area) 



Net: net230
  Pin:   _16342_/S (sky130_fd_sc_hd__mux2_1)
    Layer: mcon
      Partial area ratio:    0.11
      Required ratio:    3.00 (Gate area) 
      Cumulative area ratio:    0.11
      Required ratio:    0.00 (Cumulative area) 

    Layer: met1
      Partial area ratio:    2.82
      Required ratio:    0.00 (Gate area) 
      Cumulative area ratio:    2.82
      Required ratio:    0.00 (Cumulative area) 
      Partial area ratio:   13.36
      Required ratio:  400.00 (Side area) 
      Cumulative area ratio:   13.36
      Required ratio:    0.00 (Cumulative side area) 

    Layer: via
      Partial area ratio:    0.18
      Required ratio:    6.00 (Gate area) 
      Cumulative area ratio:    0.29
      Required ratio:    0.00 (Cumulative area) 

    Layer: met2
      Partial area ratio:    8.70
      Required ratio:    0.00 (Gate area) 
      Cumulative area ratio:   11.52
      Required ratio:    0.00 (Cumulative area) 
      Partial area ratio:   43.01
      Required ratio: 3236.16 (Side area) 
      Cumulative area ratio:   56.37
      Required ratio:    0.00 (Cumulative side area) 


  Pin:   _16343_/S (sky130_fd_sc_hd__mux2_1)
    Layer: mcon
      Partial area ratio:    0.11
      Required ratio:    3.00 (Gate area) 
      Cumulative area ratio:    0.11
      Required ratio:    0.00 (Cumulative area) 

    Layer: met1
      Partial area ratio:    3.66
      Required ratio:    0.00 (Gate area) 
      Cumulative area ratio:    3.66
      Required ratio:    0.00 (Cumulative area) 
      Partial area ratio:   17.57
      Required ratio:  400.00 (Side area) 
      Cumulative area ratio:   17.57
      Required ratio:    0.00 (Cumulative side area) 

    Layer: via
      Partial area ratio:    0.18
      Required ratio:    6.00 (Gate area) 
      Cumulative area ratio:    0.29
      Required ratio:    0.00 (Cumulative area) 

    Layer: met2
      Partial area ratio:    8.70
      Required ratio:    0.00 (Gate area) 
      Cumulative area ratio:   12.37
      Required ratio:    0.00 (Cumulative area) 
      Partial area ratio:   43.01
      Required ratio: 3236.16 (Side area) 
      Cumulative area ratio:   60.59
      Required ratio:    0.00 (Cumulative side area) 


  Pin:   _16344_/S (sky130_fd_sc_hd__mux2_1)
    Layer: mcon
      Partial area ratio:    0.11
      Required ratio:    3.00 (Gate area) 
      Cumulative area ratio:    0.11
      Required ratio:    0.00 (Cumulative area) 

    Layer: met1
      Partial area ratio:    9.59
      Required ratio:    0.00 (Gate area) 
      Cumulative area ratio:    9.59
      Required ratio:    0.00 (Cumulative area) 
      Partial area ratio:   46.60
      Required ratio:  400.00 (Side area) 
      Cumulative area ratio:   46.60
      Required ratio:    0.00 (Cumulative side area) 

    Layer: via
      Partial area ratio:    0.27
      Required ratio:    6.00 (Gate area) 
      Cumulative area ratio:    0.38
      Required ratio:    0.00 (Cumulative area) 

    Layer: met2
      Partial area ratio:    8.70
      Required ratio:    0.00 (Gate area) 
      Cumulative area ratio:   18.29
      Required ratio:    0.00 (Cumulative area) 
      Partial area ratio:   43.01
      Required ratio: 3236.16 (Side area) 
      Cumulative area ratio:   89.61
      Required ratio:    0.00 (Cumulative side area) 


  Pin:   _16345_/S (sky130_fd_sc_hd__mux2_1)
    Layer: mcon
      Partial area ratio:    0.11
      Required ratio:    3.00 (Gate area) 
      Cumulative area ratio:    0.11
      Required ratio:    0.00 (Cumulative area) 

    Layer: met1
      Partial area ratio:    9.59
      Required ratio:    0.00 (Gate area) 
      Cumulative area ratio:    9.59
      Required ratio:    0.00 (Cumulative area) 
      Partial area ratio:   46.60
      Required ratio:  400.00 (Side area) 
      Cumulative area ratio:   46.60
      Required ratio:    0.00 (Cumulative side area) 

    Layer: via
      Partial area ratio:    0.27
      Required ratio:    6.00 (Gate area) 
      Cumulative area ratio:    0.38
      Required ratio:    0.00 (Cumulative area) 

    Layer: met2
      Partial area ratio:    8.70
      Required ratio:    0.00 (Gate area) 
      Cumulative area ratio:   18.29
      Required ratio:    0.00 (Cumulative area) 
      Partial area ratio:   43.01
      Required ratio: 3236.16 (Side area) 
      Cumulative area ratio:   89.61
      Required ratio:    0.00 (Cumulative side area) 


  Pin:   _16346_/S (sky130_fd_sc_hd__mux2_1)
    Layer: mcon
      Partial area ratio:    0.11
      Required ratio:    3.00 (Gate area) 
      Cumulative area ratio:    0.11
      Required ratio:    0.00 (Cumulative area) 

    Layer: met1
      Partial area ratio:    2.67
      Required ratio:    0.00 (Gate area) 
      Cumulative area ratio:    2.67
      Required ratio:    0.00 (Cumulative area) 
      Partial area ratio:   12.63
      Required ratio:  400.00 (Side area) 
      Cumulative area ratio:   12.63
      Required ratio:    0.00 (Cumulative side area) 

    Layer: via
      Partial area ratio:    0.18
      Required ratio:    6.00 (Gate area) 
      Cumulative area ratio:    0.29
      Required ratio:    0.00 (Cumulative area) 

    Layer: met2
      Partial area ratio:    8.70
      Required ratio:    0.00 (Gate area) 
      Cumulative area ratio:   11.38
      Required ratio:    0.00 (Cumulative area) 
      Partial area ratio:   43.01
      Required ratio: 3236.16 (Side area) 
      Cumulative area ratio:   55.65
      Required ratio:    0.00 (Cumulative side area) 


  Pin:   _16347_/S (sky130_fd_sc_hd__mux2_1)
    Layer: mcon
      Partial area ratio:    0.11
      Required ratio:    3.00 (Gate area) 
      Cumulative area ratio:    0.11
      Required ratio:    0.00 (Cumulative area) 

    Layer: met1
      Partial area ratio:    2.08
      Required ratio:    0.00 (Gate area) 
      Cumulative area ratio:    2.08
      Required ratio:    0.00 (Cumulative area) 
      Partial area ratio:    9.74
      Required ratio:  400.00 (Side area) 
      Cumulative area ratio:    9.74
      Required ratio:    0.00 (Cumulative side area) 

    Layer: via
      Partial area ratio:    0.17
      Required ratio:    6.00 (Gate area) 
      Cumulative area ratio:    0.29
      Required ratio:    0.00 (Cumulative area) 

    Layer: met2
      Partial area ratio:    8.70
      Required ratio:    0.00 (Gate area) 
      Cumulative area ratio:   10.78
      Required ratio:    0.00 (Cumulative area) 
      Partial area ratio:   43.01
      Required ratio: 3236.16 (Side area) 
      Cumulative area ratio:   52.76
      Required ratio:    0.00 (Cumulative side area) 


  Pin:   _17188_/S (sky130_fd_sc_hd__mux2_1)
    Layer: mcon
      Partial area ratio:    0.11
      Required ratio:    3.00 (Gate area) 
      Cumulative area ratio:    0.11
      Required ratio:    0.00 (Cumulative area) 

    Layer: met1
      Partial area ratio:    4.25
      Required ratio:    0.00 (Gate area) 
      Cumulative area ratio:    4.25
      Required ratio:    0.00 (Cumulative area) 
      Partial area ratio:   20.55
      Required ratio:  400.00 (Side area) 
      Cumulative area ratio:   20.55
      Required ratio:    0.00 (Cumulative side area) 

    Layer: via
      Partial area ratio:    0.13
      Required ratio:    6.00 (Gate area) 
      Cumulative area ratio:    0.25
      Required ratio:    0.00 (Cumulative area) 

    Layer: met2
      Partial area ratio:    8.70
      Required ratio:    0.00 (Gate area) 
      Cumulative area ratio:   12.96
      Required ratio:    0.00 (Cumulative area) 
      Partial area ratio:   43.01
      Required ratio: 3236.16 (Side area) 
      Cumulative area ratio:   63.56
      Required ratio:    0.00 (Cumulative side area) 


  Pin:   _17189_/S (sky130_fd_sc_hd__mux2_1)
    Layer: mcon
      Partial area ratio:    0.11
      Required ratio:    3.00 (Gate area) 
      Cumulative area ratio:    0.11
      Required ratio:    0.00 (Cumulative area) 

    Layer: met1
      Partial area ratio:    4.25
      Required ratio:    0.00 (Gate area) 
      Cumulative area ratio:    4.25
      Required ratio:    0.00 (Cumulative area) 
      Partial area ratio:   20.55
      Required ratio:  400.00 (Side area) 
      Cumulative area ratio:   20.55
      Required ratio:    0.00 (Cumulative side area) 

    Layer: via
      Partial area ratio:    0.13
      Required ratio:    6.00 (Gate area) 
      Cumulative area ratio:    0.25
      Required ratio:    0.00 (Cumulative area) 

    Layer: met2
      Partial area ratio:    8.70
      Required ratio:    0.00 (Gate area) 
      Cumulative area ratio:   12.96
      Required ratio:    0.00 (Cumulative area) 
      Partial area ratio:   43.01
      Required ratio: 3236.16 (Side area) 
      Cumulative area ratio:   63.56
      Required ratio:    0.00 (Cumulative side area) 


  Pin:   _17191_/S (sky130_fd_sc_hd__mux2_1)
    Layer: mcon
      Partial area ratio:    0.11
      Required ratio:    3.00 (Gate area) 
      Cumulative area ratio:    0.11
      Required ratio:    0.00 (Cumulative area) 

    Layer: met1
      Partial area ratio:    4.30
      Required ratio:    0.00 (Gate area) 
      Cumulative area ratio:    4.30
      Required ratio:    0.00 (Cumulative area) 
      Partial area ratio:   20.14
      Required ratio: 3236.16 (Side area) 
      Cumulative area ratio:   20.14
      Required ratio:    0.00 (Cumulative side area) 

    Layer: via
      Partial area ratio:    0.26
      Required ratio:   63.25 (Gate area) 
      Cumulative area ratio:    0.38
      Required ratio:    0.00 (Cumulative area) 

    Layer: met2
      Partial area ratio:    8.70
      Required ratio:    0.00 (Gate area) 
      Cumulative area ratio:   13.00
      Required ratio:    0.00 (Cumulative area) 
      Partial area ratio:   43.01
      Required ratio: 3236.16 (Side area) 
      Cumulative area ratio:   63.15
      Required ratio:    0.00 (Cumulative side area) 


  Pin:   _17192_/S (sky130_fd_sc_hd__mux2_1)
    Layer: mcon
      Partial area ratio:    0.11
      Required ratio:    3.00 (Gate area) 
      Cumulative area ratio:    0.11
      Required ratio:    0.00 (Cumulative area) 

    Layer: met1
      Partial area ratio:   99.68
      Required ratio:    0.00 (Gate area) 
      Cumulative area ratio:   99.68
      Required ratio:    0.00 (Cumulative area) 
      Partial area ratio:  497.24
      Required ratio:  400.00 (Side area) (VIOLATED)
      Cumulative area ratio:  497.24
      Required ratio:    0.00 (Cumulative side area) 

    Layer: via
      Partial area ratio:    0.27
      Required ratio:    6.00 (Gate area) 
      Cumulative area ratio:    0.38
      Required ratio:    0.00 (Cumulative area) 

    Layer: met2
      Partial area ratio:    8.70
      Required ratio:    0.00 (Gate area) 
      Cumulative area ratio:  108.39
      Required ratio:    0.00 (Cumulative area) 
      Partial area ratio:   43.01
      Required ratio: 3236.16 (Side area) 
      Cumulative area ratio:  540.26
      Required ratio:    0.00 (Cumulative side area) 



Net: net239
  Pin:   _15299_/S (sky130_fd_sc_hd__mux2_1)
    Layer: mcon
      Partial area ratio:    0.11
      Required ratio:    3.00 (Gate area) 
      Cumulative area ratio:    0.11
      Required ratio:    0.00 (Cumulative area) 

    Layer: met1
      Partial area ratio:    1.29
      Required ratio:    0.00 (Gate area) 
      Cumulative area ratio:    1.29
      Required ratio:    0.00 (Cumulative area) 
      Partial area ratio:    5.73
      Required ratio:  400.00 (Side area) 
      Cumulative area ratio:    5.73
      Required ratio:    0.00 (Cumulative side area) 

    Layer: via
      Partial area ratio:    0.18
      Required ratio:    6.00 (Gate area) 
      Cumulative area ratio:    0.29
      Required ratio:    0.00 (Cumulative area) 

    Layer: met2
      Partial area ratio:    3.73
      Required ratio:    0.00 (Gate area) 
      Cumulative area ratio:    5.03
      Required ratio:    0.00 (Cumulative area) 
      Partial area ratio:   18.35
      Required ratio: 2918.08 (Side area) 
      Cumulative area ratio:   24.08
      Required ratio:    0.00 (Cumulative side area) 


  Pin:   _15300_/S (sky130_fd_sc_hd__mux2_1)
    Layer: mcon
      Partial area ratio:    0.11
      Required ratio:    3.00 (Gate area) 
      Cumulative area ratio:    0.11
      Required ratio:    0.00 (Cumulative area) 

    Layer: met1
      Partial area ratio:    4.89
      Required ratio:    0.00 (Gate area) 
      Cumulative area ratio:    4.89
      Required ratio:    0.00 (Cumulative area) 
      Partial area ratio:   23.74
      Required ratio:  400.00 (Side area) 
      Cumulative area ratio:   23.74
      Required ratio:    0.00 (Cumulative side area) 

    Layer: via
      Partial area ratio:    0.13
      Required ratio:    6.00 (Gate area) 
      Cumulative area ratio:    0.25
      Required ratio:    0.00 (Cumulative area) 

    Layer: met2
      Partial area ratio:    3.73
      Required ratio:    0.00 (Gate area) 
      Cumulative area ratio:    8.62
      Required ratio:    0.00 (Cumulative area) 
      Partial area ratio:   18.35
      Required ratio: 2918.08 (Side area) 
      Cumulative area ratio:   42.09
      Required ratio:    0.00 (Cumulative side area) 


  Pin:   _15301_/S (sky130_fd_sc_hd__mux2_1)
    Layer: mcon
      Partial area ratio:    0.11
      Required ratio:    3.00 (Gate area) 
      Cumulative area ratio:    0.11
      Required ratio:    0.00 (Cumulative area) 

    Layer: met1
      Partial area ratio:    4.89
      Required ratio:    0.00 (Gate area) 
      Cumulative area ratio:    4.89
      Required ratio:    0.00 (Cumulative area) 
      Partial area ratio:   23.74
      Required ratio:  400.00 (Side area) 
      Cumulative area ratio:   23.74
      Required ratio:    0.00 (Cumulative side area) 

    Layer: via
      Partial area ratio:    0.13
      Required ratio:    6.00 (Gate area) 
      Cumulative area ratio:    0.25
      Required ratio:    0.00 (Cumulative area) 

    Layer: met2
      Partial area ratio:    3.73
      Required ratio:    0.00 (Gate area) 
      Cumulative area ratio:    8.62
      Required ratio:    0.00 (Cumulative area) 
      Partial area ratio:   18.35
      Required ratio: 2918.08 (Side area) 
      Cumulative area ratio:   42.09
      Required ratio:    0.00 (Cumulative side area) 


  Pin:   _15302_/S (sky130_fd_sc_hd__mux2_1)
    Layer: mcon
      Partial area ratio:    0.11
      Required ratio:    3.00 (Gate area) 
      Cumulative area ratio:    0.11
      Required ratio:    0.00 (Cumulative area) 

    Layer: met1
      Partial area ratio:    3.92
      Required ratio:    0.00 (Gate area) 
      Cumulative area ratio:    3.92
      Required ratio:    0.00 (Cumulative area) 
      Partial area ratio:   18.88
      Required ratio:  400.00 (Side area) 
      Cumulative area ratio:   18.88
      Required ratio:    0.00 (Cumulative side area) 

    Layer: via
      Partial area ratio:    0.13
      Required ratio:    6.00 (Gate area) 
      Cumulative area ratio:    0.25
      Required ratio:    0.00 (Cumulative area) 

    Layer: met2
      Partial area ratio:    3.73
      Required ratio:    0.00 (Gate area) 
      Cumulative area ratio:    7.65
      Required ratio:    0.00 (Cumulative area) 
      Partial area ratio:   18.35
      Required ratio: 2918.08 (Side area) 
      Cumulative area ratio:   37.23
      Required ratio:    0.00 (Cumulative side area) 


  Pin:   _15303_/S (sky130_fd_sc_hd__mux2_1)
    Layer: mcon
      Partial area ratio:    0.11
      Required ratio:    3.00 (Gate area) 
      Cumulative area ratio:    0.11
      Required ratio:    0.00 (Cumulative area) 

    Layer: met1
      Partial area ratio:    9.67
      Required ratio:    0.00 (Gate area) 
      Cumulative area ratio:    9.67
      Required ratio:    0.00 (Cumulative area) 
      Partial area ratio:   47.21
      Required ratio:  400.00 (Side area) 
      Cumulative area ratio:   47.21
      Required ratio:    0.00 (Cumulative side area) 

    Layer: via
      Partial area ratio:    0.22
      Required ratio:    6.00 (Gate area) 
      Cumulative area ratio:    0.34
      Required ratio:    0.00 (Cumulative area) 

    Layer: met2
      Partial area ratio:    3.73
      Required ratio:    0.00 (Gate area) 
      Cumulative area ratio:   13.40
      Required ratio:    0.00 (Cumulative area) 
      Partial area ratio:   18.35
      Required ratio: 2918.08 (Side area) 
      Cumulative area ratio:   65.56
      Required ratio:    0.00 (Cumulative side area) 


  Pin:   _15304_/S (sky130_fd_sc_hd__mux2_1)
    Layer: mcon
      Partial area ratio:    0.11
      Required ratio:    3.00 (Gate area) 
      Cumulative area ratio:    0.11
      Required ratio:    0.00 (Cumulative area) 

    Layer: met1
      Partial area ratio:    3.92
      Required ratio:    0.00 (Gate area) 
      Cumulative area ratio:    3.92
      Required ratio:    0.00 (Cumulative area) 
      Partial area ratio:   18.88
      Required ratio:  400.00 (Side area) 
      Cumulative area ratio:   18.88
      Required ratio:    0.00 (Cumulative side area) 

    Layer: via
      Partial area ratio:    0.13
      Required ratio:    6.00 (Gate area) 
      Cumulative area ratio:    0.25
      Required ratio:    0.00 (Cumulative area) 

    Layer: met2
      Partial area ratio:    3.73
      Required ratio:    0.00 (Gate area) 
      Cumulative area ratio:    7.65
      Required ratio:    0.00 (Cumulative area) 
      Partial area ratio:   18.35
      Required ratio: 2918.08 (Side area) 
      Cumulative area ratio:   37.23
      Required ratio:    0.00 (Cumulative side area) 


  Pin:   _15305_/S (sky130_fd_sc_hd__mux2_1)
    Layer: mcon
      Partial area ratio:    0.11
      Required ratio:    3.00 (Gate area) 
      Cumulative area ratio:    0.11
      Required ratio:    0.00 (Cumulative area) 

    Layer: met1
      Partial area ratio:    9.67
      Required ratio:    0.00 (Gate area) 
      Cumulative area ratio:    9.67
      Required ratio:    0.00 (Cumulative area) 
      Partial area ratio:   47.21
      Required ratio:  400.00 (Side area) 
      Cumulative area ratio:   47.21
      Required ratio:    0.00 (Cumulative side area) 

    Layer: via
      Partial area ratio:    0.22
      Required ratio:    6.00 (Gate area) 
      Cumulative area ratio:    0.34
      Required ratio:    0.00 (Cumulative area) 

    Layer: met2
      Partial area ratio:    3.73
      Required ratio:    0.00 (Gate area) 
      Cumulative area ratio:   13.40
      Required ratio:    0.00 (Cumulative area) 
      Partial area ratio:   18.35
      Required ratio: 2918.08 (Side area) 
      Cumulative area ratio:   65.56
      Required ratio:    0.00 (Cumulative side area) 


  Pin:   _15306_/S (sky130_fd_sc_hd__mux2_1)
    Layer: mcon
      Partial area ratio:    0.11
      Required ratio:    3.00 (Gate area) 
      Cumulative area ratio:    0.11
      Required ratio:    0.00 (Cumulative area) 

    Layer: met1
      Partial area ratio:    8.85
      Required ratio:    0.00 (Gate area) 
      Cumulative area ratio:    8.85
      Required ratio:    0.00 (Cumulative area) 
      Partial area ratio:   42.23
      Required ratio: 2918.08 (Side area) 
      Cumulative area ratio:   42.23
      Required ratio:    0.00 (Cumulative side area) 

    Layer: via
      Partial area ratio:    0.36
      Required ratio:   34.63 (Gate area) 
      Cumulative area ratio:    0.47
      Required ratio:    0.00 (Cumulative area) 

    Layer: met2
      Partial area ratio:    3.73
      Required ratio:    0.00 (Gate area) 
      Cumulative area ratio:   12.58
      Required ratio:    0.00 (Cumulative area) 
      Partial area ratio:   18.35
      Required ratio: 2918.08 (Side area) 
      Cumulative area ratio:   60.58
      Required ratio:    0.00 (Cumulative side area) 


  Pin:   fanout238/A (sky130_fd_sc_hd__buf_2)
    Layer: mcon
      Partial area ratio:    0.18
      Required ratio:    3.00 (Gate area) 
      Cumulative area ratio:    0.18
      Required ratio:    0.00 (Cumulative area) 

    Layer: met1
      Partial area ratio:   90.37
      Required ratio:    0.00 (Gate area) 
      Cumulative area ratio:   90.37
      Required ratio:    0.00 (Cumulative area) 
      Partial area ratio:  450.67
      Required ratio:  400.00 (Side area) (VIOLATED)
      Cumulative area ratio:  450.67
      Required ratio:    0.00 (Cumulative side area) 

    Layer: via
      Partial area ratio:    0.28
      Required ratio:    6.00 (Gate area) 
      Cumulative area ratio:    0.46
      Required ratio:    0.00 (Cumulative area) 

    Layer: met2
      Partial area ratio:    3.73
      Required ratio:    0.00 (Gate area) 
      Cumulative area ratio:   94.10
      Required ratio:    0.00 (Cumulative area) 
      Partial area ratio:   18.35
      Required ratio: 2918.08 (Side area) 
      Cumulative area ratio:  469.02
      Required ratio:    0.00 (Cumulative side area) 



Net: net295
  Pin:   _09810_/S (sky130_fd_sc_hd__mux2_1)
    Layer: mcon
      Partial area ratio:    0.11
      Required ratio:    3.00 (Gate area) 
      Cumulative area ratio:    0.11
      Required ratio:    0.00 (Cumulative area) 

    Layer: met1
      Partial area ratio:    2.30
      Required ratio:    0.00 (Gate area) 
      Cumulative area ratio:    2.30
      Required ratio:    0.00 (Cumulative area) 
      Partial area ratio:   10.49
      Required ratio:  400.00 (Side area) 
      Cumulative area ratio:   10.49
      Required ratio:    0.00 (Cumulative side area) 

    Layer: via
      Partial area ratio:    0.18
      Required ratio:    6.00 (Gate area) 
      Cumulative area ratio:    0.29
      Required ratio:    0.00 (Cumulative area) 

    Layer: met2
      Partial area ratio:    0.74
      Required ratio:    0.00 (Gate area) 
      Cumulative area ratio:    3.04
      Required ratio:    0.00 (Cumulative area) 
      Partial area ratio:    3.42
      Required ratio:  400.00 (Side area) 
      Cumulative area ratio:   13.91
      Required ratio:    0.00 (Cumulative side area) 

    Layer: via2
      Partial area ratio:    0.16
      Required ratio:    6.00 (Gate area) 
      Cumulative area ratio:    0.45
      Required ratio:    0.00 (Cumulative area) 

    Layer: met3
      Partial area ratio:  165.23
      Required ratio:    0.00 (Gate area) 
      Cumulative area ratio:  168.27
      Required ratio:    0.00 (Cumulative area) 
      Partial area ratio:  883.25
      Required ratio:  400.00 (Side area) (VIOLATED)
      Cumulative area ratio:  897.16
      Required ratio:    0.00 (Cumulative side area) 

    Layer: via3
      Partial area ratio:    0.09
      Required ratio:    6.00 (Gate area) 
      Cumulative area ratio:    0.54
      Required ratio:    0.00 (Cumulative area) 

    Layer: met4
      Partial area ratio:    7.84
      Required ratio:    0.00 (Gate area) 
      Cumulative area ratio:  176.11
      Required ratio:    0.00 (Cumulative area) 
      Partial area ratio:   42.41
      Required ratio: 3134.60 (Side area) 
      Cumulative area ratio:  939.57
      Required ratio:    0.00 (Cumulative side area) 


  Pin:   fanout279/A (sky130_fd_sc_hd__buf_4)
    Layer: mcon
      Partial area ratio:    0.12
      Required ratio:    3.00 (Gate area) 
      Cumulative area ratio:    0.12
      Required ratio:    0.00 (Cumulative area) 

    Layer: met1
      Partial area ratio:    9.88
      Required ratio:    0.00 (Gate area) 
      Cumulative area ratio:    9.88
      Required ratio:    0.00 (Cumulative area) 
      Partial area ratio:   48.67
      Required ratio:  400.00 (Side area) 
      Cumulative area ratio:   48.67
      Required ratio:    0.00 (Cumulative side area) 

    Layer: via
      Partial area ratio:    0.18
      Required ratio:    6.00 (Gate area) 
      Cumulative area ratio:    0.30
      Required ratio:    0.00 (Cumulative area) 

    Layer: met2
      Partial area ratio:   38.15
      Required ratio:    0.00 (Gate area) 
      Cumulative area ratio:   48.03
      Required ratio:    0.00 (Cumulative area) 
      Partial area ratio:  190.00
      Required ratio: 3134.60 (Side area) 
      Cumulative area ratio:  238.67
      Required ratio:    0.00 (Cumulative side area) 

    Layer: via2
      Partial area ratio:    0.16
      Required ratio:   54.11 (Gate area) 
      Cumulative area ratio:    0.46
      Required ratio:    0.00 (Cumulative area) 

    Layer: met3
      Partial area ratio:    2.34
      Required ratio:    0.00 (Gate area) 
      Cumulative area ratio:   50.37
      Required ratio:    0.00 (Cumulative area) 
      Partial area ratio:   13.41
      Required ratio: 3134.60 (Side area) 
      Cumulative area ratio:  252.09
      Required ratio:    0.00 (Cumulative side area) 

    Layer: via3
      Partial area ratio:    0.04
      Required ratio:   54.11 (Gate area) 
      Cumulative area ratio:    0.50
      Required ratio:    0.00 (Cumulative area) 

    Layer: met4
      Partial area ratio:    7.84
      Required ratio:    0.00 (Gate area) 
      Cumulative area ratio:   58.21
      Required ratio:    0.00 (Cumulative area) 
      Partial area ratio:   42.41
      Required ratio: 3134.60 (Side area) 
      Cumulative area ratio:  294.49
      Required ratio:    0.00 (Cumulative side area) 


  Pin:   fanout281/A (sky130_fd_sc_hd__buf_4)
    Layer: mcon
      Partial area ratio:    0.12
      Required ratio:    3.00 (Gate area) 
      Cumulative area ratio:    0.12
      Required ratio:    0.00 (Cumulative area) 

    Layer: met1
      Partial area ratio:    3.19
      Required ratio:    0.00 (Gate area) 
      Cumulative area ratio:    3.19
      Required ratio:    0.00 (Cumulative area) 
      Partial area ratio:   15.19
      Required ratio:  400.00 (Side area) 
      Cumulative area ratio:   15.19
      Required ratio:    0.00 (Cumulative side area) 

    Layer: via
      Partial area ratio:    0.18
      Required ratio:    6.00 (Gate area) 
      Cumulative area ratio:    0.30
      Required ratio:    0.00 (Cumulative area) 

    Layer: met2
      Partial area ratio:   38.15
      Required ratio:    0.00 (Gate area) 
      Cumulative area ratio:   41.34
      Required ratio:    0.00 (Cumulative area) 
      Partial area ratio:  190.00
      Required ratio: 3134.60 (Side area) 
      Cumulative area ratio:  205.18
      Required ratio:    0.00 (Cumulative side area) 

    Layer: via2
      Partial area ratio:    0.16
      Required ratio:   54.11 (Gate area) 
      Cumulative area ratio:    0.46
      Required ratio:    0.00 (Cumulative area) 

    Layer: met3
      Partial area ratio:    2.34
      Required ratio:    0.00 (Gate area) 
      Cumulative area ratio:   43.67
      Required ratio:    0.00 (Cumulative area) 
      Partial area ratio:   13.41
      Required ratio: 3134.60 (Side area) 
      Cumulative area ratio:  218.60
      Required ratio:    0.00 (Cumulative side area) 

    Layer: via3
      Partial area ratio:    0.04
      Required ratio:   54.11 (Gate area) 
      Cumulative area ratio:    0.50
      Required ratio:    0.00 (Cumulative area) 

    Layer: met4
      Partial area ratio:    7.84
      Required ratio:    0.00 (Gate area) 
      Cumulative area ratio:   51.52
      Required ratio:    0.00 (Cumulative area) 
      Partial area ratio:   42.41
      Required ratio: 3134.60 (Side area) 
      Cumulative area ratio:  261.01
      Required ratio:    0.00 (Cumulative side area) 


  Pin:   fanout285/A (sky130_fd_sc_hd__buf_6)
    Layer: mcon
      Partial area ratio:    0.06
      Required ratio:    3.00 (Gate area) 
      Cumulative area ratio:    0.06
      Required ratio:    0.00 (Cumulative area) 

    Layer: met1
      Partial area ratio:    0.76
      Required ratio:    0.00 (Gate area) 
      Cumulative area ratio:    0.76
      Required ratio:    0.00 (Cumulative area) 
      Partial area ratio:    3.43
      Required ratio:  400.00 (Side area) 
      Cumulative area ratio:    3.43
      Required ratio:    0.00 (Cumulative side area) 

    Layer: via
      Partial area ratio:    0.09
      Required ratio:    6.00 (Gate area) 
      Cumulative area ratio:    0.15
      Required ratio:    0.00 (Cumulative area) 

    Layer: met2
      Partial area ratio:    2.40
      Required ratio:    0.00 (Gate area) 
      Cumulative area ratio:    3.16
      Required ratio:    0.00 (Cumulative area) 
      Partial area ratio:   11.63
      Required ratio:  400.00 (Side area) 
      Cumulative area ratio:   15.06
      Required ratio:    0.00 (Cumulative side area) 

    Layer: via2
      Partial area ratio:    0.08
      Required ratio:    6.00 (Gate area) 
      Cumulative area ratio:    0.23
      Required ratio:    0.00 (Cumulative area) 

    Layer: met3
      Partial area ratio:    2.34
      Required ratio:    0.00 (Gate area) 
      Cumulative area ratio:    5.50
      Required ratio:    0.00 (Cumulative area) 
      Partial area ratio:   13.41
      Required ratio: 3134.60 (Side area) 
      Cumulative area ratio:   28.48
      Required ratio:    0.00 (Cumulative side area) 

    Layer: via3
      Partial area ratio:    0.04
      Required ratio:   54.11 (Gate area) 
      Cumulative area ratio:    0.27
      Required ratio:    0.00 (Cumulative area) 

    Layer: met4
      Partial area ratio:    7.84
      Required ratio:    0.00 (Gate area) 
      Cumulative area ratio:   13.34
      Required ratio:    0.00 (Cumulative area) 
      Partial area ratio:   42.41
      Required ratio: 3134.60 (Side area) 
      Cumulative area ratio:   70.89
      Required ratio:    0.00 (Cumulative side area) 


  Pin:   fanout289/A (sky130_fd_sc_hd__clkbuf_4)
    Layer: mcon
      Partial area ratio:    0.14
      Required ratio:    3.00 (Gate area) 
      Cumulative area ratio:    0.14
      Required ratio:    0.00 (Cumulative area) 

    Layer: met1
      Partial area ratio:    2.06
      Required ratio:    0.00 (Gate area) 
      Cumulative area ratio:    2.06
      Required ratio:    0.00 (Cumulative area) 
      Partial area ratio:    9.45
      Required ratio:  400.00 (Side area) 
      Cumulative area ratio:    9.45
      Required ratio:    0.00 (Cumulative side area) 

    Layer: via
      Partial area ratio:    0.21
      Required ratio:    6.00 (Gate area) 
      Cumulative area ratio:    0.35
      Required ratio:    0.00 (Cumulative area) 

    Layer: met2
      Partial area ratio:  146.41
      Required ratio:    0.00 (Gate area) 
      Cumulative area ratio:  148.47
      Required ratio:    0.00 (Cumulative area) 
      Partial area ratio:  730.45
      Required ratio:  400.00 (Side area) (VIOLATED)
      Cumulative area ratio:  739.90
      Required ratio:    0.00 (Cumulative side area) 

    Layer: via2
      Partial area ratio:    0.38
      Required ratio:    6.00 (Gate area) 
      Cumulative area ratio:    0.72
      Required ratio:    0.00 (Cumulative area) 

    Layer: met3
      Partial area ratio:  165.23
      Required ratio:    0.00 (Gate area) 
      Cumulative area ratio:  313.71
      Required ratio:    0.00 (Cumulative area) 
      Partial area ratio:  883.25
      Required ratio:  400.00 (Side area) (VIOLATED)
      Cumulative area ratio: 1623.15
      Required ratio:    0.00 (Cumulative side area) 

    Layer: via3
      Partial area ratio:    0.09
      Required ratio:    6.00 (Gate area) 
      Cumulative area ratio:    0.81
      Required ratio:    0.00 (Cumulative area) 

    Layer: met4
      Partial area ratio:    7.84
      Required ratio:    0.00 (Gate area) 
      Cumulative area ratio:  321.55
      Required ratio:    0.00 (Cumulative area) 
      Partial area ratio:   42.41
      Required ratio: 3134.60 (Side area) 
      Cumulative area ratio: 1665.56
      Required ratio:    0.00 (Cumulative side area) 


  Pin:   fanout294/A (sky130_fd_sc_hd__buf_2)
    Layer: mcon
      Partial area ratio:    0.18
      Required ratio:    3.00 (Gate area) 
      Cumulative area ratio:    0.18
      Required ratio:    0.00 (Cumulative area) 

    Layer: met1
      Partial area ratio:    4.48
      Required ratio:    0.00 (Gate area) 
      Cumulative area ratio:    4.48
      Required ratio:    0.00 (Cumulative area) 
      Partial area ratio:   21.23
      Required ratio:  400.00 (Side area) 
      Cumulative area ratio:   21.23
      Required ratio:    0.00 (Cumulative side area) 

    Layer: via
      Partial area ratio:    0.28
      Required ratio:    6.00 (Gate area) 
      Cumulative area ratio:    0.46
      Required ratio:    0.00 (Cumulative area) 

    Layer: met2
      Partial area ratio:    1.17
      Required ratio:    0.00 (Gate area) 
      Cumulative area ratio:    5.65
      Required ratio:    0.00 (Cumulative area) 
      Partial area ratio:    5.42
      Required ratio:  400.00 (Side area) 
      Cumulative area ratio:   26.65
      Required ratio:    0.00 (Cumulative side area) 

    Layer: via2
      Partial area ratio:    0.25
      Required ratio:    6.00 (Gate area) 
      Cumulative area ratio:    0.72
      Required ratio:    0.00 (Cumulative area) 

    Layer: met3
      Partial area ratio:  274.23
      Required ratio:    0.00 (Gate area) 
      Cumulative area ratio:  279.88
      Required ratio:    0.00 (Cumulative area) 
      Partial area ratio: 1465.46
      Required ratio:  400.00 (Side area) (VIOLATED)
      Cumulative area ratio: 1492.11
      Required ratio:    0.00 (Cumulative side area) 

    Layer: via3
      Partial area ratio:    0.50
      Required ratio:    6.00 (Gate area) 
      Cumulative area ratio:    1.22
      Required ratio:    0.00 (Cumulative area) 

    Layer: met4
      Partial area ratio:    7.84
      Required ratio:    0.00 (Gate area) 
      Cumulative area ratio:  287.73
      Required ratio:    0.00 (Cumulative area) 
      Partial area ratio:   42.41
      Required ratio: 3134.60 (Side area) 
      Cumulative area ratio: 1534.52
      Required ratio:    0.00 (Cumulative side area) 



Net: net558
  Pin:   fanout546/A (sky130_fd_sc_hd__buf_4)
    Layer: mcon
      Partial area ratio:    0.12
      Required ratio:    3.00 (Gate area) 
      Cumulative area ratio:    0.12
      Required ratio:    0.00 (Cumulative area) 

    Layer: met1
      Partial area ratio:   11.10
      Required ratio:    0.00 (Gate area) 
      Cumulative area ratio:   11.10
      Required ratio:    0.00 (Cumulative area) 
      Partial area ratio:   54.33
      Required ratio:  400.00 (Side area) 
      Cumulative area ratio:   54.33
      Required ratio:    0.00 (Cumulative side area) 

    Layer: via
      Partial area ratio:    0.27
      Required ratio:    6.00 (Gate area) 
      Cumulative area ratio:    0.39
      Required ratio:    0.00 (Cumulative area) 

    Layer: met2
      Partial area ratio:   31.99
      Required ratio:    0.00 (Gate area) 
      Cumulative area ratio:   43.09
      Required ratio:    0.00 (Cumulative area) 
      Partial area ratio:  159.32
      Required ratio: 2918.08 (Side area) 
      Cumulative area ratio:  213.65
      Required ratio:    0.00 (Cumulative side area) 


  Pin:   fanout547/A (sky130_fd_sc_hd__buf_2)
    Layer: mcon
      Partial area ratio:    0.18
      Required ratio:    3.00 (Gate area) 
      Cumulative area ratio:    0.18
      Required ratio:    0.00 (Cumulative area) 

    Layer: met1
      Partial area ratio:    4.53
      Required ratio:    0.00 (Gate area) 
      Cumulative area ratio:    4.53
      Required ratio:    0.00 (Cumulative area) 
      Partial area ratio:   21.49
      Required ratio:  400.00 (Side area) 
      Cumulative area ratio:   21.49
      Required ratio:    0.00 (Cumulative side area) 

    Layer: via
      Partial area ratio:    0.28
      Required ratio:    6.00 (Gate area) 
      Cumulative area ratio:    0.46
      Required ratio:    0.00 (Cumulative area) 

    Layer: met2
      Partial area ratio:   31.99
      Required ratio:    0.00 (Gate area) 
      Cumulative area ratio:   36.52
      Required ratio:    0.00 (Cumulative area) 
      Partial area ratio:  159.32
      Required ratio: 2918.08 (Side area) 
      Cumulative area ratio:  180.81
      Required ratio:    0.00 (Cumulative side area) 


  Pin:   fanout551/A (sky130_fd_sc_hd__buf_2)
    Layer: mcon
      Partial area ratio:    0.18
      Required ratio:    3.00 (Gate area) 
      Cumulative area ratio:    0.18
      Required ratio:    0.00 (Cumulative area) 

    Layer: met1
      Partial area ratio:  126.90
      Required ratio:    0.00 (Gate area) 
      Cumulative area ratio:  126.90
      Required ratio:    0.00 (Cumulative area) 
      Partial area ratio:  632.68
      Required ratio:  400.00 (Side area) (VIOLATED)
      Cumulative area ratio:  632.68
      Required ratio:    0.00 (Cumulative side area) 

    Layer: via
      Partial area ratio:    0.42
      Required ratio:    6.00 (Gate area) 
      Cumulative area ratio:    0.61
      Required ratio:    0.00 (Cumulative area) 

    Layer: met2
      Partial area ratio:   31.99
      Required ratio:    0.00 (Gate area) 
      Cumulative area ratio:  158.89
      Required ratio:    0.00 (Cumulative area) 
      Partial area ratio:  159.32
      Required ratio: 2918.08 (Side area) 
      Cumulative area ratio:  792.00
      Required ratio:    0.00 (Cumulative side area) 


  Pin:   fanout553/A (sky130_fd_sc_hd__buf_4)
    Layer: mcon
      Partial area ratio:    0.12
      Required ratio:    3.00 (Gate area) 
      Cumulative area ratio:    0.12
      Required ratio:    0.00 (Cumulative area) 

    Layer: met1
      Partial area ratio:    1.26
      Required ratio:    0.00 (Gate area) 
      Cumulative area ratio:    1.26
      Required ratio:    0.00 (Cumulative area) 
      Partial area ratio:    5.54
      Required ratio:  400.00 (Side area) 
      Cumulative area ratio:    5.54
      Required ratio:    0.00 (Cumulative side area) 

    Layer: via
      Partial area ratio:    0.18
      Required ratio:    6.00 (Gate area) 
      Cumulative area ratio:    0.30
      Required ratio:    0.00 (Cumulative area) 

    Layer: met2
      Partial area ratio:   31.99
      Required ratio:    0.00 (Gate area) 
      Cumulative area ratio:   33.25
      Required ratio:    0.00 (Cumulative area) 
      Partial area ratio:  159.32
      Required ratio: 2918.08 (Side area) 
      Cumulative area ratio:  164.87
      Required ratio:    0.00 (Cumulative side area) 


  Pin:   fanout557/A (sky130_fd_sc_hd__clkbuf_4)
    Layer: mcon
      Partial area ratio:    0.14
      Required ratio:    3.00 (Gate area) 
      Cumulative area ratio:    0.14
      Required ratio:    0.00 (Cumulative area) 

    Layer: met1
      Partial area ratio:    1.67
      Required ratio:    0.00 (Gate area) 
      Cumulative area ratio:    1.67
      Required ratio:    0.00 (Cumulative area) 
      Partial area ratio:    7.48
      Required ratio:  400.00 (Side area) 
      Cumulative area ratio:    7.48
      Required ratio:    0.00 (Cumulative side area) 

    Layer: via
      Partial area ratio:    0.21
      Required ratio:    6.00 (Gate area) 
      Cumulative area ratio:    0.35
      Required ratio:    0.00 (Cumulative area) 

    Layer: met2
      Partial area ratio:   31.99
      Required ratio:    0.00 (Gate area) 
      Cumulative area ratio:   33.66
      Required ratio:    0.00 (Cumulative area) 
      Partial area ratio:  159.32
      Required ratio: 2918.08 (Side area) 
      Cumulative area ratio:  166.80
      Required ratio:    0.00 (Cumulative side area) 



Net: net621
  Pin:   fanout575/A (sky130_fd_sc_hd__buf_2)
    Layer: mcon
      Partial area ratio:    0.18
      Required ratio:    3.00 (Gate area) 
      Cumulative area ratio:    0.18
      Required ratio:    0.00 (Cumulative area) 

    Layer: met1
      Partial area ratio:   98.58
      Required ratio:    0.00 (Gate area) 
      Cumulative area ratio:   98.58
      Required ratio:    0.00 (Cumulative area) 
      Partial area ratio:  491.08
      Required ratio:  400.00 (Side area) (VIOLATED)
      Cumulative area ratio:  491.08
      Required ratio:    0.00 (Cumulative side area) 

    Layer: via
      Partial area ratio:    0.42
      Required ratio:    6.00 (Gate area) 
      Cumulative area ratio:    0.61
      Required ratio:    0.00 (Cumulative area) 

    Layer: met2
      Partial area ratio:   33.01
      Required ratio:    0.00 (Gate area) 
      Cumulative area ratio:  131.59
      Required ratio:    0.00 (Cumulative area) 
      Partial area ratio:  164.28
      Required ratio: 2956.40 (Side area) 
      Cumulative area ratio:  655.36
      Required ratio:    0.00 (Cumulative side area) 


  Pin:   fanout581/A (sky130_fd_sc_hd__buf_2)
    Layer: mcon
      Partial area ratio:    0.18
      Required ratio:    3.00 (Gate area) 
      Cumulative area ratio:    0.18
      Required ratio:    0.00 (Cumulative area) 

    Layer: met1
      Partial area ratio:    5.92
      Required ratio:    0.00 (Gate area) 
      Cumulative area ratio:    5.92
      Required ratio:    0.00 (Cumulative area) 
      Partial area ratio:   28.45
      Required ratio:  400.00 (Side area) 
      Cumulative area ratio:   28.45
      Required ratio:    0.00 (Cumulative side area) 

    Layer: via
      Partial area ratio:    0.28
      Required ratio:    6.00 (Gate area) 
      Cumulative area ratio:    0.46
      Required ratio:    0.00 (Cumulative area) 

    Layer: met2
      Partial area ratio:   33.01
      Required ratio:    0.00 (Gate area) 
      Cumulative area ratio:   38.93
      Required ratio:    0.00 (Cumulative area) 
      Partial area ratio:  164.28
      Required ratio: 2956.40 (Side area) 
      Cumulative area ratio:  192.73
      Required ratio:    0.00 (Cumulative side area) 


  Pin:   fanout586/A (sky130_fd_sc_hd__dlymetal6s2s_1)
    Layer: mcon
      Partial area ratio:    0.23
      Required ratio:    3.00 (Gate area) 
      Cumulative area ratio:    0.23
      Required ratio:    0.00 (Cumulative area) 

    Layer: met1
      Partial area ratio:    4.64
      Required ratio:    0.00 (Gate area) 
      Cumulative area ratio:    4.64
      Required ratio:    0.00 (Cumulative area) 
      Partial area ratio:   21.74
      Required ratio:  400.00 (Side area) 
      Cumulative area ratio:   21.74
      Required ratio:    0.00 (Cumulative side area) 

    Layer: via
      Partial area ratio:    0.36
      Required ratio:    6.00 (Gate area) 
      Cumulative area ratio:    0.59
      Required ratio:    0.00 (Cumulative area) 

    Layer: met2
      Partial area ratio:   33.01
      Required ratio:    0.00 (Gate area) 
      Cumulative area ratio:   37.65
      Required ratio:    0.00 (Cumulative area) 
      Partial area ratio:  164.28
      Required ratio: 2956.40 (Side area) 
      Cumulative area ratio:  186.02
      Required ratio:    0.00 (Cumulative side area) 


  Pin:   fanout593/A (sky130_fd_sc_hd__buf_2)
    Layer: mcon
      Partial area ratio:    0.18
      Required ratio:    3.00 (Gate area) 
      Cumulative area ratio:    0.18
      Required ratio:    0.00 (Cumulative area) 

    Layer: met1
      Partial area ratio:  228.49
      Required ratio:    0.00 (Gate area) 
      Cumulative area ratio:  228.49
      Required ratio:    0.00 (Cumulative area) 
      Partial area ratio: 1140.62
      Required ratio:  400.00 (Side area) (VIOLATED)
      Cumulative area ratio: 1140.62
      Required ratio:    0.00 (Cumulative side area) 

    Layer: via
      Partial area ratio:    0.42
      Required ratio:    6.00 (Gate area) 
      Cumulative area ratio:    0.61
      Required ratio:    0.00 (Cumulative area) 

    Layer: met2
      Partial area ratio:   33.01
      Required ratio:    0.00 (Gate area) 
      Cumulative area ratio:  261.50
      Required ratio:    0.00 (Cumulative area) 
      Partial area ratio:  164.28
      Required ratio: 2956.40 (Side area) 
      Cumulative area ratio: 1304.90
      Required ratio:    0.00 (Cumulative side area) 


  Pin:   fanout620/A (sky130_fd_sc_hd__buf_4)
    Layer: mcon
      Partial area ratio:    0.12
      Required ratio:    3.00 (Gate area) 
      Cumulative area ratio:    0.12
      Required ratio:    0.00 (Cumulative area) 

    Layer: met1
      Partial area ratio:    6.59
      Required ratio:    0.00 (Gate area) 
      Cumulative area ratio:    6.59
      Required ratio:    0.00 (Cumulative area) 
      Partial area ratio:   31.49
      Required ratio: 2956.40 (Side area) 
      Cumulative area ratio:   31.49
      Required ratio:    0.00 (Cumulative side area) 

    Layer: via
      Partial area ratio:    0.27
      Required ratio:   38.08 (Gate area) 
      Cumulative area ratio:    0.39
      Required ratio:    0.00 (Cumulative area) 

    Layer: met2
      Partial area ratio:   33.01
      Required ratio:    0.00 (Gate area) 
      Cumulative area ratio:   39.60
      Required ratio:    0.00 (Cumulative area) 
      Partial area ratio:  164.28
      Required ratio: 2956.40 (Side area) 
      Cumulative area ratio:  195.77
      Required ratio:    0.00 (Cumulative side area) 



Net: net741
  Pin:   _14775_/A1 (sky130_fd_sc_hd__mux2_1)
    Layer: mcon
      Partial area ratio:    0.23
      Required ratio:    3.00 (Gate area) 
      Cumulative area ratio:    0.23
      Required ratio:    0.00 (Cumulative area) 

    Layer: met1
      Partial area ratio:    4.77
      Required ratio:    0.00 (Gate area) 
      Cumulative area ratio:    4.77
      Required ratio:    0.00 (Cumulative area) 
      Partial area ratio:   22.39
      Required ratio:  400.00 (Side area) 
      Cumulative area ratio:   22.39
      Required ratio:    0.00 (Cumulative side area) 

    Layer: via
      Partial area ratio:    0.36
      Required ratio:    6.00 (Gate area) 
      Cumulative area ratio:    0.59
      Required ratio:    0.00 (Cumulative area) 

    Layer: met2
      Partial area ratio:   17.09
      Required ratio:    0.00 (Gate area) 
      Cumulative area ratio:   21.87
      Required ratio:    0.00 (Cumulative area) 
      Partial area ratio:   84.03
      Required ratio:  400.00 (Side area) 
      Cumulative area ratio:  106.42
      Required ratio:    0.00 (Cumulative side area) 

    Layer: via2
      Partial area ratio:    0.32
      Required ratio:    6.00 (Gate area) 
      Cumulative area ratio:    0.90
      Required ratio:    0.00 (Cumulative area) 

    Layer: met3
      Partial area ratio:    5.08
      Required ratio:    0.00 (Gate area) 
      Cumulative area ratio:   26.94
      Required ratio:    0.00 (Cumulative area) 
      Partial area ratio:   27.65
      Required ratio: 2778.20 (Side area) 
      Cumulative area ratio:  134.07
      Required ratio:    0.00 (Cumulative side area) 


  Pin:   _15127_/A1 (sky130_fd_sc_hd__o21ai_1)
    Layer: mcon
      Partial area ratio:    0.12
      Required ratio:    3.00 (Gate area) 
      Cumulative area ratio:    0.12
      Required ratio:    0.00 (Cumulative area) 

    Layer: met1
      Partial area ratio:    2.09
      Required ratio:    0.00 (Gate area) 
      Cumulative area ratio:    2.09
      Required ratio:    0.00 (Cumulative area) 
      Partial area ratio:    9.72
      Required ratio:  400.00 (Side area) 
      Cumulative area ratio:    9.72
      Required ratio:    0.00 (Cumulative side area) 

    Layer: via
      Partial area ratio:    0.18
      Required ratio:    6.00 (Gate area) 
      Cumulative area ratio:    0.30
      Required ratio:    0.00 (Cumulative area) 

    Layer: met2
      Partial area ratio:   27.06
      Required ratio:    0.00 (Gate area) 
      Cumulative area ratio:   29.15
      Required ratio:    0.00 (Cumulative area) 
      Partial area ratio:  134.47
      Required ratio: 2778.20 (Side area) 
      Cumulative area ratio:  144.18
      Required ratio:    0.00 (Cumulative side area) 

    Layer: via2
      Partial area ratio:    0.06
      Required ratio:   22.04 (Gate area) 
      Cumulative area ratio:    0.35
      Required ratio:    0.00 (Cumulative area) 

    Layer: met3
      Partial area ratio:    5.08
      Required ratio:    0.00 (Gate area) 
      Cumulative area ratio:   34.23
      Required ratio:    0.00 (Cumulative area) 
      Partial area ratio:   27.65
      Required ratio: 2778.20 (Side area) 
      Cumulative area ratio:  171.83
      Required ratio:    0.00 (Cumulative side area) 


  Pin:   _15313_/A1 (sky130_fd_sc_hd__mux2_1)
    Layer: mcon
      Partial area ratio:    0.23
      Required ratio:    3.00 (Gate area) 
      Cumulative area ratio:    0.23
      Required ratio:    0.00 (Cumulative area) 

    Layer: met1
      Partial area ratio:    9.74
      Required ratio:    0.00 (Gate area) 
      Cumulative area ratio:    9.74
      Required ratio:    0.00 (Cumulative area) 
      Partial area ratio:   45.84
      Required ratio: 2778.20 (Side area) 
      Cumulative area ratio:   45.84
      Required ratio:    0.00 (Cumulative side area) 

    Layer: via
      Partial area ratio:    0.54
      Required ratio:   22.04 (Gate area) 
      Cumulative area ratio:    0.77
      Required ratio:    0.00 (Cumulative area) 

    Layer: met2
      Partial area ratio:   27.06
      Required ratio:    0.00 (Gate area) 
      Cumulative area ratio:   36.80
      Required ratio:    0.00 (Cumulative area) 
      Partial area ratio:  134.47
      Required ratio: 2778.20 (Side area) 
      Cumulative area ratio:  180.31
      Required ratio:    0.00 (Cumulative side area) 

    Layer: via2
      Partial area ratio:    0.06
      Required ratio:   22.04 (Gate area) 
      Cumulative area ratio:    0.82
      Required ratio:    0.00 (Cumulative area) 

    Layer: met3
      Partial area ratio:    5.08
      Required ratio:    0.00 (Gate area) 
      Cumulative area ratio:   41.88
      Required ratio:    0.00 (Cumulative area) 
      Partial area ratio:   27.65
      Required ratio: 2778.20 (Side area) 
      Cumulative area ratio:  207.96
      Required ratio:    0.00 (Cumulative side area) 


  Pin:   fanout739/A (sky130_fd_sc_hd__clkbuf_2)
    Layer: mcon
      Partial area ratio:    0.14
      Required ratio:    3.00 (Gate area) 
      Cumulative area ratio:    0.14
      Required ratio:    0.00 (Cumulative area) 

    Layer: met1
      Partial area ratio:    4.30
      Required ratio:    0.00 (Gate area) 
      Cumulative area ratio:    4.30
      Required ratio:    0.00 (Cumulative area) 
      Partial area ratio:   20.62
      Required ratio:  400.00 (Side area) 
      Cumulative area ratio:   20.62
      Required ratio:    0.00 (Cumulative side area) 

    Layer: via
      Partial area ratio:    0.21
      Required ratio:    6.00 (Gate area) 
      Cumulative area ratio:    0.35
      Required ratio:    0.00 (Cumulative area) 

    Layer: met2
      Partial area ratio:   27.06
      Required ratio:    0.00 (Gate area) 
      Cumulative area ratio:   31.35
      Required ratio:    0.00 (Cumulative area) 
      Partial area ratio:  134.47
      Required ratio: 2778.20 (Side area) 
      Cumulative area ratio:  155.09
      Required ratio:    0.00 (Cumulative side area) 

    Layer: via2
      Partial area ratio:    0.06
      Required ratio:   22.04 (Gate area) 
      Cumulative area ratio:    0.40
      Required ratio:    0.00 (Cumulative area) 

    Layer: met3
      Partial area ratio:    5.08
      Required ratio:    0.00 (Gate area) 
      Cumulative area ratio:   36.43
      Required ratio:    0.00 (Cumulative area) 
      Partial area ratio:   27.65
      Required ratio: 2778.20 (Side area) 
      Cumulative area ratio:  182.74
      Required ratio:    0.00 (Cumulative side area) 


  Pin:   fanout740/A (sky130_fd_sc_hd__dlymetal6s2s_1)
    Layer: mcon
      Partial area ratio:    0.23
      Required ratio:    3.00 (Gate area) 
      Cumulative area ratio:    0.23
      Required ratio:    0.00 (Cumulative area) 

    Layer: met1
      Partial area ratio:  106.54
      Required ratio:    0.00 (Gate area) 
      Cumulative area ratio:  106.54
      Required ratio:    0.00 (Cumulative area) 
      Partial area ratio:  529.52
      Required ratio:  400.00 (Side area) (VIOLATED)
      Cumulative area ratio:  529.52
      Required ratio:    0.00 (Cumulative side area) 

    Layer: via
      Partial area ratio:    0.71
      Required ratio:    6.00 (Gate area) 
      Cumulative area ratio:    0.94
      Required ratio:    0.00 (Cumulative area) 

    Layer: met2
      Partial area ratio:   27.06
      Required ratio:    0.00 (Gate area) 
      Cumulative area ratio:  133.60
      Required ratio:    0.00 (Cumulative area) 
      Partial area ratio:  134.47
      Required ratio: 2778.20 (Side area) 
      Cumulative area ratio:  663.99
      Required ratio:    0.00 (Cumulative side area) 

    Layer: via2
      Partial area ratio:    0.06
      Required ratio:   22.04 (Gate area) 
      Cumulative area ratio:    1.00
      Required ratio:    0.00 (Cumulative area) 

    Layer: met3
      Partial area ratio:    5.08
      Required ratio:    0.00 (Gate area) 
      Cumulative area ratio:  138.68
      Required ratio:    0.00 (Cumulative area) 
      Partial area ratio:   27.65
      Required ratio: 2778.20 (Side area) 
      Cumulative area ratio:  691.64
      Required ratio:    0.00 (Cumulative side area) 



Net: net792
  Pin:   _12668_/A1 (sky130_fd_sc_hd__mux2_1)
    Layer: mcon
      Partial area ratio:    0.23
      Required ratio:    3.00 (Gate area) 
      Cumulative area ratio:    0.23
      Required ratio:    0.00 (Cumulative area) 

    Layer: met1
      Partial area ratio:  147.83
      Required ratio:    0.00 (Gate area) 
      Cumulative area ratio:  147.83
      Required ratio:    0.00 (Cumulative area) 
      Partial area ratio:  736.83
      Required ratio:  400.00 (Side area) (VIOLATED)
      Cumulative area ratio:  736.83
      Required ratio:    0.00 (Cumulative side area) 

    Layer: via
      Partial area ratio:    0.54
      Required ratio:    6.00 (Gate area) 
      Cumulative area ratio:    0.77
      Required ratio:    0.00 (Cumulative area) 

    Layer: met2
      Partial area ratio:   32.24
      Required ratio:    0.00 (Gate area) 
      Cumulative area ratio:  180.08
      Required ratio:    0.00 (Cumulative area) 
      Partial area ratio:  160.25
      Required ratio: 2918.08 (Side area) 
      Cumulative area ratio:  897.09
      Required ratio:    0.00 (Cumulative side area) 


  Pin:   _12706_/A (sky130_fd_sc_hd__and2_1)
    Layer: mcon
      Partial area ratio:    0.23
      Required ratio:    3.00 (Gate area) 
      Cumulative area ratio:    0.23
      Required ratio:    0.00 (Cumulative area) 

    Layer: met1
      Partial area ratio:   20.23
      Required ratio:    0.00 (Gate area) 
      Cumulative area ratio:   20.23
      Required ratio:    0.00 (Cumulative area) 
      Partial area ratio:   98.81
      Required ratio:  400.00 (Side area) 
      Cumulative area ratio:   98.81
      Required ratio:    0.00 (Cumulative side area) 

    Layer: via
      Partial area ratio:    0.54
      Required ratio:    6.00 (Gate area) 
      Cumulative area ratio:    0.77
      Required ratio:    0.00 (Cumulative area) 

    Layer: met2
      Partial area ratio:   32.24
      Required ratio:    0.00 (Gate area) 
      Cumulative area ratio:   52.47
      Required ratio:    0.00 (Cumulative area) 
      Partial area ratio:  160.25
      Required ratio: 2918.08 (Side area) 
      Cumulative area ratio:  259.06
      Required ratio:    0.00 (Cumulative side area) 


  Pin:   _12848_/B (sky130_fd_sc_hd__nand4_1)
    Layer: mcon
      Partial area ratio:    0.12
      Required ratio:    3.00 (Gate area) 
      Cumulative area ratio:    0.12
      Required ratio:    0.00 (Cumulative area) 

    Layer: met1
      Partial area ratio:    2.71
      Required ratio:    0.00 (Gate area) 
      Cumulative area ratio:    2.71
      Required ratio:    0.00 (Cumulative area) 
      Partial area ratio:   12.78
      Required ratio:  400.00 (Side area) 
      Cumulative area ratio:   12.78
      Required ratio:    0.00 (Cumulative side area) 

    Layer: via
      Partial area ratio:    0.18
      Required ratio:    6.00 (Gate area) 
      Cumulative area ratio:    0.30
      Required ratio:    0.00 (Cumulative area) 

    Layer: met2
      Partial area ratio:   32.24
      Required ratio:    0.00 (Gate area) 
      Cumulative area ratio:   34.95
      Required ratio:    0.00 (Cumulative area) 
      Partial area ratio:  160.25
      Required ratio: 2918.08 (Side area) 
      Cumulative area ratio:  173.03
      Required ratio:    0.00 (Cumulative side area) 


  Pin:   _13202_/A0 (sky130_fd_sc_hd__mux2_1)
    Layer: mcon
      Partial area ratio:    0.23
      Required ratio:    3.00 (Gate area) 
      Cumulative area ratio:    0.23
      Required ratio:    0.00 (Cumulative area) 

    Layer: met1
      Partial area ratio:   12.70
      Required ratio:    0.00 (Gate area) 
      Cumulative area ratio:   12.70
      Required ratio:    0.00 (Cumulative area) 
      Partial area ratio:   62.04
      Required ratio:  400.00 (Side area) 
      Cumulative area ratio:   62.04
      Required ratio:    0.00 (Cumulative side area) 

    Layer: via
      Partial area ratio:    0.36
      Required ratio:    6.00 (Gate area) 
      Cumulative area ratio:    0.59
      Required ratio:    0.00 (Cumulative area) 

    Layer: met2
      Partial area ratio:   32.24
      Required ratio:    0.00 (Gate area) 
      Cumulative area ratio:   44.95
      Required ratio:    0.00 (Cumulative area) 
      Partial area ratio:  160.25
      Required ratio: 2918.08 (Side area) 
      Cumulative area ratio:  222.30
      Required ratio:    0.00 (Cumulative side area) 


  Pin:   fanout791/A (sky130_fd_sc_hd__buf_2)
    Layer: mcon
      Partial area ratio:    0.18
      Required ratio:    3.00 (Gate area) 
      Cumulative area ratio:    0.18
      Required ratio:    0.00 (Cumulative area) 

    Layer: met1
      Partial area ratio:    4.26
      Required ratio:    0.00 (Gate area) 
      Cumulative area ratio:    4.26
      Required ratio:    0.00 (Cumulative area) 
      Partial area ratio:   20.11
      Required ratio:  400.00 (Side area) 
      Cumulative area ratio:   20.11
      Required ratio:    0.00 (Cumulative side area) 

    Layer: via
      Partial area ratio:    0.28
      Required ratio:    6.00 (Gate area) 
      Cumulative area ratio:    0.46
      Required ratio:    0.00 (Cumulative area) 

    Layer: met2
      Partial area ratio:   32.24
      Required ratio:    0.00 (Gate area) 
      Cumulative area ratio:   36.50
      Required ratio:    0.00 (Cumulative area) 
      Partial area ratio:  160.25
      Required ratio: 2918.08 (Side area) 
      Cumulative area ratio:  180.37
      Required ratio:    0.00 (Cumulative side area) 



Net: net942
  Pin:   _18305_/RESET_B (sky130_fd_sc_hd__dfrtp_1)
    Layer: met1
      Partial area ratio:   12.10
      Required ratio:    0.00 (Gate area) 
      Cumulative area ratio:   12.10
      Required ratio:    0.00 (Cumulative area) 
      Partial area ratio:   60.01
      Required ratio:  400.00 (Side area) 
      Cumulative area ratio:   60.01
      Required ratio:    0.00 (Cumulative side area) 

    Layer: via
      Partial area ratio:    0.18
      Required ratio:    6.00 (Gate area) 
      Cumulative area ratio:    0.18
      Required ratio:    0.00 (Cumulative area) 

    Layer: met2
      Partial area ratio:    8.14
      Required ratio:    0.00 (Gate area) 
      Cumulative area ratio:   20.23
      Required ratio:    0.00 (Cumulative area) 
      Partial area ratio:   40.25
      Required ratio: 3236.16 (Side area) 
      Cumulative area ratio:  100.27
      Required ratio:    0.00 (Cumulative side area) 

    Layer: via2
      Partial area ratio:    0.03
      Required ratio:   63.25 (Gate area) 
      Cumulative area ratio:    0.21
      Required ratio:    0.00 (Cumulative area) 

    Layer: met3
      Partial area ratio:   13.75
      Required ratio:    0.00 (Gate area) 
      Cumulative area ratio:   33.98
      Required ratio:    0.00 (Cumulative area) 
      Partial area ratio:   73.52
      Required ratio: 3236.16 (Side area) 
      Cumulative area ratio:  173.79
      Required ratio:    0.00 (Cumulative side area) 

    Layer: via3
      Partial area ratio:    0.02
      Required ratio:   63.25 (Gate area) 
      Cumulative area ratio:    0.22
      Required ratio:    0.00 (Cumulative area) 

    Layer: met4
      Partial area ratio:    8.26
      Required ratio:    0.00 (Gate area) 
      Cumulative area ratio:   42.24
      Required ratio:    0.00 (Cumulative area) 
      Partial area ratio:   44.25
      Required ratio: 3236.16 (Side area) 
      Cumulative area ratio:  218.04
      Required ratio:    0.00 (Cumulative side area) 


  Pin:   _18306_/RESET_B (sky130_fd_sc_hd__dfrtp_1)
    Layer: met1
      Partial area ratio:    1.31
      Required ratio:    0.00 (Gate area) 
      Cumulative area ratio:    1.31
      Required ratio:    0.00 (Cumulative area) 
      Partial area ratio:    6.93
      Required ratio:  400.00 (Side area) 
      Cumulative area ratio:    6.93
      Required ratio:    0.00 (Cumulative side area) 

    Layer: via
      Partial area ratio:    0.09
      Required ratio:    6.00 (Gate area) 
      Cumulative area ratio:    0.09
      Required ratio:    0.00 (Cumulative area) 

    Layer: met2
      Partial area ratio:    8.14
      Required ratio:    0.00 (Gate area) 
      Cumulative area ratio:    9.45
      Required ratio:    0.00 (Cumulative area) 
      Partial area ratio:   40.25
      Required ratio: 3236.16 (Side area) 
      Cumulative area ratio:   47.19
      Required ratio:    0.00 (Cumulative side area) 

    Layer: via2
      Partial area ratio:    0.03
      Required ratio:   63.25 (Gate area) 
      Cumulative area ratio:    0.12
      Required ratio:    0.00 (Cumulative area) 

    Layer: met3
      Partial area ratio:   13.75
      Required ratio:    0.00 (Gate area) 
      Cumulative area ratio:   23.20
      Required ratio:    0.00 (Cumulative area) 
      Partial area ratio:   73.52
      Required ratio: 3236.16 (Side area) 
      Cumulative area ratio:  120.71
      Required ratio:    0.00 (Cumulative side area) 

    Layer: via3
      Partial area ratio:    0.02
      Required ratio:   63.25 (Gate area) 
      Cumulative area ratio:    0.13
      Required ratio:    0.00 (Cumulative area) 

    Layer: met4
      Partial area ratio:    8.26
      Required ratio:    0.00 (Gate area) 
      Cumulative area ratio:   31.46
      Required ratio:    0.00 (Cumulative area) 
      Partial area ratio:   44.25
      Required ratio: 3236.16 (Side area) 
      Cumulative area ratio:  164.95
      Required ratio:    0.00 (Cumulative side area) 


  Pin:   _18324_/RESET_B (sky130_fd_sc_hd__dfrtp_1)
    Layer: met1
      Partial area ratio:    1.60
      Required ratio:    0.00 (Gate area) 
      Cumulative area ratio:    1.60
      Required ratio:    0.00 (Cumulative area) 
      Partial area ratio:    8.38
      Required ratio:  400.00 (Side area) 
      Cumulative area ratio:    8.38
      Required ratio:    0.00 (Cumulative side area) 

    Layer: via
      Partial area ratio:    0.09
      Required ratio:    6.00 (Gate area) 
      Cumulative area ratio:    0.09
      Required ratio:    0.00 (Cumulative area) 

    Layer: met2
      Partial area ratio:    0.41
      Required ratio:    0.00 (Gate area) 
      Cumulative area ratio:    2.01
      Required ratio:    0.00 (Cumulative area) 
      Partial area ratio:    1.81
      Required ratio:  400.00 (Side area) 
      Cumulative area ratio:   10.18
      Required ratio:    0.00 (Cumulative side area) 

    Layer: via2
      Partial area ratio:    0.16
      Required ratio:    6.00 (Gate area) 
      Cumulative area ratio:    0.25
      Required ratio:    0.00 (Cumulative area) 

    Layer: met3
      Partial area ratio:    0.50
      Required ratio:    0.00 (Gate area) 
      Cumulative area ratio:    2.51
      Required ratio:    0.00 (Cumulative area) 
      Partial area ratio:    4.51
      Required ratio:  400.00 (Side area) 
      Cumulative area ratio:   14.69
      Required ratio:    0.00 (Cumulative side area) 

    Layer: via3
      Partial area ratio:    0.16
      Required ratio:    6.00 (Gate area) 
      Cumulative area ratio:    0.41
      Required ratio:    0.00 (Cumulative area) 

    Layer: met4
      Partial area ratio:    8.26
      Required ratio:    0.00 (Gate area) 
      Cumulative area ratio:   10.77
      Required ratio:    0.00 (Cumulative area) 
      Partial area ratio:   44.25
      Required ratio: 3236.16 (Side area) 
      Cumulative area ratio:   58.94
      Required ratio:    0.00 (Cumulative side area) 


  Pin:   _18595_/RESET_B (sky130_fd_sc_hd__dfrtp_4)
    Layer: met1
      Partial area ratio:    5.07
      Required ratio:    0.00 (Gate area) 
      Cumulative area ratio:    5.07
      Required ratio:    0.00 (Cumulative area) 
      Partial area ratio:   25.32
      Required ratio:  400.00 (Side area) 
      Cumulative area ratio:   25.32
      Required ratio:    0.00 (Cumulative side area) 

    Layer: via
      Partial area ratio:    0.06
      Required ratio:    6.00 (Gate area) 
      Cumulative area ratio:    0.06
      Required ratio:    0.00 (Cumulative area) 

    Layer: met2
      Partial area ratio:    8.14
      Required ratio:    0.00 (Gate area) 
      Cumulative area ratio:   13.20
      Required ratio:    0.00 (Cumulative area) 
      Partial area ratio:   40.25
      Required ratio: 3236.16 (Side area) 
      Cumulative area ratio:   65.58
      Required ratio:    0.00 (Cumulative side area) 

    Layer: via2
      Partial area ratio:    0.03
      Required ratio:   63.25 (Gate area) 
      Cumulative area ratio:    0.09
      Required ratio:    0.00 (Cumulative area) 

    Layer: met3
      Partial area ratio:   13.75
      Required ratio:    0.00 (Gate area) 
      Cumulative area ratio:   26.95
      Required ratio:    0.00 (Cumulative area) 
      Partial area ratio:   73.52
      Required ratio: 3236.16 (Side area) 
      Cumulative area ratio:  139.10
      Required ratio:    0.00 (Cumulative side area) 

    Layer: via3
      Partial area ratio:    0.02
      Required ratio:   63.25 (Gate area) 
      Cumulative area ratio:    0.10
      Required ratio:    0.00 (Cumulative area) 

    Layer: met4
      Partial area ratio:    8.26
      Required ratio:    0.00 (Gate area) 
      Cumulative area ratio:   35.21
      Required ratio:    0.00 (Cumulative area) 
      Partial area ratio:   44.25
      Required ratio: 3236.16 (Side area) 
      Cumulative area ratio:  183.35
      Required ratio:    0.00 (Cumulative side area) 


  Pin:   _18596_/RESET_B (sky130_fd_sc_hd__dfrtp_4)
    Layer: met1
      Partial area ratio:   15.22
      Required ratio:    0.00 (Gate area) 
      Cumulative area ratio:   15.22
      Required ratio:    0.00 (Cumulative area) 
      Partial area ratio:   76.49
      Required ratio:  400.00 (Side area) 
      Cumulative area ratio:   76.49
      Required ratio:    0.00 (Cumulative side area) 

    Layer: via
      Partial area ratio:    0.06
      Required ratio:    6.00 (Gate area) 
      Cumulative area ratio:    0.06
      Required ratio:    0.00 (Cumulative area) 

    Layer: met2
      Partial area ratio:    8.14
      Required ratio:    0.00 (Gate area) 
      Cumulative area ratio:   23.36
      Required ratio:    0.00 (Cumulative area) 
      Partial area ratio:   40.25
      Required ratio: 3236.16 (Side area) 
      Cumulative area ratio:  116.75
      Required ratio:    0.00 (Cumulative side area) 

    Layer: via2
      Partial area ratio:    0.03
      Required ratio:   63.25 (Gate area) 
      Cumulative area ratio:    0.09
      Required ratio:    0.00 (Cumulative area) 

    Layer: met3
      Partial area ratio:   13.75
      Required ratio:    0.00 (Gate area) 
      Cumulative area ratio:   37.11
      Required ratio:    0.00 (Cumulative area) 
      Partial area ratio:   73.52
      Required ratio: 3236.16 (Side area) 
      Cumulative area ratio:  190.27
      Required ratio:    0.00 (Cumulative side area) 

    Layer: via3
      Partial area ratio:    0.02
      Required ratio:   63.25 (Gate area) 
      Cumulative area ratio:    0.10
      Required ratio:    0.00 (Cumulative area) 

    Layer: met4
      Partial area ratio:    8.26
      Required ratio:    0.00 (Gate area) 
      Cumulative area ratio:   45.37
      Required ratio:    0.00 (Cumulative area) 
      Partial area ratio:   44.25
      Required ratio: 3236.16 (Side area) 
      Cumulative area ratio:  234.52
      Required ratio:    0.00 (Cumulative side area) 


  Pin:   _18597_/RESET_B (sky130_fd_sc_hd__dfrtp_1)
    Layer: met1
      Partial area ratio:    1.53
      Required ratio:    0.00 (Gate area) 
      Cumulative area ratio:    1.53
      Required ratio:    0.00 (Cumulative area) 
      Partial area ratio:    7.82
      Required ratio:  400.00 (Side area) 
      Cumulative area ratio:    7.82
      Required ratio:    0.00 (Cumulative side area) 

    Layer: via
      Partial area ratio:    0.04
      Required ratio:    6.00 (Gate area) 
      Cumulative area ratio:    0.04
      Required ratio:    0.00 (Cumulative area) 

    Layer: met2
      Partial area ratio:    1.58
      Required ratio:    0.00 (Gate area) 
      Cumulative area ratio:    3.10
      Required ratio:    0.00 (Cumulative area) 
      Partial area ratio:    7.64
      Required ratio:  400.00 (Side area) 
      Cumulative area ratio:   15.46
      Required ratio:    0.00 (Cumulative side area) 

    Layer: via2
      Partial area ratio:    0.05
      Required ratio:    6.00 (Gate area) 
      Cumulative area ratio:    0.10
      Required ratio:    0.00 (Cumulative area) 

    Layer: met3
      Partial area ratio:   13.75
      Required ratio:    0.00 (Gate area) 
      Cumulative area ratio:   16.85
      Required ratio:    0.00 (Cumulative area) 
      Partial area ratio:   73.52
      Required ratio: 3236.16 (Side area) 
      Cumulative area ratio:   88.98
      Required ratio:    0.00 (Cumulative side area) 

    Layer: via3
      Partial area ratio:    0.02
      Required ratio:   63.25 (Gate area) 
      Cumulative area ratio:    0.12
      Required ratio:    0.00 (Cumulative area) 

    Layer: met4
      Partial area ratio:    8.26
      Required ratio:    0.00 (Gate area) 
      Cumulative area ratio:   25.11
      Required ratio:    0.00 (Cumulative area) 
      Partial area ratio:   44.25
      Required ratio: 3236.16 (Side area) 
      Cumulative area ratio:  133.23
      Required ratio:    0.00 (Cumulative side area) 


  Pin:   _18598_/RESET_B (sky130_fd_sc_hd__dfrtp_1)
    Layer: met1
      Partial area ratio:    1.53
      Required ratio:    0.00 (Gate area) 
      Cumulative area ratio:    1.53
      Required ratio:    0.00 (Cumulative area) 
      Partial area ratio:    7.82
      Required ratio:  400.00 (Side area) 
      Cumulative area ratio:    7.82
      Required ratio:    0.00 (Cumulative side area) 

    Layer: via
      Partial area ratio:    0.04
      Required ratio:    6.00 (Gate area) 
      Cumulative area ratio:    0.04
      Required ratio:    0.00 (Cumulative area) 

    Layer: met2
      Partial area ratio:    1.58
      Required ratio:    0.00 (Gate area) 
      Cumulative area ratio:    3.10
      Required ratio:    0.00 (Cumulative area) 
      Partial area ratio:    7.64
      Required ratio:  400.00 (Side area) 
      Cumulative area ratio:   15.46
      Required ratio:    0.00 (Cumulative side area) 

    Layer: via2
      Partial area ratio:    0.05
      Required ratio:    6.00 (Gate area) 
      Cumulative area ratio:    0.10
      Required ratio:    0.00 (Cumulative area) 

    Layer: met3
      Partial area ratio:   13.75
      Required ratio:    0.00 (Gate area) 
      Cumulative area ratio:   16.85
      Required ratio:    0.00 (Cumulative area) 
      Partial area ratio:   73.52
      Required ratio: 3236.16 (Side area) 
      Cumulative area ratio:   88.98
      Required ratio:    0.00 (Cumulative side area) 

    Layer: via3
      Partial area ratio:    0.02
      Required ratio:   63.25 (Gate area) 
      Cumulative area ratio:    0.12
      Required ratio:    0.00 (Cumulative area) 

    Layer: met4
      Partial area ratio:    8.26
      Required ratio:    0.00 (Gate area) 
      Cumulative area ratio:   25.11
      Required ratio:    0.00 (Cumulative area) 
      Partial area ratio:   44.25
      Required ratio: 3236.16 (Side area) 
      Cumulative area ratio:  133.23
      Required ratio:    0.00 (Cumulative side area) 


  Pin:   _18600_/RESET_B (sky130_fd_sc_hd__dfrtp_1)
    Layer: met1
      Partial area ratio:    5.07
      Required ratio:    0.00 (Gate area) 
      Cumulative area ratio:    5.07
      Required ratio:    0.00 (Cumulative area) 
      Partial area ratio:   25.44
      Required ratio:  400.00 (Side area) 
      Cumulative area ratio:   25.44
      Required ratio:    0.00 (Cumulative side area) 

    Layer: via
      Partial area ratio:    0.06
      Required ratio:    6.00 (Gate area) 
      Cumulative area ratio:    0.06
      Required ratio:    0.00 (Cumulative area) 

    Layer: met2
      Partial area ratio:    8.14
      Required ratio:    0.00 (Gate area) 
      Cumulative area ratio:   13.21
      Required ratio:    0.00 (Cumulative area) 
      Partial area ratio:   40.25
      Required ratio: 3236.16 (Side area) 
      Cumulative area ratio:   65.69
      Required ratio:    0.00 (Cumulative side area) 

    Layer: via2
      Partial area ratio:    0.03
      Required ratio:   63.25 (Gate area) 
      Cumulative area ratio:    0.09
      Required ratio:    0.00 (Cumulative area) 

    Layer: met3
      Partial area ratio:   13.75
      Required ratio:    0.00 (Gate area) 
      Cumulative area ratio:   26.95
      Required ratio:    0.00 (Cumulative area) 
      Partial area ratio:   73.52
      Required ratio: 3236.16 (Side area) 
      Cumulative area ratio:  139.21
      Required ratio:    0.00 (Cumulative side area) 

    Layer: via3
      Partial area ratio:    0.02
      Required ratio:   63.25 (Gate area) 
      Cumulative area ratio:    0.10
      Required ratio:    0.00 (Cumulative area) 

    Layer: met4
      Partial area ratio:    8.26
      Required ratio:    0.00 (Gate area) 
      Cumulative area ratio:   35.22
      Required ratio:    0.00 (Cumulative area) 
      Partial area ratio:   44.25
      Required ratio: 3236.16 (Side area) 
      Cumulative area ratio:  183.46
      Required ratio:    0.00 (Cumulative side area) 


  Pin:   _18601_/RESET_B (sky130_fd_sc_hd__dfrtp_2)
    Layer: met1
      Partial area ratio:    8.41
      Required ratio:    0.00 (Gate area) 
      Cumulative area ratio:    8.41
      Required ratio:    0.00 (Cumulative area) 
      Partial area ratio:   41.90
      Required ratio:  400.00 (Side area) 
      Cumulative area ratio:   41.90
      Required ratio:    0.00 (Cumulative side area) 

    Layer: via
      Partial area ratio:    0.18
      Required ratio:    6.00 (Gate area) 
      Cumulative area ratio:    0.18
      Required ratio:    0.00 (Cumulative area) 

    Layer: met2
      Partial area ratio:    1.58
      Required ratio:    0.00 (Gate area) 
      Cumulative area ratio:    9.98
      Required ratio:    0.00 (Cumulative area) 
      Partial area ratio:    7.64
      Required ratio:  400.00 (Side area) 
      Cumulative area ratio:   49.54
      Required ratio:    0.00 (Cumulative side area) 

    Layer: via2
      Partial area ratio:    0.05
      Required ratio:    6.00 (Gate area) 
      Cumulative area ratio:    0.23
      Required ratio:    0.00 (Cumulative area) 

    Layer: met3
      Partial area ratio:   13.75
      Required ratio:    0.00 (Gate area) 
      Cumulative area ratio:   23.73
      Required ratio:    0.00 (Cumulative area) 
      Partial area ratio:   73.52
      Required ratio: 3236.16 (Side area) 
      Cumulative area ratio:  123.06
      Required ratio:    0.00 (Cumulative side area) 

    Layer: via3
      Partial area ratio:    0.02
      Required ratio:   63.25 (Gate area) 
      Cumulative area ratio:    0.25
      Required ratio:    0.00 (Cumulative area) 

    Layer: met4
      Partial area ratio:    8.26
      Required ratio:    0.00 (Gate area) 
      Cumulative area ratio:   31.99
      Required ratio:    0.00 (Cumulative area) 
      Partial area ratio:   44.25
      Required ratio: 3236.16 (Side area) 
      Cumulative area ratio:  167.30
      Required ratio:    0.00 (Cumulative side area) 


  Pin:   _18817_/RESET_B (sky130_fd_sc_hd__dfrtp_1)
    Layer: met1
      Partial area ratio:  117.70
      Required ratio:    0.00 (Gate area) 
      Cumulative area ratio:  117.70
      Required ratio:    0.00 (Cumulative area) 
      Partial area ratio:  588.17
      Required ratio:  400.00 (Side area) (VIOLATED)
      Cumulative area ratio:  588.17
      Required ratio:    0.00 (Cumulative side area) 

    Layer: via
      Partial area ratio:    0.18
      Required ratio:   63.25 (Gate area) 
      Cumulative area ratio:    0.18
      Required ratio:    0.00 (Cumulative area) 

    Layer: met2
      Partial area ratio:    8.14
      Required ratio:    0.00 (Gate area) 
      Cumulative area ratio:  125.84
      Required ratio:    0.00 (Cumulative area) 
      Partial area ratio:   40.25
      Required ratio: 3236.16 (Side area) 
      Cumulative area ratio:  628.42
      Required ratio:    0.00 (Cumulative side area) 

    Layer: via2
      Partial area ratio:    0.03
      Required ratio:   63.25 (Gate area) 
      Cumulative area ratio:    0.21
      Required ratio:    0.00 (Cumulative area) 

    Layer: met3
      Partial area ratio:   13.75
      Required ratio:    0.00 (Gate area) 
      Cumulative area ratio:  139.59
      Required ratio:    0.00 (Cumulative area) 
      Partial area ratio:   73.52
      Required ratio: 3236.16 (Side area) 
      Cumulative area ratio:  701.94
      Required ratio:    0.00 (Cumulative side area) 

    Layer: via3
      Partial area ratio:    0.02
      Required ratio:   63.25 (Gate area) 
      Cumulative area ratio:    0.22
      Required ratio:    0.00 (Cumulative area) 

    Layer: met4
      Partial area ratio:    8.26
      Required ratio:    0.00 (Gate area) 
      Cumulative area ratio:  147.85
      Required ratio:    0.00 (Cumulative area) 
      Partial area ratio:   44.25
      Required ratio: 3236.16 (Side area) 
      Cumulative area ratio:  746.19
      Required ratio:    0.00 (Cumulative side area) 



[INFO ANT-0002] Found 31 net violations.
[INFO ANT-0001] Found 39 pin violations.
