Net: _03710_
  Pin:   _09300_/B (sky130_fd_sc_hd__and2_1)
    Layer: mcon
      Partial area ratio:    0.23
      Required ratio:    3.00 (Gate area) 
      Cumulative area ratio:    0.23
      Required ratio:    0.00 (Cumulative area) 

    Layer: met1
      Partial area ratio:  278.42
      Required ratio:    0.00 (Gate area) 
      Cumulative area ratio:  278.42
      Required ratio:    0.00 (Cumulative area) 
      Partial area ratio: 1390.64
      Required ratio:  400.00 (Side area) (VIOLATED)
      Cumulative area ratio: 1390.64
      Required ratio:    0.00 (Cumulative side area) 

    Layer: via
      Partial area ratio:    0.36
      Required ratio:    6.00 (Gate area) 
      Cumulative area ratio:    0.59
      Required ratio:    0.00 (Cumulative area) 

    Layer: met2
      Partial area ratio:   41.58
      Required ratio:    0.00 (Gate area) 
      Cumulative area ratio:  320.01
      Required ratio:    0.00 (Cumulative area) 
      Partial area ratio:  205.89
      Required ratio: 2778.20 (Side area) 
      Cumulative area ratio: 1596.53
      Required ratio:    0.00 (Cumulative side area) 



Net: _04362_
  Pin:   fanout216/A (sky130_fd_sc_hd__buf_4)
    Layer: mcon
      Partial area ratio:    0.12
      Required ratio:    3.00 (Gate area) 
      Cumulative area ratio:    0.12
      Required ratio:    0.00 (Cumulative area) 

    Layer: met1
      Partial area ratio:    6.56
      Required ratio:    0.00 (Gate area) 
      Cumulative area ratio:    6.56
      Required ratio:    0.00 (Cumulative area) 
      Partial area ratio:   32.04
      Required ratio:  400.00 (Side area) 
      Cumulative area ratio:   32.04
      Required ratio:    0.00 (Cumulative side area) 

    Layer: via
      Partial area ratio:    0.18
      Required ratio:    6.00 (Gate area) 
      Cumulative area ratio:    0.30
      Required ratio:    0.00 (Cumulative area) 

    Layer: met2
      Partial area ratio:   32.12
      Required ratio:    0.00 (Gate area) 
      Cumulative area ratio:   38.68
      Required ratio:    0.00 (Cumulative area) 
      Partial area ratio:  159.87
      Required ratio:  400.00 (Side area) 
      Cumulative area ratio:  191.91
      Required ratio:    0.00 (Cumulative side area) 

    Layer: via2
      Partial area ratio:    0.16
      Required ratio:    6.00 (Gate area) 
      Cumulative area ratio:    0.46
      Required ratio:    0.00 (Cumulative area) 

    Layer: met3
      Partial area ratio:   33.96
      Required ratio:    0.00 (Gate area) 
      Cumulative area ratio:   72.63
      Required ratio:    0.00 (Cumulative area) 
      Partial area ratio:  182.98
      Required ratio:  400.00 (Side area) 
      Cumulative area ratio:  374.89
      Required ratio:    0.00 (Cumulative side area) 

    Layer: via3
      Partial area ratio:    0.16
      Required ratio:    6.00 (Gate area) 
      Cumulative area ratio:    0.62
      Required ratio:    0.00 (Cumulative area) 

    Layer: met4
      Partial area ratio:   59.97
      Required ratio:    0.00 (Gate area) 
      Cumulative area ratio:  132.61
      Required ratio:    0.00 (Cumulative area) 
      Partial area ratio:  320.94
      Required ratio: 3172.40 (Side area) 
      Cumulative area ratio:  695.84
      Required ratio:    0.00 (Cumulative side area) 


  Pin:   fanout217/A (sky130_fd_sc_hd__buf_2)
    Layer: mcon
      Partial area ratio:    0.18
      Required ratio:    3.00 (Gate area) 
      Cumulative area ratio:    0.18
      Required ratio:    0.00 (Cumulative area) 

    Layer: met1
      Partial area ratio:    6.05
      Required ratio:    0.00 (Gate area) 
      Cumulative area ratio:    6.05
      Required ratio:    0.00 (Cumulative area) 
      Partial area ratio:   29.07
      Required ratio:  400.00 (Side area) 
      Cumulative area ratio:   29.07
      Required ratio:    0.00 (Cumulative side area) 

    Layer: via
      Partial area ratio:    0.28
      Required ratio:    6.00 (Gate area) 
      Cumulative area ratio:    0.46
      Required ratio:    0.00 (Cumulative area) 

    Layer: met2
      Partial area ratio:    1.17
      Required ratio:    0.00 (Gate area) 
      Cumulative area ratio:    7.22
      Required ratio:    0.00 (Cumulative area) 
      Partial area ratio:    5.42
      Required ratio:  400.00 (Side area) 
      Cumulative area ratio:   34.48
      Required ratio:    0.00 (Cumulative side area) 

    Layer: via2
      Partial area ratio:    0.25
      Required ratio:    6.00 (Gate area) 
      Cumulative area ratio:    0.72
      Required ratio:    0.00 (Cumulative area) 

    Layer: met3
      Partial area ratio:   13.80
      Required ratio:    0.00 (Gate area) 
      Cumulative area ratio:   21.02
      Required ratio:    0.00 (Cumulative area) 
      Partial area ratio:   76.53
      Required ratio:  400.00 (Side area) 
      Cumulative area ratio:  111.01
      Required ratio:    0.00 (Cumulative side area) 

    Layer: via3
      Partial area ratio:    0.25
      Required ratio:    6.00 (Gate area) 
      Cumulative area ratio:    0.97
      Required ratio:    0.00 (Cumulative area) 

    Layer: met4
      Partial area ratio:   59.97
      Required ratio:    0.00 (Gate area) 
      Cumulative area ratio:   80.99
      Required ratio:    0.00 (Cumulative area) 
      Partial area ratio:  320.94
      Required ratio: 3172.40 (Side area) 
      Cumulative area ratio:  431.95
      Required ratio:    0.00 (Cumulative side area) 


  Pin:   fanout218/A (sky130_fd_sc_hd__buf_4)
    Layer: mcon
      Partial area ratio:    0.12
      Required ratio:    3.00 (Gate area) 
      Cumulative area ratio:    0.12
      Required ratio:    0.00 (Cumulative area) 

    Layer: met1
      Partial area ratio:    3.14
      Required ratio:    0.00 (Gate area) 
      Cumulative area ratio:    3.14
      Required ratio:    0.00 (Cumulative area) 
      Partial area ratio:   14.96
      Required ratio:  400.00 (Side area) 
      Cumulative area ratio:   14.96
      Required ratio:    0.00 (Cumulative side area) 

    Layer: via
      Partial area ratio:    0.18
      Required ratio:    6.00 (Gate area) 
      Cumulative area ratio:    0.30
      Required ratio:    0.00 (Cumulative area) 

    Layer: met2
      Partial area ratio:    0.75
      Required ratio:    0.00 (Gate area) 
      Cumulative area ratio:    3.90
      Required ratio:    0.00 (Cumulative area) 
      Partial area ratio:    3.48
      Required ratio:  400.00 (Side area) 
      Cumulative area ratio:   18.44
      Required ratio:    0.00 (Cumulative side area) 

    Layer: via2
      Partial area ratio:    0.16
      Required ratio:    6.00 (Gate area) 
      Cumulative area ratio:    0.46
      Required ratio:    0.00 (Cumulative area) 

    Layer: met3
      Partial area ratio:  117.42
      Required ratio:    0.00 (Gate area) 
      Cumulative area ratio:  121.32
      Required ratio:    0.00 (Cumulative area) 
      Partial area ratio:  628.26
      Required ratio:  400.00 (Side area) (VIOLATED)
      Cumulative area ratio:  646.70
      Required ratio:    0.00 (Cumulative side area) 

    Layer: via3
      Partial area ratio:    0.17
      Required ratio:    6.00 (Gate area) 
      Cumulative area ratio:    0.63
      Required ratio:    0.00 (Cumulative area) 

    Layer: met4
      Partial area ratio:   59.97
      Required ratio:    0.00 (Gate area) 
      Cumulative area ratio:  181.29
      Required ratio:    0.00 (Cumulative area) 
      Partial area ratio:  320.94
      Required ratio: 3172.40 (Side area) 
      Cumulative area ratio:  967.64
      Required ratio:    0.00 (Cumulative side area) 


  Pin:   fanout219/A (sky130_fd_sc_hd__clkbuf_2)
    Layer: mcon
      Partial area ratio:    0.14
      Required ratio:    3.00 (Gate area) 
      Cumulative area ratio:    0.14
      Required ratio:    0.00 (Cumulative area) 

    Layer: met1
      Partial area ratio:    2.69
      Required ratio:    0.00 (Gate area) 
      Cumulative area ratio:    2.69
      Required ratio:    0.00 (Cumulative area) 
      Partial area ratio:   12.57
      Required ratio:  400.00 (Side area) 
      Cumulative area ratio:   12.57
      Required ratio:    0.00 (Cumulative side area) 

    Layer: via
      Partial area ratio:    0.21
      Required ratio:    6.00 (Gate area) 
      Cumulative area ratio:    0.35
      Required ratio:    0.00 (Cumulative area) 

    Layer: met2
      Partial area ratio:   33.03
      Required ratio:    0.00 (Gate area) 
      Cumulative area ratio:   35.72
      Required ratio:    0.00 (Cumulative area) 
      Partial area ratio:  163.55
      Required ratio:  400.00 (Side area) 
      Cumulative area ratio:  176.12
      Required ratio:    0.00 (Cumulative side area) 

    Layer: via2
      Partial area ratio:    0.38
      Required ratio:    6.00 (Gate area) 
      Cumulative area ratio:    0.72
      Required ratio:    0.00 (Cumulative area) 

    Layer: met3
      Partial area ratio:  117.42
      Required ratio:    0.00 (Gate area) 
      Cumulative area ratio:  153.14
      Required ratio:    0.00 (Cumulative area) 
      Partial area ratio:  628.26
      Required ratio:  400.00 (Side area) (VIOLATED)
      Cumulative area ratio:  804.37
      Required ratio:    0.00 (Cumulative side area) 

    Layer: via3
      Partial area ratio:    0.17
      Required ratio:    6.00 (Gate area) 
      Cumulative area ratio:    0.90
      Required ratio:    0.00 (Cumulative area) 

    Layer: met4
      Partial area ratio:   59.97
      Required ratio:    0.00 (Gate area) 
      Cumulative area ratio:  213.11
      Required ratio:    0.00 (Cumulative area) 
      Partial area ratio:  320.94
      Required ratio: 3172.40 (Side area) 
      Cumulative area ratio: 1125.31
      Required ratio:    0.00 (Cumulative side area) 



Net: _06130_
  Pin:   _12574_/A1 (sky130_fd_sc_hd__mux2_1)
    Layer: mcon
      Partial area ratio:    0.23
      Required ratio:    3.00 (Gate area) 
      Cumulative area ratio:    0.23
      Required ratio:    0.00 (Cumulative area) 

    Layer: met1
      Partial area ratio:   87.26
      Required ratio:    0.00 (Gate area) 
      Cumulative area ratio:   87.26
      Required ratio:    0.00 (Cumulative area) 
      Partial area ratio:  434.83
      Required ratio:  400.00 (Side area) (VIOLATED)
      Cumulative area ratio:  434.83
      Required ratio:    0.00 (Cumulative side area) 

    Layer: via
      Partial area ratio:    0.36
      Required ratio:    6.00 (Gate area) 
      Cumulative area ratio:    0.59
      Required ratio:    0.00 (Cumulative area) 

    Layer: met2
      Partial area ratio:   25.29
      Required ratio:    0.00 (Gate area) 
      Cumulative area ratio:  112.55
      Required ratio:    0.00 (Cumulative area) 
      Partial area ratio:  125.33
      Required ratio: 2810.00 (Side area) 
      Cumulative area ratio:  560.17
      Required ratio:    0.00 (Cumulative side area) 



Net: _07111_
  Pin:   _13685_/A1 (sky130_fd_sc_hd__mux2_1)
    Layer: mcon
      Partial area ratio:    0.23
      Required ratio:    3.00 (Gate area) 
      Cumulative area ratio:    0.23
      Required ratio:    0.00 (Cumulative area) 

    Layer: met1
      Partial area ratio:  137.19
      Required ratio:    0.00 (Gate area) 
      Cumulative area ratio:  137.19
      Required ratio:    0.00 (Cumulative area) 
      Partial area ratio:  684.50
      Required ratio:  400.00 (Side area) (VIOLATED)
      Cumulative area ratio:  684.50
      Required ratio:    0.00 (Cumulative side area) 

    Layer: via
      Partial area ratio:    0.36
      Required ratio:    6.00 (Gate area) 
      Cumulative area ratio:    0.59
      Required ratio:    0.00 (Cumulative area) 

    Layer: met2
      Partial area ratio:   17.62
      Required ratio:    0.00 (Gate area) 
      Cumulative area ratio:  154.81
      Required ratio:    0.00 (Cumulative area) 
      Partial area ratio:   87.00
      Required ratio: 2965.20 (Side area) 
      Cumulative area ratio:  771.50
      Required ratio:    0.00 (Cumulative side area) 



Net: _07122_
  Pin:   _13698_/A1 (sky130_fd_sc_hd__mux2_1)
    Layer: mcon
      Partial area ratio:    0.23
      Required ratio:    3.00 (Gate area) 
      Cumulative area ratio:    0.23
      Required ratio:    0.00 (Cumulative area) 

    Layer: met1
      Partial area ratio:  165.86
      Required ratio:    0.00 (Gate area) 
      Cumulative area ratio:  165.86
      Required ratio:    0.00 (Cumulative area) 
      Partial area ratio:  827.83
      Required ratio:  400.00 (Side area) (VIOLATED)
      Cumulative area ratio:  827.83
      Required ratio:    0.00 (Cumulative side area) 

    Layer: via
      Partial area ratio:    0.36
      Required ratio:    6.00 (Gate area) 
      Cumulative area ratio:    0.59
      Required ratio:    0.00 (Cumulative area) 

    Layer: met2
      Partial area ratio:    9.95
      Required ratio:    0.00 (Gate area) 
      Cumulative area ratio:  175.81
      Required ratio:    0.00 (Cumulative area) 
      Partial area ratio:   48.67
      Required ratio: 2965.20 (Side area) 
      Cumulative area ratio:  876.50
      Required ratio:    0.00 (Cumulative side area) 



Net: _08491_
  Pin:   _15228_/A1 (sky130_fd_sc_hd__mux2_1)
    Layer: mcon
      Partial area ratio:    0.23
      Required ratio:    3.00 (Gate area) 
      Cumulative area ratio:    0.23
      Required ratio:    0.00 (Cumulative area) 

    Layer: met1
      Partial area ratio:   96.65
      Required ratio:    0.00 (Gate area) 
      Cumulative area ratio:   96.65
      Required ratio:    0.00 (Cumulative area) 
      Partial area ratio:  481.78
      Required ratio:  400.00 (Side area) (VIOLATED)
      Cumulative area ratio:  481.78
      Required ratio:    0.00 (Cumulative side area) 

    Layer: via
      Partial area ratio:    0.36
      Required ratio:    6.00 (Gate area) 
      Cumulative area ratio:    0.59
      Required ratio:    0.00 (Cumulative area) 

    Layer: met2
      Partial area ratio:    9.95
      Required ratio:    0.00 (Gate area) 
      Cumulative area ratio:  106.60
      Required ratio:    0.00 (Cumulative area) 
      Partial area ratio:   48.67
      Required ratio: 2810.00 (Side area) 
      Cumulative area ratio:  530.44
      Required ratio:    0.00 (Cumulative side area) 



Net: br_last
  Pin:   _10094_/A0 (sky130_fd_sc_hd__mux2_1)
    Layer: mcon
      Partial area ratio:    0.23
      Required ratio:    3.00 (Gate area) 
      Cumulative area ratio:    0.23
      Required ratio:    0.00 (Cumulative area) 

    Layer: met1
      Partial area ratio:  135.99
      Required ratio:    0.00 (Gate area) 
      Cumulative area ratio:  135.99
      Required ratio:    0.00 (Cumulative area) 
      Partial area ratio:  678.48
      Required ratio:  400.00 (Side area) (VIOLATED)
      Cumulative area ratio:  678.48
      Required ratio:    0.00 (Cumulative side area) 

    Layer: via
      Partial area ratio:    0.36
      Required ratio:    6.00 (Gate area) 
      Cumulative area ratio:    0.59
      Required ratio:    0.00 (Cumulative area) 

    Layer: met2
      Partial area ratio:   85.81
      Required ratio:    0.00 (Gate area) 
      Cumulative area ratio:  221.80
      Required ratio:    0.00 (Cumulative area) 
      Partial area ratio:  428.44
      Required ratio: 2778.20 (Side area) 
      Cumulative area ratio: 1106.93
      Required ratio:    0.00 (Cumulative side area) 


  Pin:   hold1229/A (sky130_fd_sc_hd__dlygate4sd3_1)
    Layer: mcon
      Partial area ratio:    0.23
      Required ratio:    3.00 (Gate area) 
      Cumulative area ratio:    0.23
      Required ratio:    0.00 (Cumulative area) 

    Layer: met1
      Partial area ratio:   13.89
      Required ratio:    0.00 (Gate area) 
      Cumulative area ratio:   13.89
      Required ratio:    0.00 (Cumulative area) 
      Partial area ratio:   66.58
      Required ratio: 2778.20 (Side area) 
      Cumulative area ratio:   66.58
      Required ratio:    0.00 (Cumulative side area) 

    Layer: via
      Partial area ratio:    0.54
      Required ratio:   22.04 (Gate area) 
      Cumulative area ratio:    0.77
      Required ratio:    0.00 (Cumulative area) 

    Layer: met2
      Partial area ratio:   85.81
      Required ratio:    0.00 (Gate area) 
      Cumulative area ratio:   99.70
      Required ratio:    0.00 (Cumulative area) 
      Partial area ratio:  428.44
      Required ratio: 2778.20 (Side area) 
      Cumulative area ratio:  495.03
      Required ratio:    0.00 (Cumulative side area) 



Net: clk
  Pin:   clkbuf_0_clk/A (sky130_fd_sc_hd__clkbuf_16)
    Layer: mcon
      Partial area ratio:    0.03
      Required ratio:    3.00 (Gate area) 
      Cumulative area ratio:    0.03
      Required ratio:    0.00 (Cumulative area) 

    Layer: met1
      Partial area ratio:    0.71
      Required ratio:    0.00 (Gate area) 
      Cumulative area ratio:    0.71
      Required ratio:    0.00 (Cumulative area) 
      Partial area ratio:    3.35
      Required ratio:  400.00 (Side area) 
      Cumulative area ratio:    3.35
      Required ratio:    0.00 (Cumulative side area) 

    Layer: via
      Partial area ratio:    0.05
      Required ratio:    6.00 (Gate area) 
      Cumulative area ratio:    0.09
      Required ratio:    0.00 (Cumulative area) 

    Layer: met2
      Partial area ratio:    0.22
      Required ratio:    0.00 (Gate area) 
      Cumulative area ratio:    0.93
      Required ratio:    0.00 (Cumulative area) 
      Partial area ratio:    1.01
      Required ratio:  400.00 (Side area) 
      Cumulative area ratio:    4.36
      Required ratio:    0.00 (Cumulative side area) 

    Layer: via2
      Partial area ratio:    0.05
      Required ratio:    6.00 (Gate area) 
      Cumulative area ratio:    0.13
      Required ratio:    0.00 (Cumulative area) 

    Layer: met3
      Partial area ratio:    0.15
      Required ratio:    0.00 (Gate area) 
      Cumulative area ratio:    1.08
      Required ratio:    0.00 (Cumulative area) 
      Partial area ratio:    1.33
      Required ratio:  400.00 (Side area) 
      Cumulative area ratio:    5.69
      Required ratio:    0.00 (Cumulative side area) 

    Layer: via3
      Partial area ratio:    0.05
      Required ratio:    6.00 (Gate area) 
      Cumulative area ratio:    0.18
      Required ratio:    0.00 (Cumulative area) 

    Layer: met4
      Partial area ratio:   80.32
      Required ratio:    0.00 (Gate area) 
      Cumulative area ratio:   81.39
      Required ratio:    0.00 (Cumulative area) 
      Partial area ratio:  428.90
      Required ratio:  400.00 (Side area) (VIOLATED)
      Cumulative area ratio:  434.60
      Required ratio:    0.00 (Cumulative side area) 



Net: u_array.a_h\[100\]
  Pin:   fanout787/A (sky130_fd_sc_hd__dlymetal6s2s_1)
    Layer: mcon
      Partial area ratio:    0.23
      Required ratio:    3.00 (Gate area) 
      Cumulative area ratio:    0.23
      Required ratio:    0.00 (Cumulative area) 

    Layer: met1
      Partial area ratio:   26.64
      Required ratio:    0.00 (Gate area) 
      Cumulative area ratio:   26.64
      Required ratio:    0.00 (Cumulative area) 
      Partial area ratio:  131.71
      Required ratio:  400.00 (Side area) 
      Cumulative area ratio:  131.71
      Required ratio:    0.00 (Cumulative side area) 

    Layer: via
      Partial area ratio:    0.36
      Required ratio:    6.00 (Gate area) 
      Cumulative area ratio:    0.59
      Required ratio:    0.00 (Cumulative area) 

    Layer: met2
      Partial area ratio:   55.43
      Required ratio:    0.00 (Gate area) 
      Cumulative area ratio:   82.06
      Required ratio:    0.00 (Cumulative area) 
      Partial area ratio:  275.69
      Required ratio:  400.00 (Side area) 
      Cumulative area ratio:  407.41
      Required ratio:    0.00 (Cumulative side area) 

    Layer: via2
      Partial area ratio:    0.32
      Required ratio:    6.00 (Gate area) 
      Cumulative area ratio:    0.90
      Required ratio:    0.00 (Cumulative area) 

    Layer: met3
      Partial area ratio:  296.70
      Required ratio:    0.00 (Gate area) 
      Cumulative area ratio:  378.76
      Required ratio:    0.00 (Cumulative area) 
      Partial area ratio: 1586.10
      Required ratio:  400.00 (Side area) (VIOLATED)
      Cumulative area ratio: 1993.50
      Required ratio:    0.00 (Cumulative side area) 

    Layer: via3
      Partial area ratio:    0.32
      Required ratio:    6.00 (Gate area) 
      Cumulative area ratio:    1.22
      Required ratio:    0.00 (Cumulative area) 

    Layer: met4
      Partial area ratio:  107.26
      Required ratio:    0.00 (Gate area) 
      Cumulative area ratio:  486.02
      Required ratio:    0.00 (Cumulative area) 
      Partial area ratio:  573.90
      Required ratio: 2778.20 (Side area) 
      Cumulative area ratio: 2567.41
      Required ratio:    0.00 (Cumulative side area) 


  Pin:   hold1779/A (sky130_fd_sc_hd__dlygate4sd3_1)
    Layer: mcon
      Partial area ratio:    0.23
      Required ratio:    3.00 (Gate area) 
      Cumulative area ratio:    0.23
      Required ratio:    0.00 (Cumulative area) 

    Layer: met1
      Partial area ratio:    5.83
      Required ratio:    0.00 (Gate area) 
      Cumulative area ratio:    5.83
      Required ratio:    0.00 (Cumulative area) 
      Partial area ratio:   26.08
      Required ratio: 2778.20 (Side area) 
      Cumulative area ratio:   26.08
      Required ratio:    0.00 (Cumulative side area) 

    Layer: via
      Partial area ratio:    0.54
      Required ratio:   22.04 (Gate area) 
      Cumulative area ratio:    0.77
      Required ratio:    0.00 (Cumulative area) 

    Layer: met2
      Partial area ratio:    2.14
      Required ratio:    0.00 (Gate area) 
      Cumulative area ratio:    7.97
      Required ratio:    0.00 (Cumulative area) 
      Partial area ratio:   10.06
      Required ratio: 2778.20 (Side area) 
      Cumulative area ratio:   36.14
      Required ratio:    0.00 (Cumulative side area) 

    Layer: via2
      Partial area ratio:    0.32
      Required ratio:   22.04 (Gate area) 
      Cumulative area ratio:    1.08
      Required ratio:    0.00 (Cumulative area) 

    Layer: met3
      Partial area ratio:    0.99
      Required ratio:    0.00 (Gate area) 
      Cumulative area ratio:    8.97
      Required ratio:    0.00 (Cumulative area) 
      Partial area ratio:    9.02
      Required ratio: 2778.20 (Side area) 
      Cumulative area ratio:   45.15
      Required ratio:    0.00 (Cumulative side area) 

    Layer: via3
      Partial area ratio:    0.32
      Required ratio:   22.04 (Gate area) 
      Cumulative area ratio:    1.40
      Required ratio:    0.00 (Cumulative area) 

    Layer: met4
      Partial area ratio:  107.26
      Required ratio:    0.00 (Gate area) 
      Cumulative area ratio:  116.22
      Required ratio:    0.00 (Cumulative area) 
      Partial area ratio:  573.90
      Required ratio: 2778.20 (Side area) 
      Cumulative area ratio:  619.06
      Required ratio:    0.00 (Cumulative side area) 



Net: u_array.a_h\[102\]
  Pin:   fanout783/A (sky130_fd_sc_hd__clkbuf_2)
    Layer: mcon
      Partial area ratio:    0.14
      Required ratio:    3.00 (Gate area) 
      Cumulative area ratio:    0.14
      Required ratio:    0.00 (Cumulative area) 

    Layer: met1
      Partial area ratio:   26.26
      Required ratio:    0.00 (Gate area) 
      Cumulative area ratio:   26.26
      Required ratio:    0.00 (Cumulative area) 
      Partial area ratio:  130.45
      Required ratio:  400.00 (Side area) 
      Cumulative area ratio:  130.45
      Required ratio:    0.00 (Cumulative side area) 

    Layer: via
      Partial area ratio:    0.21
      Required ratio:    6.00 (Gate area) 
      Cumulative area ratio:    0.35
      Required ratio:    0.00 (Cumulative area) 

    Layer: met2
      Partial area ratio:   10.11
      Required ratio:    0.00 (Gate area) 
      Cumulative area ratio:   36.38
      Required ratio:    0.00 (Cumulative area) 
      Partial area ratio:   49.71
      Required ratio:  400.00 (Side area) 
      Cumulative area ratio:  180.16
      Required ratio:    0.00 (Cumulative side area) 

    Layer: via2
      Partial area ratio:    0.19
      Required ratio:    6.00 (Gate area) 
      Cumulative area ratio:    0.53
      Required ratio:    0.00 (Cumulative area) 

    Layer: met3
      Partial area ratio:  185.23
      Required ratio:    0.00 (Gate area) 
      Cumulative area ratio:  221.61
      Required ratio:    0.00 (Cumulative area) 
      Partial area ratio:  990.08
      Required ratio:  400.00 (Side area) (VIOLATED)
      Cumulative area ratio: 1170.24
      Required ratio:    0.00 (Cumulative side area) 

    Layer: via3
      Partial area ratio:    0.19
      Required ratio:    6.00 (Gate area) 
      Cumulative area ratio:    0.72
      Required ratio:    0.00 (Cumulative area) 

    Layer: met4
      Partial area ratio:  110.26
      Required ratio:    0.00 (Gate area) 
      Cumulative area ratio:  331.87
      Required ratio:    0.00 (Cumulative area) 
      Partial area ratio:  589.45
      Required ratio: 2778.20 (Side area) 
      Cumulative area ratio: 1759.70
      Required ratio:    0.00 (Cumulative side area) 


  Pin:   hold1811/A (sky130_fd_sc_hd__dlygate4sd3_1)
    Layer: mcon
      Partial area ratio:    0.23
      Required ratio:    3.00 (Gate area) 
      Cumulative area ratio:    0.23
      Required ratio:    0.00 (Cumulative area) 

    Layer: met1
      Partial area ratio:    5.07
      Required ratio:    0.00 (Gate area) 
      Cumulative area ratio:    5.07
      Required ratio:    0.00 (Cumulative area) 
      Partial area ratio:   23.89
      Required ratio:  400.00 (Side area) 
      Cumulative area ratio:   23.89
      Required ratio:    0.00 (Cumulative side area) 

    Layer: via
      Partial area ratio:    0.36
      Required ratio:    6.00 (Gate area) 
      Cumulative area ratio:    0.59
      Required ratio:    0.00 (Cumulative area) 

    Layer: met2
      Partial area ratio:   10.09
      Required ratio:    0.00 (Gate area) 
      Cumulative area ratio:   15.16
      Required ratio:    0.00 (Cumulative area) 
      Partial area ratio:   48.92
      Required ratio: 2778.20 (Side area) 
      Cumulative area ratio:   72.81
      Required ratio:    0.00 (Cumulative side area) 

    Layer: via2
      Partial area ratio:    0.32
      Required ratio:   22.04 (Gate area) 
      Cumulative area ratio:    0.90
      Required ratio:    0.00 (Cumulative area) 

    Layer: met3
      Partial area ratio:    0.99
      Required ratio:    0.00 (Gate area) 
      Cumulative area ratio:   16.15
      Required ratio:    0.00 (Cumulative area) 
      Partial area ratio:    9.02
      Required ratio: 2778.20 (Side area) 
      Cumulative area ratio:   81.82
      Required ratio:    0.00 (Cumulative side area) 

    Layer: via3
      Partial area ratio:    0.32
      Required ratio:   22.04 (Gate area) 
      Cumulative area ratio:    1.22
      Required ratio:    0.00 (Cumulative area) 

    Layer: met4
      Partial area ratio:  110.26
      Required ratio:    0.00 (Gate area) 
      Cumulative area ratio:  126.41
      Required ratio:    0.00 (Cumulative area) 
      Partial area ratio:  589.45
      Required ratio: 2778.20 (Side area) 
      Cumulative area ratio:  671.27
      Required ratio:    0.00 (Cumulative side area) 



Net: u_array.g_row\[2\].g_col\[3\].u_pe.ps_o\[3\]
  Pin:   _09488_/A (sky130_fd_sc_hd__nand2_1)
    Layer: mcon
      Partial area ratio:    0.12
      Required ratio:    3.00 (Gate area) 
      Cumulative area ratio:    0.12
      Required ratio:    0.00 (Cumulative area) 

    Layer: met1
      Partial area ratio:    2.63
      Required ratio:    0.00 (Gate area) 
      Cumulative area ratio:    2.63
      Required ratio:    0.00 (Cumulative area) 
      Partial area ratio:   12.40
      Required ratio:  400.00 (Side area) 
      Cumulative area ratio:   12.40
      Required ratio:    0.00 (Cumulative side area) 

    Layer: via
      Partial area ratio:    0.18
      Required ratio:    6.00 (Gate area) 
      Cumulative area ratio:    0.30
      Required ratio:    0.00 (Cumulative area) 

    Layer: met2
      Partial area ratio:    0.75
      Required ratio:    0.00 (Gate area) 
      Cumulative area ratio:    3.38
      Required ratio:    0.00 (Cumulative area) 
      Partial area ratio:    3.48
      Required ratio:  400.00 (Side area) 
      Cumulative area ratio:   15.88
      Required ratio:    0.00 (Cumulative side area) 

    Layer: via2
      Partial area ratio:    0.16
      Required ratio:    6.00 (Gate area) 
      Cumulative area ratio:    0.46
      Required ratio:    0.00 (Cumulative area) 

    Layer: met3
      Partial area ratio:    4.38
      Required ratio:    0.00 (Gate area) 
      Cumulative area ratio:    7.77
      Required ratio:    0.00 (Cumulative area) 
      Partial area ratio:   24.31
      Required ratio: 2771.60 (Side area) 
      Cumulative area ratio:   40.19
      Required ratio:    0.00 (Cumulative side area) 


  Pin:   _09489_/A (sky130_fd_sc_hd__or2_1)
    Layer: mcon
      Partial area ratio:    0.23
      Required ratio:    3.00 (Gate area) 
      Cumulative area ratio:    0.23
      Required ratio:    0.00 (Cumulative area) 

    Layer: met1
      Partial area ratio:   88.82
      Required ratio:    0.00 (Gate area) 
      Cumulative area ratio:   88.82
      Required ratio:    0.00 (Cumulative area) 
      Partial area ratio:  442.59
      Required ratio:  400.00 (Side area) (VIOLATED)
      Cumulative area ratio:  442.59
      Required ratio:    0.00 (Cumulative side area) 

    Layer: via
      Partial area ratio:    0.37
      Required ratio:    6.00 (Gate area) 
      Cumulative area ratio:    0.59
      Required ratio:    0.00 (Cumulative area) 

    Layer: met2
      Partial area ratio:   25.19
      Required ratio:    0.00 (Gate area) 
      Cumulative area ratio:  114.01
      Required ratio:    0.00 (Cumulative area) 
      Partial area ratio:  124.25
      Required ratio: 2771.60 (Side area) 
      Cumulative area ratio:  566.84
      Required ratio:    0.00 (Cumulative side area) 

    Layer: via2
      Partial area ratio:    0.16
      Required ratio:   21.44 (Gate area) 
      Cumulative area ratio:    0.75
      Required ratio:    0.00 (Cumulative area) 

    Layer: met3
      Partial area ratio:    4.38
      Required ratio:    0.00 (Gate area) 
      Cumulative area ratio:  118.39
      Required ratio:    0.00 (Cumulative area) 
      Partial area ratio:   24.31
      Required ratio: 2771.60 (Side area) 
      Cumulative area ratio:  591.16
      Required ratio:    0.00 (Cumulative side area) 


  Pin:   hold1765/A (sky130_fd_sc_hd__dlygate4sd3_1)
    Layer: mcon
      Partial area ratio:    0.23
      Required ratio:    3.00 (Gate area) 
      Cumulative area ratio:    0.23
      Required ratio:    0.00 (Cumulative area) 

    Layer: met1
      Partial area ratio:    6.78
      Required ratio:    0.00 (Gate area) 
      Cumulative area ratio:    6.78
      Required ratio:    0.00 (Cumulative area) 
      Partial area ratio:   32.44
      Required ratio:  400.00 (Side area) 
      Cumulative area ratio:   32.44
      Required ratio:    0.00 (Cumulative side area) 

    Layer: via
      Partial area ratio:    0.36
      Required ratio:    6.00 (Gate area) 
      Cumulative area ratio:    0.59
      Required ratio:    0.00 (Cumulative area) 

    Layer: met2
      Partial area ratio:   25.19
      Required ratio:    0.00 (Gate area) 
      Cumulative area ratio:   31.97
      Required ratio:    0.00 (Cumulative area) 
      Partial area ratio:  124.25
      Required ratio: 2771.60 (Side area) 
      Cumulative area ratio:  156.69
      Required ratio:    0.00 (Cumulative side area) 

    Layer: via2
      Partial area ratio:    0.16
      Required ratio:   21.44 (Gate area) 
      Cumulative area ratio:    0.75
      Required ratio:    0.00 (Cumulative area) 

    Layer: met3
      Partial area ratio:    4.38
      Required ratio:    0.00 (Gate area) 
      Cumulative area ratio:   36.35
      Required ratio:    0.00 (Cumulative area) 
      Partial area ratio:   24.31
      Required ratio: 2771.60 (Side area) 
      Cumulative area ratio:  181.01
      Required ratio:    0.00 (Cumulative side area) 



Net: u_array.g_row\[2\].g_col\[3\].u_pe.ps_o\[4\]
  Pin:   _09486_/A (sky130_fd_sc_hd__nand2_1)
    Layer: mcon
      Partial area ratio:    0.12
      Required ratio:    3.00 (Gate area) 
      Cumulative area ratio:    0.12
      Required ratio:    0.00 (Cumulative area) 

    Layer: met1
      Partial area ratio:    5.15
      Required ratio:    0.00 (Gate area) 
      Cumulative area ratio:    5.15
      Required ratio:    0.00 (Cumulative area) 
      Partial area ratio:   24.99
      Required ratio:  400.00 (Side area) 
      Cumulative area ratio:   24.99
      Required ratio:    0.00 (Cumulative side area) 

    Layer: via
      Partial area ratio:    0.18
      Required ratio:    6.00 (Gate area) 
      Cumulative area ratio:    0.30
      Required ratio:    0.00 (Cumulative area) 

    Layer: met2
      Partial area ratio:   14.65
      Required ratio:    0.00 (Gate area) 
      Cumulative area ratio:   19.80
      Required ratio:    0.00 (Cumulative area) 
      Partial area ratio:   72.37
      Required ratio: 2771.60 (Side area) 
      Cumulative area ratio:   97.36
      Required ratio:    0.00 (Cumulative side area) 


  Pin:   _09487_/A (sky130_fd_sc_hd__or2_1)
    Layer: mcon
      Partial area ratio:    0.23
      Required ratio:    3.00 (Gate area) 
      Cumulative area ratio:    0.23
      Required ratio:    0.00 (Cumulative area) 

    Layer: met1
      Partial area ratio:   86.33
      Required ratio:    0.00 (Gate area) 
      Cumulative area ratio:   86.33
      Required ratio:    0.00 (Cumulative area) 
      Partial area ratio:  429.33
      Required ratio:  400.00 (Side area) (VIOLATED)
      Cumulative area ratio:  429.33
      Required ratio:    0.00 (Cumulative side area) 

    Layer: via
      Partial area ratio:    0.54
      Required ratio:    6.00 (Gate area) 
      Cumulative area ratio:    0.77
      Required ratio:    0.00 (Cumulative area) 

    Layer: met2
      Partial area ratio:   14.65
      Required ratio:    0.00 (Gate area) 
      Cumulative area ratio:  100.98
      Required ratio:    0.00 (Cumulative area) 
      Partial area ratio:   72.37
      Required ratio: 2771.60 (Side area) 
      Cumulative area ratio:  501.70
      Required ratio:    0.00 (Cumulative side area) 


  Pin:   hold1781/A (sky130_fd_sc_hd__dlygate4sd3_1)
    Layer: mcon
      Partial area ratio:    0.23
      Required ratio:    3.00 (Gate area) 
      Cumulative area ratio:    0.23
      Required ratio:    0.00 (Cumulative area) 

    Layer: met1
      Partial area ratio:   12.35
      Required ratio:    0.00 (Gate area) 
      Cumulative area ratio:   12.35
      Required ratio:    0.00 (Cumulative area) 
      Partial area ratio:   58.81
      Required ratio: 2771.60 (Side area) 
      Cumulative area ratio:   58.81
      Required ratio:    0.00 (Cumulative side area) 

    Layer: via
      Partial area ratio:    0.54
      Required ratio:   21.44 (Gate area) 
      Cumulative area ratio:    0.77
      Required ratio:    0.00 (Cumulative area) 

    Layer: met2
      Partial area ratio:   14.65
      Required ratio:    0.00 (Gate area) 
      Cumulative area ratio:   27.01
      Required ratio:    0.00 (Cumulative area) 
      Partial area ratio:   72.37
      Required ratio: 2771.60 (Side area) 
      Cumulative area ratio:  131.17
      Required ratio:    0.00 (Cumulative side area) 



Net: net43
  Pin:   _10606_/A0 (sky130_fd_sc_hd__mux2_1)
    Layer: mcon
      Partial area ratio:    0.23
      Required ratio:    3.00 (Gate area) 
      Cumulative area ratio:    0.23
      Required ratio:    0.00 (Cumulative area) 

    Layer: met1
      Partial area ratio:   89.10
      Required ratio:    0.00 (Gate area) 
      Cumulative area ratio:   89.10
      Required ratio:    0.00 (Cumulative area) 
      Partial area ratio:  444.07
      Required ratio:  400.00 (Side area) (VIOLATED)
      Cumulative area ratio:  444.07
      Required ratio:    0.00 (Cumulative side area) 

    Layer: via
      Partial area ratio:    0.27
      Required ratio:    6.00 (Gate area) 
      Cumulative area ratio:    0.50
      Required ratio:    0.00 (Cumulative area) 

    Layer: met2
      Partial area ratio:   34.18
      Required ratio:    0.00 (Gate area) 
      Cumulative area ratio:  123.28
      Required ratio:    0.00 (Cumulative area) 
      Partial area ratio:  169.98
      Required ratio: 2956.40 (Side area) 
      Cumulative area ratio:  614.05
      Required ratio:    0.00 (Cumulative side area) 

    Layer: via2
      Partial area ratio:    0.05
      Required ratio:   38.08 (Gate area) 
      Cumulative area ratio:    0.54
      Required ratio:    0.00 (Cumulative area) 

    Layer: met3
      Partial area ratio:    2.17
      Required ratio:    0.00 (Gate area) 
      Cumulative area ratio:  125.45
      Required ratio:    0.00 (Cumulative area) 
      Partial area ratio:   12.05
      Required ratio: 2956.40 (Side area) 
      Cumulative area ratio:  626.10
      Required ratio:    0.00 (Cumulative side area) 


  Pin:   _11535_/A0 (sky130_fd_sc_hd__mux2_1)
    Layer: mcon
      Partial area ratio:    0.23
      Required ratio:    3.00 (Gate area) 
      Cumulative area ratio:    0.23
      Required ratio:    0.00 (Cumulative area) 

    Layer: met1
      Partial area ratio:   89.10
      Required ratio:    0.00 (Gate area) 
      Cumulative area ratio:   89.10
      Required ratio:    0.00 (Cumulative area) 
      Partial area ratio:  444.07
      Required ratio:  400.00 (Side area) (VIOLATED)
      Cumulative area ratio:  444.07
      Required ratio:    0.00 (Cumulative side area) 

    Layer: via
      Partial area ratio:    0.27
      Required ratio:    6.00 (Gate area) 
      Cumulative area ratio:    0.50
      Required ratio:    0.00 (Cumulative area) 

    Layer: met2
      Partial area ratio:   34.18
      Required ratio:    0.00 (Gate area) 
      Cumulative area ratio:  123.28
      Required ratio:    0.00 (Cumulative area) 
      Partial area ratio:  169.98
      Required ratio: 2956.40 (Side area) 
      Cumulative area ratio:  614.05
      Required ratio:    0.00 (Cumulative side area) 

    Layer: via2
      Partial area ratio:    0.05
      Required ratio:   38.08 (Gate area) 
      Cumulative area ratio:    0.54
      Required ratio:    0.00 (Cumulative area) 

    Layer: met3
      Partial area ratio:    2.17
      Required ratio:    0.00 (Gate area) 
      Cumulative area ratio:  125.45
      Required ratio:    0.00 (Cumulative area) 
      Partial area ratio:   12.05
      Required ratio: 2956.40 (Side area) 
      Cumulative area ratio:  626.10
      Required ratio:    0.00 (Cumulative side area) 


  Pin:   _12665_/A0 (sky130_fd_sc_hd__mux2_1)
    Layer: mcon
      Partial area ratio:    0.23
      Required ratio:    3.00 (Gate area) 
      Cumulative area ratio:    0.23
      Required ratio:    0.00 (Cumulative area) 

    Layer: met1
      Partial area ratio:    2.77
      Required ratio:    0.00 (Gate area) 
      Cumulative area ratio:    2.77
      Required ratio:    0.00 (Cumulative area) 
      Partial area ratio:   12.37
      Required ratio:  400.00 (Side area) 
      Cumulative area ratio:   12.37
      Required ratio:    0.00 (Cumulative side area) 

    Layer: via
      Partial area ratio:    0.36
      Required ratio:    6.00 (Gate area) 
      Cumulative area ratio:    0.59
      Required ratio:    0.00 (Cumulative area) 

    Layer: met2
      Partial area ratio:   34.18
      Required ratio:    0.00 (Gate area) 
      Cumulative area ratio:   36.95
      Required ratio:    0.00 (Cumulative area) 
      Partial area ratio:  169.98
      Required ratio: 2956.40 (Side area) 
      Cumulative area ratio:  182.35
      Required ratio:    0.00 (Cumulative side area) 

    Layer: via2
      Partial area ratio:    0.05
      Required ratio:   38.08 (Gate area) 
      Cumulative area ratio:    0.63
      Required ratio:    0.00 (Cumulative area) 

    Layer: met3
      Partial area ratio:    2.17
      Required ratio:    0.00 (Gate area) 
      Cumulative area ratio:   39.12
      Required ratio:    0.00 (Cumulative area) 
      Partial area ratio:   12.05
      Required ratio: 2956.40 (Side area) 
      Cumulative area ratio:  194.40
      Required ratio:    0.00 (Cumulative side area) 


  Pin:   _13592_/A1 (sky130_fd_sc_hd__mux2_1)
    Layer: mcon
      Partial area ratio:    0.23
      Required ratio:    3.00 (Gate area) 
      Cumulative area ratio:    0.23
      Required ratio:    0.00 (Cumulative area) 

    Layer: met1
      Partial area ratio:    3.46
      Required ratio:    0.00 (Gate area) 
      Cumulative area ratio:    3.46
      Required ratio:    0.00 (Cumulative area) 
      Partial area ratio:   15.83
      Required ratio:  400.00 (Side area) 
      Cumulative area ratio:   15.83
      Required ratio:    0.00 (Cumulative side area) 

    Layer: via
      Partial area ratio:    0.36
      Required ratio:    6.00 (Gate area) 
      Cumulative area ratio:    0.59
      Required ratio:    0.00 (Cumulative area) 

    Layer: met2
      Partial area ratio:   34.18
      Required ratio:    0.00 (Gate area) 
      Cumulative area ratio:   37.64
      Required ratio:    0.00 (Cumulative area) 
      Partial area ratio:  169.98
      Required ratio: 2956.40 (Side area) 
      Cumulative area ratio:  185.81
      Required ratio:    0.00 (Cumulative side area) 

    Layer: via2
      Partial area ratio:    0.05
      Required ratio:   38.08 (Gate area) 
      Cumulative area ratio:    0.63
      Required ratio:    0.00 (Cumulative area) 

    Layer: met3
      Partial area ratio:    2.17
      Required ratio:    0.00 (Gate area) 
      Cumulative area ratio:   39.81
      Required ratio:    0.00 (Cumulative area) 
      Partial area ratio:   12.05
      Required ratio: 2956.40 (Side area) 
      Cumulative area ratio:  197.86
      Required ratio:    0.00 (Cumulative side area) 


  Pin:   _14768_/A0 (sky130_fd_sc_hd__mux2_1)
    Layer: mcon
      Partial area ratio:    0.23
      Required ratio:    3.00 (Gate area) 
      Cumulative area ratio:    0.23
      Required ratio:    0.00 (Cumulative area) 

    Layer: met1
      Partial area ratio:    5.54
      Required ratio:    0.00 (Gate area) 
      Cumulative area ratio:    5.54
      Required ratio:    0.00 (Cumulative area) 
      Partial area ratio:   26.21
      Required ratio:  400.00 (Side area) 
      Cumulative area ratio:   26.21
      Required ratio:    0.00 (Cumulative side area) 

    Layer: via
      Partial area ratio:    0.36
      Required ratio:    6.00 (Gate area) 
      Cumulative area ratio:    0.59
      Required ratio:    0.00 (Cumulative area) 

    Layer: met2
      Partial area ratio:   34.18
      Required ratio:    0.00 (Gate area) 
      Cumulative area ratio:   39.71
      Required ratio:    0.00 (Cumulative area) 
      Partial area ratio:  169.98
      Required ratio: 2956.40 (Side area) 
      Cumulative area ratio:  196.18
      Required ratio:    0.00 (Cumulative side area) 

    Layer: via2
      Partial area ratio:    0.05
      Required ratio:   38.08 (Gate area) 
      Cumulative area ratio:    0.63
      Required ratio:    0.00 (Cumulative area) 

    Layer: met3
      Partial area ratio:    2.17
      Required ratio:    0.00 (Gate area) 
      Cumulative area ratio:   41.89
      Required ratio:    0.00 (Cumulative area) 
      Partial area ratio:   12.05
      Required ratio: 2956.40 (Side area) 
      Cumulative area ratio:  208.23
      Required ratio:    0.00 (Cumulative side area) 


  Pin:   _15714_/A1 (sky130_fd_sc_hd__mux2_1)
    Layer: mcon
      Partial area ratio:    0.23
      Required ratio:    3.00 (Gate area) 
      Cumulative area ratio:    0.23
      Required ratio:    0.00 (Cumulative area) 

    Layer: met1
      Partial area ratio:    3.92
      Required ratio:    0.00 (Gate area) 
      Cumulative area ratio:    3.92
      Required ratio:    0.00 (Cumulative area) 
      Partial area ratio:   17.89
      Required ratio:  400.00 (Side area) 
      Cumulative area ratio:   17.89
      Required ratio:    0.00 (Cumulative side area) 

    Layer: via
      Partial area ratio:    0.36
      Required ratio:    6.00 (Gate area) 
      Cumulative area ratio:    0.59
      Required ratio:    0.00 (Cumulative area) 

    Layer: met2
      Partial area ratio:   34.18
      Required ratio:    0.00 (Gate area) 
      Cumulative area ratio:   38.10
      Required ratio:    0.00 (Cumulative area) 
      Partial area ratio:  169.98
      Required ratio: 2956.40 (Side area) 
      Cumulative area ratio:  187.87
      Required ratio:    0.00 (Cumulative side area) 

    Layer: via2
      Partial area ratio:    0.05
      Required ratio:   38.08 (Gate area) 
      Cumulative area ratio:    0.63
      Required ratio:    0.00 (Cumulative area) 

    Layer: met3
      Partial area ratio:    2.17
      Required ratio:    0.00 (Gate area) 
      Cumulative area ratio:   40.27
      Required ratio:    0.00 (Cumulative area) 
      Partial area ratio:   12.05
      Required ratio: 2956.40 (Side area) 
      Cumulative area ratio:  199.91
      Required ratio:    0.00 (Cumulative side area) 


  Pin:   _16768_/A0 (sky130_fd_sc_hd__mux2_1)
    Layer: mcon
      Partial area ratio:    0.23
      Required ratio:    3.00 (Gate area) 
      Cumulative area ratio:    0.23
      Required ratio:    0.00 (Cumulative area) 

    Layer: met1
      Partial area ratio:   72.48
      Required ratio:    0.00 (Gate area) 
      Cumulative area ratio:   72.48
      Required ratio:    0.00 (Cumulative area) 
      Partial area ratio:  359.22
      Required ratio:  400.00 (Side area) 
      Cumulative area ratio:  359.22
      Required ratio:    0.00 (Cumulative side area) 

    Layer: via
      Partial area ratio:    0.71
      Required ratio:    6.00 (Gate area) 
      Cumulative area ratio:    0.94
      Required ratio:    0.00 (Cumulative area) 

    Layer: met2
      Partial area ratio:   34.18
      Required ratio:    0.00 (Gate area) 
      Cumulative area ratio:  106.66
      Required ratio:    0.00 (Cumulative area) 
      Partial area ratio:  169.98
      Required ratio: 2956.40 (Side area) 
      Cumulative area ratio:  529.20
      Required ratio:    0.00 (Cumulative side area) 

    Layer: via2
      Partial area ratio:    0.05
      Required ratio:   38.08 (Gate area) 
      Cumulative area ratio:    0.99
      Required ratio:    0.00 (Cumulative area) 

    Layer: met3
      Partial area ratio:    2.17
      Required ratio:    0.00 (Gate area) 
      Cumulative area ratio:  108.83
      Required ratio:    0.00 (Cumulative area) 
      Partial area ratio:   12.05
      Required ratio: 2956.40 (Side area) 
      Cumulative area ratio:  541.25
      Required ratio:    0.00 (Cumulative side area) 


  Pin:   _17616_/A1 (sky130_fd_sc_hd__mux2_1)
    Layer: mcon
      Partial area ratio:    0.23
      Required ratio:    3.00 (Gate area) 
      Cumulative area ratio:    0.23
      Required ratio:    0.00 (Cumulative area) 

    Layer: met1
      Partial area ratio:    8.36
      Required ratio:    0.00 (Gate area) 
      Cumulative area ratio:    8.36
      Required ratio:    0.00 (Cumulative area) 
      Partial area ratio:   40.33
      Required ratio:  400.00 (Side area) 
      Cumulative area ratio:   40.33
      Required ratio:    0.00 (Cumulative side area) 

    Layer: via
      Partial area ratio:    0.36
      Required ratio:    6.00 (Gate area) 
      Cumulative area ratio:    0.59
      Required ratio:    0.00 (Cumulative area) 

    Layer: met2
      Partial area ratio:    1.48
      Required ratio:    0.00 (Gate area) 
      Cumulative area ratio:    9.84
      Required ratio:    0.00 (Cumulative area) 
      Partial area ratio:    6.83
      Required ratio:  400.00 (Side area) 
      Cumulative area ratio:   47.17
      Required ratio:    0.00 (Cumulative side area) 

    Layer: via2
      Partial area ratio:    0.32
      Required ratio:    6.00 (Gate area) 
      Cumulative area ratio:    0.90
      Required ratio:    0.00 (Cumulative area) 

    Layer: met3
      Partial area ratio:    2.17
      Required ratio:    0.00 (Gate area) 
      Cumulative area ratio:   12.02
      Required ratio:    0.00 (Cumulative area) 
      Partial area ratio:   12.05
      Required ratio: 2956.40 (Side area) 
      Cumulative area ratio:   59.21
      Required ratio:    0.00 (Cumulative side area) 



Net: net45
  Pin:   _10087_/A0 (sky130_fd_sc_hd__mux2_1)
    Layer: mcon
      Partial area ratio:    0.23
      Required ratio:    3.00 (Gate area) 
      Cumulative area ratio:    0.23
      Required ratio:    0.00 (Cumulative area) 

    Layer: met1
      Partial area ratio:    3.42
      Required ratio:    0.00 (Gate area) 
      Cumulative area ratio:    3.42
      Required ratio:    0.00 (Cumulative area) 
      Partial area ratio:   15.63
      Required ratio:  400.00 (Side area) 
      Cumulative area ratio:   15.63
      Required ratio:    0.00 (Cumulative side area) 

    Layer: via
      Partial area ratio:    0.36
      Required ratio:    6.00 (Gate area) 
      Cumulative area ratio:    0.59
      Required ratio:    0.00 (Cumulative area) 

    Layer: met2
      Partial area ratio:    5.04
      Required ratio:    0.00 (Gate area) 
      Cumulative area ratio:    8.46
      Required ratio:    0.00 (Cumulative area) 
      Partial area ratio:   24.46
      Required ratio:  400.00 (Side area) 
      Cumulative area ratio:   40.09
      Required ratio:    0.00 (Cumulative side area) 

    Layer: via2
      Partial area ratio:    0.16
      Required ratio:    6.00 (Gate area) 
      Cumulative area ratio:    0.75
      Required ratio:    0.00 (Cumulative area) 

    Layer: met3
      Partial area ratio:    0.50
      Required ratio:    0.00 (Gate area) 
      Cumulative area ratio:    8.96
      Required ratio:    0.00 (Cumulative area) 
      Partial area ratio:    4.51
      Required ratio:  400.00 (Side area) 
      Cumulative area ratio:   44.59
      Required ratio:    0.00 (Cumulative side area) 

    Layer: via3
      Partial area ratio:    0.16
      Required ratio:    6.00 (Gate area) 
      Cumulative area ratio:    0.90
      Required ratio:    0.00 (Cumulative area) 

    Layer: met4
      Partial area ratio:   22.71
      Required ratio:    0.00 (Gate area) 
      Cumulative area ratio:   31.67
      Required ratio:    0.00 (Cumulative area) 
      Partial area ratio:  121.57
      Required ratio: 2918.08 (Side area) 
      Cumulative area ratio:  166.17
      Required ratio:    0.00 (Cumulative side area) 


  Pin:   _11009_/A0 (sky130_fd_sc_hd__mux2_1)
    Layer: mcon
      Partial area ratio:    0.23
      Required ratio:    3.00 (Gate area) 
      Cumulative area ratio:    0.23
      Required ratio:    0.00 (Cumulative area) 

    Layer: met1
      Partial area ratio:    2.49
      Required ratio:    0.00 (Gate area) 
      Cumulative area ratio:    2.49
      Required ratio:    0.00 (Cumulative area) 
      Partial area ratio:   10.96
      Required ratio:  400.00 (Side area) 
      Cumulative area ratio:   10.96
      Required ratio:    0.00 (Cumulative side area) 

    Layer: via
      Partial area ratio:    0.36
      Required ratio:    6.00 (Gate area) 
      Cumulative area ratio:    0.59
      Required ratio:    0.00 (Cumulative area) 

    Layer: met2
      Partial area ratio:    5.04
      Required ratio:    0.00 (Gate area) 
      Cumulative area ratio:    7.53
      Required ratio:    0.00 (Cumulative area) 
      Partial area ratio:   24.46
      Required ratio:  400.00 (Side area) 
      Cumulative area ratio:   35.42
      Required ratio:    0.00 (Cumulative side area) 

    Layer: via2
      Partial area ratio:    0.16
      Required ratio:    6.00 (Gate area) 
      Cumulative area ratio:    0.75
      Required ratio:    0.00 (Cumulative area) 

    Layer: met3
      Partial area ratio:    0.50
      Required ratio:    0.00 (Gate area) 
      Cumulative area ratio:    8.03
      Required ratio:    0.00 (Cumulative area) 
      Partial area ratio:    4.51
      Required ratio:  400.00 (Side area) 
      Cumulative area ratio:   39.93
      Required ratio:    0.00 (Cumulative side area) 

    Layer: via3
      Partial area ratio:    0.16
      Required ratio:    6.00 (Gate area) 
      Cumulative area ratio:    0.90
      Required ratio:    0.00 (Cumulative area) 

    Layer: met4
      Partial area ratio:   22.71
      Required ratio:    0.00 (Gate area) 
      Cumulative area ratio:   30.73
      Required ratio:    0.00 (Cumulative area) 
      Partial area ratio:  121.57
      Required ratio: 2918.08 (Side area) 
      Cumulative area ratio:  161.50
      Required ratio:    0.00 (Cumulative side area) 


  Pin:   _12131_/A0 (sky130_fd_sc_hd__mux2_1)
    Layer: mcon
      Partial area ratio:    0.23
      Required ratio:    3.00 (Gate area) 
      Cumulative area ratio:    0.23
      Required ratio:    0.00 (Cumulative area) 

    Layer: met1
      Partial area ratio:   11.93
      Required ratio:    0.00 (Gate area) 
      Cumulative area ratio:   11.93
      Required ratio:    0.00 (Cumulative area) 
      Partial area ratio:   57.78
      Required ratio:  400.00 (Side area) 
      Cumulative area ratio:   57.78
      Required ratio:    0.00 (Cumulative side area) 

    Layer: via
      Partial area ratio:    0.36
      Required ratio:    6.00 (Gate area) 
      Cumulative area ratio:    0.59
      Required ratio:    0.00 (Cumulative area) 

    Layer: met2
      Partial area ratio:   46.21
      Required ratio:    0.00 (Gate area) 
      Cumulative area ratio:   58.14
      Required ratio:    0.00 (Cumulative area) 
      Partial area ratio:  230.14
      Required ratio: 2918.08 (Side area) 
      Cumulative area ratio:  287.92
      Required ratio:    0.00 (Cumulative side area) 

    Layer: via2
      Partial area ratio:    0.05
      Required ratio:   34.63 (Gate area) 
      Cumulative area ratio:    0.64
      Required ratio:    0.00 (Cumulative area) 

    Layer: met3
      Partial area ratio:    0.17
      Required ratio:    0.00 (Gate area) 
      Cumulative area ratio:   58.31
      Required ratio:    0.00 (Cumulative area) 
      Partial area ratio:    1.50
      Required ratio: 2918.08 (Side area) 
      Cumulative area ratio:  289.42
      Required ratio:    0.00 (Cumulative side area) 

    Layer: via3
      Partial area ratio:    0.05
      Required ratio:   34.63 (Gate area) 
      Cumulative area ratio:    0.69
      Required ratio:    0.00 (Cumulative area) 

    Layer: met4
      Partial area ratio:   22.71
      Required ratio:    0.00 (Gate area) 
      Cumulative area ratio:   81.01
      Required ratio:    0.00 (Cumulative area) 
      Partial area ratio:  121.57
      Required ratio: 2918.08 (Side area) 
      Cumulative area ratio:  410.99
      Required ratio:    0.00 (Cumulative side area) 


  Pin:   _13067_/A1 (sky130_fd_sc_hd__mux2_1)
    Layer: mcon
      Partial area ratio:    0.23
      Required ratio:    3.00 (Gate area) 
      Cumulative area ratio:    0.23
      Required ratio:    0.00 (Cumulative area) 

    Layer: met1
      Partial area ratio:   11.93
      Required ratio:    0.00 (Gate area) 
      Cumulative area ratio:   11.93
      Required ratio:    0.00 (Cumulative area) 
      Partial area ratio:   57.78
      Required ratio:  400.00 (Side area) 
      Cumulative area ratio:   57.78
      Required ratio:    0.00 (Cumulative side area) 

    Layer: via
      Partial area ratio:    0.36
      Required ratio:    6.00 (Gate area) 
      Cumulative area ratio:    0.59
      Required ratio:    0.00 (Cumulative area) 

    Layer: met2
      Partial area ratio:   46.21
      Required ratio:    0.00 (Gate area) 
      Cumulative area ratio:   58.14
      Required ratio:    0.00 (Cumulative area) 
      Partial area ratio:  230.14
      Required ratio: 2918.08 (Side area) 
      Cumulative area ratio:  287.92
      Required ratio:    0.00 (Cumulative side area) 

    Layer: via2
      Partial area ratio:    0.05
      Required ratio:   34.63 (Gate area) 
      Cumulative area ratio:    0.64
      Required ratio:    0.00 (Cumulative area) 

    Layer: met3
      Partial area ratio:    0.17
      Required ratio:    0.00 (Gate area) 
      Cumulative area ratio:   58.31
      Required ratio:    0.00 (Cumulative area) 
      Partial area ratio:    1.50
      Required ratio: 2918.08 (Side area) 
      Cumulative area ratio:  289.42
      Required ratio:    0.00 (Cumulative side area) 

    Layer: via3
      Partial area ratio:    0.05
      Required ratio:   34.63 (Gate area) 
      Cumulative area ratio:    0.69
      Required ratio:    0.00 (Cumulative area) 

    Layer: met4
      Partial area ratio:   22.71
      Required ratio:    0.00 (Gate area) 
      Cumulative area ratio:   81.01
      Required ratio:    0.00 (Cumulative area) 
      Partial area ratio:  121.57
      Required ratio: 2918.08 (Side area) 
      Cumulative area ratio:  410.99
      Required ratio:    0.00 (Cumulative side area) 


  Pin:   _14243_/A0 (sky130_fd_sc_hd__mux2_1)
    Layer: mcon
      Partial area ratio:    0.23
      Required ratio:    3.00 (Gate area) 
      Cumulative area ratio:    0.23
      Required ratio:    0.00 (Cumulative area) 

    Layer: met1
      Partial area ratio:    5.04
      Required ratio:    0.00 (Gate area) 
      Cumulative area ratio:    5.04
      Required ratio:    0.00 (Cumulative area) 
      Partial area ratio:   23.74
      Required ratio:  400.00 (Side area) 
      Cumulative area ratio:   23.74
      Required ratio:    0.00 (Cumulative side area) 

    Layer: via
      Partial area ratio:    0.36
      Required ratio:    6.00 (Gate area) 
      Cumulative area ratio:    0.59
      Required ratio:    0.00 (Cumulative area) 

    Layer: met2
      Partial area ratio:   46.21
      Required ratio:    0.00 (Gate area) 
      Cumulative area ratio:   51.26
      Required ratio:    0.00 (Cumulative area) 
      Partial area ratio:  230.14
      Required ratio: 2918.08 (Side area) 
      Cumulative area ratio:  253.88
      Required ratio:    0.00 (Cumulative side area) 

    Layer: via2
      Partial area ratio:    0.05
      Required ratio:   34.63 (Gate area) 
      Cumulative area ratio:    0.64
      Required ratio:    0.00 (Cumulative area) 

    Layer: met3
      Partial area ratio:    0.17
      Required ratio:    0.00 (Gate area) 
      Cumulative area ratio:   51.42
      Required ratio:    0.00 (Cumulative area) 
      Partial area ratio:    1.50
      Required ratio: 2918.08 (Side area) 
      Cumulative area ratio:  255.38
      Required ratio:    0.00 (Cumulative side area) 

    Layer: via3
      Partial area ratio:    0.05
      Required ratio:   34.63 (Gate area) 
      Cumulative area ratio:    0.69
      Required ratio:    0.00 (Cumulative area) 

    Layer: met4
      Partial area ratio:   22.71
      Required ratio:    0.00 (Gate area) 
      Cumulative area ratio:   74.13
      Required ratio:    0.00 (Cumulative area) 
      Partial area ratio:  121.57
      Required ratio: 2918.08 (Side area) 
      Cumulative area ratio:  376.95
      Required ratio:    0.00 (Cumulative side area) 


  Pin:   _15185_/A1 (sky130_fd_sc_hd__mux2_1)
    Layer: mcon
      Partial area ratio:    0.23
      Required ratio:    3.00 (Gate area) 
      Cumulative area ratio:    0.23
      Required ratio:    0.00 (Cumulative area) 

    Layer: met1
      Partial area ratio:    8.34
      Required ratio:    0.00 (Gate area) 
      Cumulative area ratio:    8.34
      Required ratio:    0.00 (Cumulative area) 
      Partial area ratio:   40.22
      Required ratio:  400.00 (Side area) 
      Cumulative area ratio:   40.22
      Required ratio:    0.00 (Cumulative side area) 

    Layer: via
      Partial area ratio:    0.36
      Required ratio:    6.00 (Gate area) 
      Cumulative area ratio:    0.59
      Required ratio:    0.00 (Cumulative area) 

    Layer: met2
      Partial area ratio:   46.21
      Required ratio:    0.00 (Gate area) 
      Cumulative area ratio:   54.55
      Required ratio:    0.00 (Cumulative area) 
      Partial area ratio:  230.14
      Required ratio: 2918.08 (Side area) 
      Cumulative area ratio:  270.36
      Required ratio:    0.00 (Cumulative side area) 

    Layer: via2
      Partial area ratio:    0.05
      Required ratio:   34.63 (Gate area) 
      Cumulative area ratio:    0.64
      Required ratio:    0.00 (Cumulative area) 

    Layer: met3
      Partial area ratio:    0.17
      Required ratio:    0.00 (Gate area) 
      Cumulative area ratio:   54.72
      Required ratio:    0.00 (Cumulative area) 
      Partial area ratio:    1.50
      Required ratio: 2918.08 (Side area) 
      Cumulative area ratio:  271.86
      Required ratio:    0.00 (Cumulative side area) 

    Layer: via3
      Partial area ratio:    0.05
      Required ratio:   34.63 (Gate area) 
      Cumulative area ratio:    0.69
      Required ratio:    0.00 (Cumulative area) 

    Layer: met4
      Partial area ratio:   22.71
      Required ratio:    0.00 (Gate area) 
      Cumulative area ratio:   77.42
      Required ratio:    0.00 (Cumulative area) 
      Partial area ratio:  121.57
      Required ratio: 2918.08 (Side area) 
      Cumulative area ratio:  393.44
      Required ratio:    0.00 (Cumulative side area) 


  Pin:   _16342_/A0 (sky130_fd_sc_hd__mux2_1)
    Layer: mcon
      Partial area ratio:    0.23
      Required ratio:    3.00 (Gate area) 
      Cumulative area ratio:    0.23
      Required ratio:    0.00 (Cumulative area) 

    Layer: met1
      Partial area ratio:   10.93
      Required ratio:    0.00 (Gate area) 
      Cumulative area ratio:   10.93
      Required ratio:    0.00 (Cumulative area) 
      Partial area ratio:   53.17
      Required ratio:  400.00 (Side area) 
      Cumulative area ratio:   53.17
      Required ratio:    0.00 (Cumulative side area) 

    Layer: via
      Partial area ratio:    0.36
      Required ratio:    6.00 (Gate area) 
      Cumulative area ratio:    0.59
      Required ratio:    0.00 (Cumulative area) 

    Layer: met2
      Partial area ratio:   46.21
      Required ratio:    0.00 (Gate area) 
      Cumulative area ratio:   57.14
      Required ratio:    0.00 (Cumulative area) 
      Partial area ratio:  230.14
      Required ratio: 2918.08 (Side area) 
      Cumulative area ratio:  283.31
      Required ratio:    0.00 (Cumulative side area) 

    Layer: via2
      Partial area ratio:    0.05
      Required ratio:   34.63 (Gate area) 
      Cumulative area ratio:    0.64
      Required ratio:    0.00 (Cumulative area) 

    Layer: met3
      Partial area ratio:    0.17
      Required ratio:    0.00 (Gate area) 
      Cumulative area ratio:   57.31
      Required ratio:    0.00 (Cumulative area) 
      Partial area ratio:    1.50
      Required ratio: 2918.08 (Side area) 
      Cumulative area ratio:  284.81
      Required ratio:    0.00 (Cumulative side area) 

    Layer: via3
      Partial area ratio:    0.05
      Required ratio:   34.63 (Gate area) 
      Cumulative area ratio:    0.69
      Required ratio:    0.00 (Cumulative area) 

    Layer: met4
      Partial area ratio:   22.71
      Required ratio:    0.00 (Gate area) 
      Cumulative area ratio:   80.01
      Required ratio:    0.00 (Cumulative area) 
      Partial area ratio:  121.57
      Required ratio: 2918.08 (Side area) 
      Cumulative area ratio:  406.38
      Required ratio:    0.00 (Cumulative side area) 


  Pin:   _17162_/A1 (sky130_fd_sc_hd__mux2_1)
    Layer: mcon
      Partial area ratio:    0.23
      Required ratio:    3.00 (Gate area) 
      Cumulative area ratio:    0.23
      Required ratio:    0.00 (Cumulative area) 

    Layer: met1
      Partial area ratio:  105.40
      Required ratio:    0.00 (Gate area) 
      Cumulative area ratio:  105.40
      Required ratio:    0.00 (Cumulative area) 
      Partial area ratio:  523.83
      Required ratio:  400.00 (Side area) (VIOLATED)
      Cumulative area ratio:  523.83
      Required ratio:    0.00 (Cumulative side area) 

    Layer: via
      Partial area ratio:    0.71
      Required ratio:    6.00 (Gate area) 
      Cumulative area ratio:    0.94
      Required ratio:    0.00 (Cumulative area) 

    Layer: met2
      Partial area ratio:   46.21
      Required ratio:    0.00 (Gate area) 
      Cumulative area ratio:  151.62
      Required ratio:    0.00 (Cumulative area) 
      Partial area ratio:  230.14
      Required ratio: 2918.08 (Side area) 
      Cumulative area ratio:  753.97
      Required ratio:    0.00 (Cumulative side area) 

    Layer: via2
      Partial area ratio:    0.05
      Required ratio:   34.63 (Gate area) 
      Cumulative area ratio:    1.00
      Required ratio:    0.00 (Cumulative area) 

    Layer: met3
      Partial area ratio:    0.17
      Required ratio:    0.00 (Gate area) 
      Cumulative area ratio:  151.78
      Required ratio:    0.00 (Cumulative area) 
      Partial area ratio:    1.50
      Required ratio: 2918.08 (Side area) 
      Cumulative area ratio:  755.47
      Required ratio:    0.00 (Cumulative side area) 

    Layer: via3
      Partial area ratio:    0.05
      Required ratio:   34.63 (Gate area) 
      Cumulative area ratio:    1.05
      Required ratio:    0.00 (Cumulative area) 

    Layer: met4
      Partial area ratio:   22.71
      Required ratio:    0.00 (Gate area) 
      Cumulative area ratio:  174.49
      Required ratio:    0.00 (Cumulative area) 
      Partial area ratio:  121.57
      Required ratio: 2918.08 (Side area) 
      Cumulative area ratio:  877.05
      Required ratio:    0.00 (Cumulative side area) 



Net: net46
  Pin:   _10088_/A0 (sky130_fd_sc_hd__mux2_1)
    Layer: mcon
      Partial area ratio:    0.23
      Required ratio:    3.00 (Gate area) 
      Cumulative area ratio:    0.23
      Required ratio:    0.00 (Cumulative area) 

    Layer: met1
      Partial area ratio:    1.89
      Required ratio:    0.00 (Gate area) 
      Cumulative area ratio:    1.89
      Required ratio:    0.00 (Cumulative area) 
      Partial area ratio:    8.40
      Required ratio:  400.00 (Side area) 
      Cumulative area ratio:    8.40
      Required ratio:    0.00 (Cumulative side area) 

    Layer: via
      Partial area ratio:    0.18
      Required ratio:    6.00 (Gate area) 
      Cumulative area ratio:    0.41
      Required ratio:    0.00 (Cumulative area) 

    Layer: met2
      Partial area ratio:    0.74
      Required ratio:    0.00 (Gate area) 
      Cumulative area ratio:    2.63
      Required ratio:    0.00 (Cumulative area) 
      Partial area ratio:    3.42
      Required ratio:  400.00 (Side area) 
      Cumulative area ratio:   11.81
      Required ratio:    0.00 (Cumulative side area) 

    Layer: via2
      Partial area ratio:    0.16
      Required ratio:    6.00 (Gate area) 
      Cumulative area ratio:    0.57
      Required ratio:    0.00 (Cumulative area) 

    Layer: met3
      Partial area ratio:    0.50
      Required ratio:    0.00 (Gate area) 
      Cumulative area ratio:    3.12
      Required ratio:    0.00 (Cumulative area) 
      Partial area ratio:    4.51
      Required ratio:  400.00 (Side area) 
      Cumulative area ratio:   16.32
      Required ratio:    0.00 (Cumulative side area) 

    Layer: via3
      Partial area ratio:    0.16
      Required ratio:    6.00 (Gate area) 
      Cumulative area ratio:    0.73
      Required ratio:    0.00 (Cumulative area) 

    Layer: met4
      Partial area ratio:   70.07
      Required ratio:    0.00 (Gate area) 
      Cumulative area ratio:   73.19
      Required ratio:    0.00 (Cumulative area) 
      Partial area ratio:  374.62
      Required ratio: 2956.40 (Side area) 
      Cumulative area ratio:  390.94
      Required ratio:    0.00 (Cumulative side area) 


  Pin:   _11010_/A0 (sky130_fd_sc_hd__mux2_1)
    Layer: mcon
      Partial area ratio:    0.23
      Required ratio:    3.00 (Gate area) 
      Cumulative area ratio:    0.23
      Required ratio:    0.00 (Cumulative area) 

    Layer: met1
      Partial area ratio:    1.89
      Required ratio:    0.00 (Gate area) 
      Cumulative area ratio:    1.89
      Required ratio:    0.00 (Cumulative area) 
      Partial area ratio:    8.40
      Required ratio:  400.00 (Side area) 
      Cumulative area ratio:    8.40
      Required ratio:    0.00 (Cumulative side area) 

    Layer: via
      Partial area ratio:    0.18
      Required ratio:    6.00 (Gate area) 
      Cumulative area ratio:    0.41
      Required ratio:    0.00 (Cumulative area) 

    Layer: met2
      Partial area ratio:    0.74
      Required ratio:    0.00 (Gate area) 
      Cumulative area ratio:    2.63
      Required ratio:    0.00 (Cumulative area) 
      Partial area ratio:    3.42
      Required ratio:  400.00 (Side area) 
      Cumulative area ratio:   11.81
      Required ratio:    0.00 (Cumulative side area) 

    Layer: via2
      Partial area ratio:    0.16
      Required ratio:    6.00 (Gate area) 
      Cumulative area ratio:    0.57
      Required ratio:    0.00 (Cumulative area) 

    Layer: met3
      Partial area ratio:    0.50
      Required ratio:    0.00 (Gate area) 
      Cumulative area ratio:    3.12
      Required ratio:    0.00 (Cumulative area) 
      Partial area ratio:    4.51
      Required ratio:  400.00 (Side area) 
      Cumulative area ratio:   16.32
      Required ratio:    0.00 (Cumulative side area) 

    Layer: via3
      Partial area ratio:    0.16
      Required ratio:    6.00 (Gate area) 
      Cumulative area ratio:    0.73
      Required ratio:    0.00 (Cumulative area) 

    Layer: met4
      Partial area ratio:   70.07
      Required ratio:    0.00 (Gate area) 
      Cumulative area ratio:   73.19
      Required ratio:    0.00 (Cumulative area) 
      Partial area ratio:  374.62
      Required ratio: 2956.40 (Side area) 
      Cumulative area ratio:  390.94
      Required ratio:    0.00 (Cumulative side area) 


  Pin:   _12132_/A0 (sky130_fd_sc_hd__mux2_1)
    Layer: mcon
      Partial area ratio:    0.23
      Required ratio:    3.00 (Gate area) 
      Cumulative area ratio:    0.23
      Required ratio:    0.00 (Cumulative area) 

    Layer: met1
      Partial area ratio:    3.21
      Required ratio:    0.00 (Gate area) 
      Cumulative area ratio:    3.21
      Required ratio:    0.00 (Cumulative area) 
      Partial area ratio:   14.57
      Required ratio:  400.00 (Side area) 
      Cumulative area ratio:   14.57
      Required ratio:    0.00 (Cumulative side area) 

    Layer: via
      Partial area ratio:    0.36
      Required ratio:    6.00 (Gate area) 
      Cumulative area ratio:    0.59
      Required ratio:    0.00 (Cumulative area) 

    Layer: met2
      Partial area ratio:    9.44
      Required ratio:    0.00 (Gate area) 
      Cumulative area ratio:   12.65
      Required ratio:    0.00 (Cumulative area) 
      Partial area ratio:   45.76
      Required ratio:  400.00 (Side area) 
      Cumulative area ratio:   60.34
      Required ratio:    0.00 (Cumulative side area) 

    Layer: via2
      Partial area ratio:    0.32
      Required ratio:    6.00 (Gate area) 
      Cumulative area ratio:    0.90
      Required ratio:    0.00 (Cumulative area) 

    Layer: met3
      Partial area ratio:  115.98
      Required ratio:    0.00 (Gate area) 
      Cumulative area ratio:  128.63
      Required ratio:    0.00 (Cumulative area) 
      Partial area ratio:  622.29
      Required ratio:  400.00 (Side area) (VIOLATED)
      Cumulative area ratio:  682.62
      Required ratio:    0.00 (Cumulative side area) 

    Layer: via3
      Partial area ratio:    0.32
      Required ratio:    6.00 (Gate area) 
      Cumulative area ratio:    1.22
      Required ratio:    0.00 (Cumulative area) 

    Layer: met4
      Partial area ratio:   70.07
      Required ratio:    0.00 (Gate area) 
      Cumulative area ratio:  198.70
      Required ratio:    0.00 (Cumulative area) 
      Partial area ratio:  374.62
      Required ratio: 2956.40 (Side area) 
      Cumulative area ratio: 1057.24
      Required ratio:    0.00 (Cumulative side area) 


  Pin:   _13068_/A1 (sky130_fd_sc_hd__mux2_1)
    Layer: mcon
      Partial area ratio:    0.23
      Required ratio:    3.00 (Gate area) 
      Cumulative area ratio:    0.23
      Required ratio:    0.00 (Cumulative area) 

    Layer: met1
      Partial area ratio:   11.75
      Required ratio:    0.00 (Gate area) 
      Cumulative area ratio:   11.75
      Required ratio:    0.00 (Cumulative area) 
      Partial area ratio:   56.44
      Required ratio:  400.00 (Side area) 
      Cumulative area ratio:   56.44
      Required ratio:    0.00 (Cumulative side area) 

    Layer: via
      Partial area ratio:    0.54
      Required ratio:    6.00 (Gate area) 
      Cumulative area ratio:    0.77
      Required ratio:    0.00 (Cumulative area) 

    Layer: met2
      Partial area ratio:    9.44
      Required ratio:    0.00 (Gate area) 
      Cumulative area ratio:   21.19
      Required ratio:    0.00 (Cumulative area) 
      Partial area ratio:   45.76
      Required ratio:  400.00 (Side area) 
      Cumulative area ratio:  102.21
      Required ratio:    0.00 (Cumulative side area) 

    Layer: via2
      Partial area ratio:    0.32
      Required ratio:    6.00 (Gate area) 
      Cumulative area ratio:    1.08
      Required ratio:    0.00 (Cumulative area) 

    Layer: met3
      Partial area ratio:  115.98
      Required ratio:    0.00 (Gate area) 
      Cumulative area ratio:  137.18
      Required ratio:    0.00 (Cumulative area) 
      Partial area ratio:  622.29
      Required ratio:  400.00 (Side area) (VIOLATED)
      Cumulative area ratio:  724.49
      Required ratio:    0.00 (Cumulative side area) 

    Layer: via3
      Partial area ratio:    0.32
      Required ratio:    6.00 (Gate area) 
      Cumulative area ratio:    1.40
      Required ratio:    0.00 (Cumulative area) 

    Layer: met4
      Partial area ratio:   70.07
      Required ratio:    0.00 (Gate area) 
      Cumulative area ratio:  207.25
      Required ratio:    0.00 (Cumulative area) 
      Partial area ratio:  374.62
      Required ratio: 2956.40 (Side area) 
      Cumulative area ratio: 1099.11
      Required ratio:    0.00 (Cumulative side area) 


  Pin:   _14244_/A0 (sky130_fd_sc_hd__mux2_1)
    Layer: mcon
      Partial area ratio:    0.23
      Required ratio:    3.00 (Gate area) 
      Cumulative area ratio:    0.23
      Required ratio:    0.00 (Cumulative area) 

    Layer: met1
      Partial area ratio:    4.32
      Required ratio:    0.00 (Gate area) 
      Cumulative area ratio:    4.32
      Required ratio:    0.00 (Cumulative area) 
      Partial area ratio:   20.48
      Required ratio:  400.00 (Side area) 
      Cumulative area ratio:   20.48
      Required ratio:    0.00 (Cumulative side area) 

    Layer: via
      Partial area ratio:    0.20
      Required ratio:    6.00 (Gate area) 
      Cumulative area ratio:    0.43
      Required ratio:    0.00 (Cumulative area) 

    Layer: met2
      Partial area ratio:   23.96
      Required ratio:    0.00 (Gate area) 
      Cumulative area ratio:   28.28
      Required ratio:    0.00 (Cumulative area) 
      Partial area ratio:  119.34
      Required ratio:  400.00 (Side area) 
      Cumulative area ratio:  139.82
      Required ratio:    0.00 (Cumulative side area) 

    Layer: via2
      Partial area ratio:    0.08
      Required ratio:    6.00 (Gate area) 
      Cumulative area ratio:    0.51
      Required ratio:    0.00 (Cumulative area) 

    Layer: met3
      Partial area ratio:    8.46
      Required ratio:    0.00 (Gate area) 
      Cumulative area ratio:   36.74
      Required ratio:    0.00 (Cumulative area) 
      Partial area ratio:   46.05
      Required ratio:  400.00 (Side area) 
      Cumulative area ratio:  185.87
      Required ratio:    0.00 (Cumulative side area) 

    Layer: via3
      Partial area ratio:    0.08
      Required ratio:    6.00 (Gate area) 
      Cumulative area ratio:    0.59
      Required ratio:    0.00 (Cumulative area) 

    Layer: met4
      Partial area ratio:   70.07
      Required ratio:    0.00 (Gate area) 
      Cumulative area ratio:  106.81
      Required ratio:    0.00 (Cumulative area) 
      Partial area ratio:  374.62
      Required ratio: 2956.40 (Side area) 
      Cumulative area ratio:  560.48
      Required ratio:    0.00 (Cumulative side area) 


  Pin:   _15186_/A1 (sky130_fd_sc_hd__mux2_1)
    Layer: mcon
      Partial area ratio:    0.23
      Required ratio:    3.00 (Gate area) 
      Cumulative area ratio:    0.23
      Required ratio:    0.00 (Cumulative area) 

    Layer: met1
      Partial area ratio:    4.32
      Required ratio:    0.00 (Gate area) 
      Cumulative area ratio:    4.32
      Required ratio:    0.00 (Cumulative area) 
      Partial area ratio:   20.48
      Required ratio:  400.00 (Side area) 
      Cumulative area ratio:   20.48
      Required ratio:    0.00 (Cumulative side area) 

    Layer: via
      Partial area ratio:    0.20
      Required ratio:    6.00 (Gate area) 
      Cumulative area ratio:    0.43
      Required ratio:    0.00 (Cumulative area) 

    Layer: met2
      Partial area ratio:   23.96
      Required ratio:    0.00 (Gate area) 
      Cumulative area ratio:   28.28
      Required ratio:    0.00 (Cumulative area) 
      Partial area ratio:  119.34
      Required ratio:  400.00 (Side area) 
      Cumulative area ratio:  139.82
      Required ratio:    0.00 (Cumulative side area) 

    Layer: via2
      Partial area ratio:    0.08
      Required ratio:    6.00 (Gate area) 
      Cumulative area ratio:    0.51
      Required ratio:    0.00 (Cumulative area) 

    Layer: met3
      Partial area ratio:    8.46
      Required ratio:    0.00 (Gate area) 
      Cumulative area ratio:   36.74
      Required ratio:    0.00 (Cumulative area) 
      Partial area ratio:   46.05
      Required ratio:  400.00 (Side area) 
      Cumulative area ratio:  185.87
      Required ratio:    0.00 (Cumulative side area) 

    Layer: via3
      Partial area ratio:    0.08
      Required ratio:    6.00 (Gate area) 
      Cumulative area ratio:    0.59
      Required ratio:    0.00 (Cumulative area) 

    Layer: met4
      Partial area ratio:   70.07
      Required ratio:    0.00 (Gate area) 
      Cumulative area ratio:  106.81
      Required ratio:    0.00 (Cumulative area) 
      Partial area ratio:  374.62
      Required ratio: 2956.40 (Side area) 
      Cumulative area ratio:  560.48
      Required ratio:    0.00 (Cumulative side area) 


  Pin:   _16343_/A0 (sky130_fd_sc_hd__mux2_1)
    Layer: mcon
      Partial area ratio:    0.23
      Required ratio:    3.00 (Gate area) 
      Cumulative area ratio:    0.23
      Required ratio:    0.00 (Cumulative area) 

    Layer: met1
      Partial area ratio:   10.90
      Required ratio:    0.00 (Gate area) 
      Cumulative area ratio:   10.90
      Required ratio:    0.00 (Cumulative area) 
      Partial area ratio:   52.64
      Required ratio:  400.00 (Side area) 
      Cumulative area ratio:   52.64
      Required ratio:    0.00 (Cumulative side area) 

    Layer: via
      Partial area ratio:    0.36
      Required ratio:    6.00 (Gate area) 
      Cumulative area ratio:    0.59
      Required ratio:    0.00 (Cumulative area) 

    Layer: met2
      Partial area ratio:   23.96
      Required ratio:    0.00 (Gate area) 
      Cumulative area ratio:   34.86
      Required ratio:    0.00 (Cumulative area) 
      Partial area ratio:  119.34
      Required ratio:  400.00 (Side area) 
      Cumulative area ratio:  171.98
      Required ratio:    0.00 (Cumulative side area) 

    Layer: via2
      Partial area ratio:    0.08
      Required ratio:    6.00 (Gate area) 
      Cumulative area ratio:    0.67
      Required ratio:    0.00 (Cumulative area) 

    Layer: met3
      Partial area ratio:    8.46
      Required ratio:    0.00 (Gate area) 
      Cumulative area ratio:   43.32
      Required ratio:    0.00 (Cumulative area) 
      Partial area ratio:   46.05
      Required ratio:  400.00 (Side area) 
      Cumulative area ratio:  218.02
      Required ratio:    0.00 (Cumulative side area) 

    Layer: via3
      Partial area ratio:    0.08
      Required ratio:    6.00 (Gate area) 
      Cumulative area ratio:    0.75
      Required ratio:    0.00 (Cumulative area) 

    Layer: met4
      Partial area ratio:   70.07
      Required ratio:    0.00 (Gate area) 
      Cumulative area ratio:  113.39
      Required ratio:    0.00 (Cumulative area) 
      Partial area ratio:  374.62
      Required ratio: 2956.40 (Side area) 
      Cumulative area ratio:  592.64
      Required ratio:    0.00 (Cumulative side area) 


  Pin:   _17163_/A1 (sky130_fd_sc_hd__mux2_1)
    Layer: mcon
      Partial area ratio:    0.23
      Required ratio:    3.00 (Gate area) 
      Cumulative area ratio:    0.23
      Required ratio:    0.00 (Cumulative area) 

    Layer: met1
      Partial area ratio:   10.90
      Required ratio:    0.00 (Gate area) 
      Cumulative area ratio:   10.90
      Required ratio:    0.00 (Cumulative area) 
      Partial area ratio:   52.64
      Required ratio:  400.00 (Side area) 
      Cumulative area ratio:   52.64
      Required ratio:    0.00 (Cumulative side area) 

    Layer: via
      Partial area ratio:    0.36
      Required ratio:    6.00 (Gate area) 
      Cumulative area ratio:    0.59
      Required ratio:    0.00 (Cumulative area) 

    Layer: met2
      Partial area ratio:   23.96
      Required ratio:    0.00 (Gate area) 
      Cumulative area ratio:   34.86
      Required ratio:    0.00 (Cumulative area) 
      Partial area ratio:  119.34
      Required ratio:  400.00 (Side area) 
      Cumulative area ratio:  171.98
      Required ratio:    0.00 (Cumulative side area) 

    Layer: via2
      Partial area ratio:    0.08
      Required ratio:    6.00 (Gate area) 
      Cumulative area ratio:    0.67
      Required ratio:    0.00 (Cumulative area) 

    Layer: met3
      Partial area ratio:    8.46
      Required ratio:    0.00 (Gate area) 
      Cumulative area ratio:   43.32
      Required ratio:    0.00 (Cumulative area) 
      Partial area ratio:   46.05
      Required ratio:  400.00 (Side area) 
      Cumulative area ratio:  218.02
      Required ratio:    0.00 (Cumulative side area) 

    Layer: via3
      Partial area ratio:    0.08
      Required ratio:    6.00 (Gate area) 
      Cumulative area ratio:    0.75
      Required ratio:    0.00 (Cumulative area) 

    Layer: met4
      Partial area ratio:   70.07
      Required ratio:    0.00 (Gate area) 
      Cumulative area ratio:  113.39
      Required ratio:    0.00 (Cumulative area) 
      Partial area ratio:  374.62
      Required ratio: 2956.40 (Side area) 
      Cumulative area ratio:  592.64
      Required ratio:    0.00 (Cumulative side area) 



Net: net51
  Pin:   _10092_/A0 (sky130_fd_sc_hd__mux2_1)
    Layer: mcon
      Partial area ratio:    0.23
      Required ratio:    3.00 (Gate area) 
      Cumulative area ratio:    0.23
      Required ratio:    0.00 (Cumulative area) 

    Layer: met1
      Partial area ratio:   12.80
      Required ratio:    0.00 (Gate area) 
      Cumulative area ratio:   12.80
      Required ratio:    0.00 (Cumulative area) 
      Partial area ratio:   61.67
      Required ratio:  400.00 (Side area) 
      Cumulative area ratio:   61.67
      Required ratio:    0.00 (Cumulative side area) 

    Layer: via
      Partial area ratio:    0.54
      Required ratio:    6.00 (Gate area) 
      Cumulative area ratio:    0.77
      Required ratio:    0.00 (Cumulative area) 

    Layer: met2
      Partial area ratio:   50.30
      Required ratio:    0.00 (Gate area) 
      Cumulative area ratio:   63.10
      Required ratio:    0.00 (Cumulative area) 
      Partial area ratio:  250.60
      Required ratio: 2956.40 (Side area) 
      Cumulative area ratio:  312.26
      Required ratio:    0.00 (Cumulative side area) 


  Pin:   _11014_/A0 (sky130_fd_sc_hd__mux2_1)
    Layer: mcon
      Partial area ratio:    0.23
      Required ratio:    3.00 (Gate area) 
      Cumulative area ratio:    0.23
      Required ratio:    0.00 (Cumulative area) 

    Layer: met1
      Partial area ratio:    1.77
      Required ratio:    0.00 (Gate area) 
      Cumulative area ratio:    1.77
      Required ratio:    0.00 (Cumulative area) 
      Partial area ratio:    7.32
      Required ratio:  400.00 (Side area) 
      Cumulative area ratio:    7.32
      Required ratio:    0.00 (Cumulative side area) 

    Layer: via
      Partial area ratio:    0.36
      Required ratio:    6.00 (Gate area) 
      Cumulative area ratio:    0.59
      Required ratio:    0.00 (Cumulative area) 

    Layer: met2
      Partial area ratio:   50.30
      Required ratio:    0.00 (Gate area) 
      Cumulative area ratio:   52.07
      Required ratio:    0.00 (Cumulative area) 
      Partial area ratio:  250.60
      Required ratio: 2956.40 (Side area) 
      Cumulative area ratio:  257.91
      Required ratio:    0.00 (Cumulative side area) 


  Pin:   _12136_/A0 (sky130_fd_sc_hd__mux2_1)
    Layer: mcon
      Partial area ratio:    0.23
      Required ratio:    3.00 (Gate area) 
      Cumulative area ratio:    0.23
      Required ratio:    0.00 (Cumulative area) 

    Layer: met1
      Partial area ratio:    3.58
      Required ratio:    0.00 (Gate area) 
      Cumulative area ratio:    3.58
      Required ratio:    0.00 (Cumulative area) 
      Partial area ratio:   16.41
      Required ratio:  400.00 (Side area) 
      Cumulative area ratio:   16.41
      Required ratio:    0.00 (Cumulative side area) 

    Layer: via
      Partial area ratio:    0.36
      Required ratio:    6.00 (Gate area) 
      Cumulative area ratio:    0.59
      Required ratio:    0.00 (Cumulative area) 

    Layer: met2
      Partial area ratio:   50.30
      Required ratio:    0.00 (Gate area) 
      Cumulative area ratio:   53.87
      Required ratio:    0.00 (Cumulative area) 
      Partial area ratio:  250.60
      Required ratio: 2956.40 (Side area) 
      Cumulative area ratio:  267.00
      Required ratio:    0.00 (Cumulative side area) 


  Pin:   _13072_/A1 (sky130_fd_sc_hd__mux2_1)
    Layer: mcon
      Partial area ratio:    0.23
      Required ratio:    3.00 (Gate area) 
      Cumulative area ratio:    0.23
      Required ratio:    0.00 (Cumulative area) 

    Layer: met1
      Partial area ratio:   12.09
      Required ratio:    0.00 (Gate area) 
      Cumulative area ratio:   12.09
      Required ratio:    0.00 (Cumulative area) 
      Partial area ratio:   59.00
      Required ratio:  400.00 (Side area) 
      Cumulative area ratio:   59.00
      Required ratio:    0.00 (Cumulative side area) 

    Layer: via
      Partial area ratio:    0.36
      Required ratio:    6.00 (Gate area) 
      Cumulative area ratio:    0.59
      Required ratio:    0.00 (Cumulative area) 

    Layer: met2
      Partial area ratio:   50.30
      Required ratio:    0.00 (Gate area) 
      Cumulative area ratio:   62.39
      Required ratio:    0.00 (Cumulative area) 
      Partial area ratio:  250.60
      Required ratio: 2956.40 (Side area) 
      Cumulative area ratio:  309.60
      Required ratio:    0.00 (Cumulative side area) 


  Pin:   _14248_/A0 (sky130_fd_sc_hd__mux2_1)
    Layer: mcon
      Partial area ratio:    0.23
      Required ratio:    3.00 (Gate area) 
      Cumulative area ratio:    0.23
      Required ratio:    0.00 (Cumulative area) 

    Layer: met1
      Partial area ratio:    5.13
      Required ratio:    0.00 (Gate area) 
      Cumulative area ratio:    5.13
      Required ratio:    0.00 (Cumulative area) 
      Partial area ratio:   24.24
      Required ratio:  400.00 (Side area) 
      Cumulative area ratio:   24.24
      Required ratio:    0.00 (Cumulative side area) 

    Layer: via
      Partial area ratio:    0.27
      Required ratio:    6.00 (Gate area) 
      Cumulative area ratio:    0.50
      Required ratio:    0.00 (Cumulative area) 

    Layer: met2
      Partial area ratio:   50.30
      Required ratio:    0.00 (Gate area) 
      Cumulative area ratio:   55.43
      Required ratio:    0.00 (Cumulative area) 
      Partial area ratio:  250.60
      Required ratio: 2956.40 (Side area) 
      Cumulative area ratio:  274.84
      Required ratio:    0.00 (Cumulative side area) 


  Pin:   _15190_/A1 (sky130_fd_sc_hd__mux2_1)
    Layer: mcon
      Partial area ratio:    0.23
      Required ratio:    3.00 (Gate area) 
      Cumulative area ratio:    0.23
      Required ratio:    0.00 (Cumulative area) 

    Layer: met1
      Partial area ratio:    5.13
      Required ratio:    0.00 (Gate area) 
      Cumulative area ratio:    5.13
      Required ratio:    0.00 (Cumulative area) 
      Partial area ratio:   24.24
      Required ratio:  400.00 (Side area) 
      Cumulative area ratio:   24.24
      Required ratio:    0.00 (Cumulative side area) 

    Layer: via
      Partial area ratio:    0.27
      Required ratio:    6.00 (Gate area) 
      Cumulative area ratio:    0.50
      Required ratio:    0.00 (Cumulative area) 

    Layer: met2
      Partial area ratio:   50.30
      Required ratio:    0.00 (Gate area) 
      Cumulative area ratio:   55.43
      Required ratio:    0.00 (Cumulative area) 
      Partial area ratio:  250.60
      Required ratio: 2956.40 (Side area) 
      Cumulative area ratio:  274.84
      Required ratio:    0.00 (Cumulative side area) 


  Pin:   _16347_/A0 (sky130_fd_sc_hd__mux2_1)
    Layer: mcon
      Partial area ratio:    0.23
      Required ratio:    3.00 (Gate area) 
      Cumulative area ratio:    0.23
      Required ratio:    0.00 (Cumulative area) 

    Layer: met1
      Partial area ratio:   13.17
      Required ratio:    0.00 (Gate area) 
      Cumulative area ratio:   13.17
      Required ratio:    0.00 (Cumulative area) 
      Partial area ratio:   63.52
      Required ratio:  400.00 (Side area) 
      Cumulative area ratio:   63.52
      Required ratio:    0.00 (Cumulative side area) 

    Layer: via
      Partial area ratio:    0.54
      Required ratio:    6.00 (Gate area) 
      Cumulative area ratio:    0.77
      Required ratio:    0.00 (Cumulative area) 

    Layer: met2
      Partial area ratio:   50.30
      Required ratio:    0.00 (Gate area) 
      Cumulative area ratio:   63.47
      Required ratio:    0.00 (Cumulative area) 
      Partial area ratio:  250.60
      Required ratio: 2956.40 (Side area) 
      Cumulative area ratio:  314.11
      Required ratio:    0.00 (Cumulative side area) 


  Pin:   _17167_/A1 (sky130_fd_sc_hd__mux2_1)
    Layer: mcon
      Partial area ratio:    0.23
      Required ratio:    3.00 (Gate area) 
      Cumulative area ratio:    0.23
      Required ratio:    0.00 (Cumulative area) 

    Layer: met1
      Partial area ratio:  129.36
      Required ratio:    0.00 (Gate area) 
      Cumulative area ratio:  129.36
      Required ratio:    0.00 (Cumulative area) 
      Partial area ratio:  643.61
      Required ratio:  400.00 (Side area) (VIOLATED)
      Cumulative area ratio:  643.61
      Required ratio:    0.00 (Cumulative side area) 

    Layer: via
      Partial area ratio:    0.71
      Required ratio:    6.00 (Gate area) 
      Cumulative area ratio:    0.94
      Required ratio:    0.00 (Cumulative area) 

    Layer: met2
      Partial area ratio:   50.30
      Required ratio:    0.00 (Gate area) 
      Cumulative area ratio:  179.66
      Required ratio:    0.00 (Cumulative area) 
      Partial area ratio:  250.60
      Required ratio: 2956.40 (Side area) 
      Cumulative area ratio:  894.21
      Required ratio:    0.00 (Cumulative side area) 



Net: net56
  Pin:   _09549_/A0 (sky130_fd_sc_hd__mux2_1)
    Layer: mcon
      Partial area ratio:    0.23
      Required ratio:    3.00 (Gate area) 
      Cumulative area ratio:    0.23
      Required ratio:    0.00 (Cumulative area) 

    Layer: met1
      Partial area ratio:   10.33
      Required ratio:    0.00 (Gate area) 
      Cumulative area ratio:   10.33
      Required ratio:    0.00 (Cumulative area) 
      Partial area ratio:   49.89
      Required ratio:  400.00 (Side area) 
      Cumulative area ratio:   49.89
      Required ratio:    0.00 (Cumulative side area) 

    Layer: via
      Partial area ratio:    0.42
      Required ratio:    6.00 (Gate area) 
      Cumulative area ratio:    0.65
      Required ratio:    0.00 (Cumulative area) 

    Layer: met2
      Partial area ratio:   21.38
      Required ratio:    0.00 (Gate area) 
      Cumulative area ratio:   31.71
      Required ratio:    0.00 (Cumulative area) 
      Partial area ratio:  106.04
      Required ratio: 2918.08 (Side area) 
      Cumulative area ratio:  155.93
      Required ratio:    0.00 (Cumulative side area) 


  Pin:   _10506_/A0 (sky130_fd_sc_hd__mux2_1)
    Layer: mcon
      Partial area ratio:    0.23
      Required ratio:    3.00 (Gate area) 
      Cumulative area ratio:    0.23
      Required ratio:    0.00 (Cumulative area) 

    Layer: met1
      Partial area ratio:  157.57
      Required ratio:    0.00 (Gate area) 
      Cumulative area ratio:  157.57
      Required ratio:    0.00 (Cumulative area) 
      Partial area ratio:  784.97
      Required ratio: 2918.08 (Side area) 
      Cumulative area ratio:  784.97
      Required ratio:    0.00 (Cumulative side area) 

    Layer: via
      Partial area ratio:    0.54
      Required ratio:   34.63 (Gate area) 
      Cumulative area ratio:    0.77
      Required ratio:    0.00 (Cumulative area) 

    Layer: met2
      Partial area ratio:   21.38
      Required ratio:    0.00 (Gate area) 
      Cumulative area ratio:  178.95
      Required ratio:    0.00 (Cumulative area) 
      Partial area ratio:  106.04
      Required ratio: 2918.08 (Side area) 
      Cumulative area ratio:  891.01
      Required ratio:    0.00 (Cumulative side area) 


  Pin:   _11629_/A0 (sky130_fd_sc_hd__mux2_1)
    Layer: mcon
      Partial area ratio:    0.23
      Required ratio:    3.00 (Gate area) 
      Cumulative area ratio:    0.23
      Required ratio:    0.00 (Cumulative area) 

    Layer: met1
      Partial area ratio:    3.75
      Required ratio:    0.00 (Gate area) 
      Cumulative area ratio:    3.75
      Required ratio:    0.00 (Cumulative area) 
      Partial area ratio:   17.87
      Required ratio:  400.00 (Side area) 
      Cumulative area ratio:   17.87
      Required ratio:    0.00 (Cumulative side area) 

    Layer: via
      Partial area ratio:    0.25
      Required ratio:    6.00 (Gate area) 
      Cumulative area ratio:    0.48
      Required ratio:    0.00 (Cumulative area) 

    Layer: met2
      Partial area ratio:   21.38
      Required ratio:    0.00 (Gate area) 
      Cumulative area ratio:   25.13
      Required ratio:    0.00 (Cumulative area) 
      Partial area ratio:  106.04
      Required ratio: 2918.08 (Side area) 
      Cumulative area ratio:  123.91
      Required ratio:    0.00 (Cumulative side area) 


  Pin:   _12534_/A1 (sky130_fd_sc_hd__mux2_1)
    Layer: mcon
      Partial area ratio:    0.23
      Required ratio:    3.00 (Gate area) 
      Cumulative area ratio:    0.23
      Required ratio:    0.00 (Cumulative area) 

    Layer: met1
      Partial area ratio:  118.02
      Required ratio:    0.00 (Gate area) 
      Cumulative area ratio:  118.02
      Required ratio:    0.00 (Cumulative area) 
      Partial area ratio:  586.89
      Required ratio:  400.00 (Side area) (VIOLATED)
      Cumulative area ratio:  586.89
      Required ratio:    0.00 (Cumulative side area) 

    Layer: via
      Partial area ratio:    0.71
      Required ratio:    6.00 (Gate area) 
      Cumulative area ratio:    0.94
      Required ratio:    0.00 (Cumulative area) 

    Layer: met2
      Partial area ratio:   21.38
      Required ratio:    0.00 (Gate area) 
      Cumulative area ratio:  139.40
      Required ratio:    0.00 (Cumulative area) 
      Partial area ratio:  106.04
      Required ratio: 2918.08 (Side area) 
      Cumulative area ratio:  692.93
      Required ratio:    0.00 (Cumulative side area) 


  Pin:   _13713_/A0 (sky130_fd_sc_hd__mux2_1)
    Layer: mcon
      Partial area ratio:    0.23
      Required ratio:    3.00 (Gate area) 
      Cumulative area ratio:    0.23
      Required ratio:    0.00 (Cumulative area) 

    Layer: met1
      Partial area ratio:   13.92
      Required ratio:    0.00 (Gate area) 
      Cumulative area ratio:   13.92
      Required ratio:    0.00 (Cumulative area) 
      Partial area ratio:   67.79
      Required ratio:  400.00 (Side area) 
      Cumulative area ratio:   67.79
      Required ratio:    0.00 (Cumulative side area) 

    Layer: via
      Partial area ratio:    0.36
      Required ratio:    6.00 (Gate area) 
      Cumulative area ratio:    0.59
      Required ratio:    0.00 (Cumulative area) 

    Layer: met2
      Partial area ratio:   21.38
      Required ratio:    0.00 (Gate area) 
      Cumulative area ratio:   35.30
      Required ratio:    0.00 (Cumulative area) 
      Partial area ratio:  106.04
      Required ratio: 2918.08 (Side area) 
      Cumulative area ratio:  173.82
      Required ratio:    0.00 (Cumulative side area) 


  Pin:   _14650_/A1 (sky130_fd_sc_hd__mux2_1)
    Layer: mcon
      Partial area ratio:    0.23
      Required ratio:    3.00 (Gate area) 
      Cumulative area ratio:    0.23
      Required ratio:    0.00 (Cumulative area) 

    Layer: met1
      Partial area ratio:   13.92
      Required ratio:    0.00 (Gate area) 
      Cumulative area ratio:   13.92
      Required ratio:    0.00 (Cumulative area) 
      Partial area ratio:   67.79
      Required ratio:  400.00 (Side area) 
      Cumulative area ratio:   67.79
      Required ratio:    0.00 (Cumulative side area) 

    Layer: via
      Partial area ratio:    0.36
      Required ratio:    6.00 (Gate area) 
      Cumulative area ratio:    0.59
      Required ratio:    0.00 (Cumulative area) 

    Layer: met2
      Partial area ratio:   21.38
      Required ratio:    0.00 (Gate area) 
      Cumulative area ratio:   35.30
      Required ratio:    0.00 (Cumulative area) 
      Partial area ratio:  106.04
      Required ratio: 2918.08 (Side area) 
      Cumulative area ratio:  173.82
      Required ratio:    0.00 (Cumulative side area) 


  Pin:   _15823_/A0 (sky130_fd_sc_hd__mux2_1)
    Layer: mcon
      Partial area ratio:    0.23
      Required ratio:    3.00 (Gate area) 
      Cumulative area ratio:    0.23
      Required ratio:    0.00 (Cumulative area) 

    Layer: met1
      Partial area ratio:    6.51
      Required ratio:    0.00 (Gate area) 
      Cumulative area ratio:    6.51
      Required ratio:    0.00 (Cumulative area) 
      Partial area ratio:   31.09
      Required ratio:  400.00 (Side area) 
      Cumulative area ratio:   31.09
      Required ratio:    0.00 (Cumulative side area) 

    Layer: via
      Partial area ratio:    0.36
      Required ratio:    6.00 (Gate area) 
      Cumulative area ratio:    0.59
      Required ratio:    0.00 (Cumulative area) 

    Layer: met2
      Partial area ratio:   21.38
      Required ratio:    0.00 (Gate area) 
      Cumulative area ratio:   27.89
      Required ratio:    0.00 (Cumulative area) 
      Partial area ratio:  106.04
      Required ratio: 2918.08 (Side area) 
      Cumulative area ratio:  137.13
      Required ratio:    0.00 (Cumulative side area) 


  Pin:   _16740_/A1 (sky130_fd_sc_hd__mux2_1)
    Layer: mcon
      Partial area ratio:    0.23
      Required ratio:    3.00 (Gate area) 
      Cumulative area ratio:    0.23
      Required ratio:    0.00 (Cumulative area) 

    Layer: met1
      Partial area ratio:    4.13
      Required ratio:    0.00 (Gate area) 
      Cumulative area ratio:    4.13
      Required ratio:    0.00 (Cumulative area) 
      Partial area ratio:   19.17
      Required ratio:  400.00 (Side area) 
      Cumulative area ratio:   19.17
      Required ratio:    0.00 (Cumulative side area) 

    Layer: via
      Partial area ratio:    0.36
      Required ratio:    6.00 (Gate area) 
      Cumulative area ratio:    0.59
      Required ratio:    0.00 (Cumulative area) 

    Layer: met2
      Partial area ratio:   21.38
      Required ratio:    0.00 (Gate area) 
      Cumulative area ratio:   25.51
      Required ratio:    0.00 (Cumulative area) 
      Partial area ratio:  106.04
      Required ratio: 2918.08 (Side area) 
      Cumulative area ratio:  125.20
      Required ratio:    0.00 (Cumulative side area) 



Net: net72
  Pin:   _09202_/A (sky130_fd_sc_hd__and2_1)
    Layer: mcon
      Partial area ratio:    0.23
      Required ratio:    3.00 (Gate area) 
      Cumulative area ratio:    0.23
      Required ratio:    0.00 (Cumulative area) 

    Layer: met1
      Partial area ratio:  118.14
      Required ratio:    0.00 (Gate area) 
      Cumulative area ratio:  118.14
      Required ratio:    0.00 (Cumulative area) 
      Partial area ratio:  588.36
      Required ratio:  400.00 (Side area) (VIOLATED)
      Cumulative area ratio:  588.36
      Required ratio:    0.00 (Cumulative side area) 

    Layer: via
      Partial area ratio:    0.54
      Required ratio:    6.00 (Gate area) 
      Cumulative area ratio:    0.77
      Required ratio:    0.00 (Cumulative area) 

    Layer: met2
      Partial area ratio:    4.85
      Required ratio:    0.00 (Gate area) 
      Cumulative area ratio:  122.99
      Required ratio:    0.00 (Cumulative area) 
      Partial area ratio:   23.74
      Required ratio: 2771.60 (Side area) 
      Cumulative area ratio:  612.10
      Required ratio:    0.00 (Cumulative side area) 


  Pin:   _09203_/A (sky130_fd_sc_hd__nand2_1)
    Layer: mcon
      Partial area ratio:    0.12
      Required ratio:    3.00 (Gate area) 
      Cumulative area ratio:    0.12
      Required ratio:    0.00 (Cumulative area) 

    Layer: met1
      Partial area ratio:    2.22
      Required ratio:    0.00 (Gate area) 
      Cumulative area ratio:    2.22
      Required ratio:    0.00 (Cumulative area) 
      Partial area ratio:   10.36
      Required ratio:  400.00 (Side area) 
      Cumulative area ratio:   10.36
      Required ratio:    0.00 (Cumulative side area) 

    Layer: via
      Partial area ratio:    0.18
      Required ratio:    6.00 (Gate area) 
      Cumulative area ratio:    0.30
      Required ratio:    0.00 (Cumulative area) 

    Layer: met2
      Partial area ratio:    4.85
      Required ratio:    0.00 (Gate area) 
      Cumulative area ratio:    7.08
      Required ratio:    0.00 (Cumulative area) 
      Partial area ratio:   23.74
      Required ratio: 2771.60 (Side area) 
      Cumulative area ratio:   34.10
      Required ratio:    0.00 (Cumulative side area) 



Net: net218
  Pin:   _11008_/S (sky130_fd_sc_hd__mux2_1)
    Layer: mcon
      Partial area ratio:    0.11
      Required ratio:    3.00 (Gate area) 
      Cumulative area ratio:    0.11
      Required ratio:    0.00 (Cumulative area) 

    Layer: met1
      Partial area ratio:    1.66
      Required ratio:    0.00 (Gate area) 
      Cumulative area ratio:    1.66
      Required ratio:    0.00 (Cumulative area) 
      Partial area ratio:    7.56
      Required ratio:  400.00 (Side area) 
      Cumulative area ratio:    7.56
      Required ratio:    0.00 (Cumulative side area) 

    Layer: via
      Partial area ratio:    0.18
      Required ratio:    6.00 (Gate area) 
      Cumulative area ratio:    0.29
      Required ratio:    0.00 (Cumulative area) 

    Layer: met2
      Partial area ratio:    5.24
      Required ratio:    0.00 (Gate area) 
      Cumulative area ratio:    6.90
      Required ratio:    0.00 (Cumulative area) 
      Partial area ratio:   25.72
      Required ratio: 2956.40 (Side area) 
      Cumulative area ratio:   33.29
      Required ratio:    0.00 (Cumulative side area) 


  Pin:   _11009_/S (sky130_fd_sc_hd__mux2_1)
    Layer: mcon
      Partial area ratio:    0.11
      Required ratio:    3.00 (Gate area) 
      Cumulative area ratio:    0.11
      Required ratio:    0.00 (Cumulative area) 

    Layer: met1
      Partial area ratio:    0.86
      Required ratio:    0.00 (Gate area) 
      Cumulative area ratio:    0.86
      Required ratio:    0.00 (Cumulative area) 
      Partial area ratio:    3.78
      Required ratio:  400.00 (Side area) 
      Cumulative area ratio:    3.78
      Required ratio:    0.00 (Cumulative side area) 

    Layer: via
      Partial area ratio:    0.18
      Required ratio:    6.00 (Gate area) 
      Cumulative area ratio:    0.29
      Required ratio:    0.00 (Cumulative area) 

    Layer: met2
      Partial area ratio:    5.24
      Required ratio:    0.00 (Gate area) 
      Cumulative area ratio:    6.10
      Required ratio:    0.00 (Cumulative area) 
      Partial area ratio:   25.72
      Required ratio: 2956.40 (Side area) 
      Cumulative area ratio:   29.50
      Required ratio:    0.00 (Cumulative side area) 


  Pin:   _12039_/S (sky130_fd_sc_hd__mux2_1)
    Layer: mcon
      Partial area ratio:    0.11
      Required ratio:    3.00 (Gate area) 
      Cumulative area ratio:    0.11
      Required ratio:    0.00 (Cumulative area) 

    Layer: met1
      Partial area ratio:    3.88
      Required ratio:    0.00 (Gate area) 
      Cumulative area ratio:    3.88
      Required ratio:    0.00 (Cumulative area) 
      Partial area ratio:   18.69
      Required ratio:  400.00 (Side area) 
      Cumulative area ratio:   18.69
      Required ratio:    0.00 (Cumulative side area) 

    Layer: via
      Partial area ratio:    0.18
      Required ratio:    6.00 (Gate area) 
      Cumulative area ratio:    0.29
      Required ratio:    0.00 (Cumulative area) 

    Layer: met2
      Partial area ratio:    5.24
      Required ratio:    0.00 (Gate area) 
      Cumulative area ratio:    9.12
      Required ratio:    0.00 (Cumulative area) 
      Partial area ratio:   25.72
      Required ratio: 2956.40 (Side area) 
      Cumulative area ratio:   44.41
      Required ratio:    0.00 (Cumulative side area) 


  Pin:   _12040_/S (sky130_fd_sc_hd__mux2_1)
    Layer: mcon
      Partial area ratio:    0.11
      Required ratio:    3.00 (Gate area) 
      Cumulative area ratio:    0.11
      Required ratio:    0.00 (Cumulative area) 

    Layer: met1
      Partial area ratio:    5.41
      Required ratio:    0.00 (Gate area) 
      Cumulative area ratio:    5.41
      Required ratio:    0.00 (Cumulative area) 
      Partial area ratio:   26.13
      Required ratio:  400.00 (Side area) 
      Cumulative area ratio:   26.13
      Required ratio:    0.00 (Cumulative side area) 

    Layer: via
      Partial area ratio:    0.15
      Required ratio:    6.00 (Gate area) 
      Cumulative area ratio:    0.26
      Required ratio:    0.00 (Cumulative area) 

    Layer: met2
      Partial area ratio:    5.24
      Required ratio:    0.00 (Gate area) 
      Cumulative area ratio:   10.65
      Required ratio:    0.00 (Cumulative area) 
      Partial area ratio:   25.72
      Required ratio: 2956.40 (Side area) 
      Cumulative area ratio:   51.85
      Required ratio:    0.00 (Cumulative side area) 


  Pin:   _12041_/S (sky130_fd_sc_hd__mux2_1)
    Layer: mcon
      Partial area ratio:    0.11
      Required ratio:    3.00 (Gate area) 
      Cumulative area ratio:    0.11
      Required ratio:    0.00 (Cumulative area) 

    Layer: met1
      Partial area ratio:    5.41
      Required ratio:    0.00 (Gate area) 
      Cumulative area ratio:    5.41
      Required ratio:    0.00 (Cumulative area) 
      Partial area ratio:   26.13
      Required ratio:  400.00 (Side area) 
      Cumulative area ratio:   26.13
      Required ratio:    0.00 (Cumulative side area) 

    Layer: via
      Partial area ratio:    0.15
      Required ratio:    6.00 (Gate area) 
      Cumulative area ratio:    0.26
      Required ratio:    0.00 (Cumulative area) 

    Layer: met2
      Partial area ratio:    5.24
      Required ratio:    0.00 (Gate area) 
      Cumulative area ratio:   10.65
      Required ratio:    0.00 (Cumulative area) 
      Partial area ratio:   25.72
      Required ratio: 2956.40 (Side area) 
      Cumulative area ratio:   51.85
      Required ratio:    0.00 (Cumulative side area) 


  Pin:   _12042_/S (sky130_fd_sc_hd__mux2_1)
    Layer: mcon
      Partial area ratio:    0.11
      Required ratio:    3.00 (Gate area) 
      Cumulative area ratio:    0.11
      Required ratio:    0.00 (Cumulative area) 

    Layer: met1
      Partial area ratio:  101.77
      Required ratio:    0.00 (Gate area) 
      Cumulative area ratio:  101.77
      Required ratio:    0.00 (Cumulative area) 
      Partial area ratio:  506.85
      Required ratio:  400.00 (Side area) (VIOLATED)
      Cumulative area ratio:  506.85
      Required ratio:    0.00 (Cumulative side area) 

    Layer: via
      Partial area ratio:    0.45
      Required ratio:    6.00 (Gate area) 
      Cumulative area ratio:    0.56
      Required ratio:    0.00 (Cumulative area) 

    Layer: met2
      Partial area ratio:    5.24
      Required ratio:    0.00 (Gate area) 
      Cumulative area ratio:  107.01
      Required ratio:    0.00 (Cumulative area) 
      Partial area ratio:   25.72
      Required ratio: 2956.40 (Side area) 
      Cumulative area ratio:  532.57
      Required ratio:    0.00 (Cumulative side area) 


  Pin:   _12043_/S (sky130_fd_sc_hd__mux2_1)
    Layer: mcon
      Partial area ratio:    0.11
      Required ratio:    3.00 (Gate area) 
      Cumulative area ratio:    0.11
      Required ratio:    0.00 (Cumulative area) 

    Layer: met1
      Partial area ratio:    4.00
      Required ratio:    0.00 (Gate area) 
      Cumulative area ratio:    4.00
      Required ratio:    0.00 (Cumulative area) 
      Partial area ratio:   19.24
      Required ratio:  400.00 (Side area) 
      Cumulative area ratio:   19.24
      Required ratio:    0.00 (Cumulative side area) 

    Layer: via
      Partial area ratio:    0.18
      Required ratio:    6.00 (Gate area) 
      Cumulative area ratio:    0.29
      Required ratio:    0.00 (Cumulative area) 

    Layer: met2
      Partial area ratio:    5.24
      Required ratio:    0.00 (Gate area) 
      Cumulative area ratio:    9.23
      Required ratio:    0.00 (Cumulative area) 
      Partial area ratio:   25.72
      Required ratio: 2956.40 (Side area) 
      Cumulative area ratio:   44.97
      Required ratio:    0.00 (Cumulative side area) 


  Pin:   _12044_/S (sky130_fd_sc_hd__mux2_1)
    Layer: mcon
      Partial area ratio:    0.11
      Required ratio:    3.00 (Gate area) 
      Cumulative area ratio:    0.11
      Required ratio:    0.00 (Cumulative area) 

    Layer: met1
      Partial area ratio:    8.70
      Required ratio:    0.00 (Gate area) 
      Cumulative area ratio:    8.70
      Required ratio:    0.00 (Cumulative area) 
      Partial area ratio:   42.76
      Required ratio:  400.00 (Side area) 
      Cumulative area ratio:   42.76
      Required ratio:    0.00 (Cumulative side area) 

    Layer: via
      Partial area ratio:    0.18
      Required ratio:    6.00 (Gate area) 
      Cumulative area ratio:    0.29
      Required ratio:    0.00 (Cumulative area) 

    Layer: met2
      Partial area ratio:    5.24
      Required ratio:    0.00 (Gate area) 
      Cumulative area ratio:   13.94
      Required ratio:    0.00 (Cumulative area) 
      Partial area ratio:   25.72
      Required ratio: 2956.40 (Side area) 
      Cumulative area ratio:   68.49
      Required ratio:    0.00 (Cumulative side area) 


  Pin:   _12045_/S (sky130_fd_sc_hd__mux2_1)
    Layer: mcon
      Partial area ratio:    0.11
      Required ratio:    3.00 (Gate area) 
      Cumulative area ratio:    0.11
      Required ratio:    0.00 (Cumulative area) 

    Layer: met1
      Partial area ratio:    5.05
      Required ratio:    0.00 (Gate area) 
      Cumulative area ratio:    5.05
      Required ratio:    0.00 (Cumulative area) 
      Partial area ratio:   24.52
      Required ratio:  400.00 (Side area) 
      Cumulative area ratio:   24.52
      Required ratio:    0.00 (Cumulative side area) 

    Layer: via
      Partial area ratio:    0.18
      Required ratio:    6.00 (Gate area) 
      Cumulative area ratio:    0.29
      Required ratio:    0.00 (Cumulative area) 

    Layer: met2
      Partial area ratio:    5.24
      Required ratio:    0.00 (Gate area) 
      Cumulative area ratio:   10.29
      Required ratio:    0.00 (Cumulative area) 
      Partial area ratio:   25.72
      Required ratio: 2956.40 (Side area) 
      Cumulative area ratio:   50.24
      Required ratio:    0.00 (Cumulative side area) 


  Pin:   _12046_/S (sky130_fd_sc_hd__mux2_1)
    Layer: mcon
      Partial area ratio:    0.11
      Required ratio:    3.00 (Gate area) 
      Cumulative area ratio:    0.11
      Required ratio:    0.00 (Cumulative area) 

    Layer: met1
      Partial area ratio:    5.41
      Required ratio:    0.00 (Gate area) 
      Cumulative area ratio:    5.41
      Required ratio:    0.00 (Cumulative area) 
      Partial area ratio:   26.13
      Required ratio:  400.00 (Side area) 
      Cumulative area ratio:   26.13
      Required ratio:    0.00 (Cumulative side area) 

    Layer: via
      Partial area ratio:    0.15
      Required ratio:    6.00 (Gate area) 
      Cumulative area ratio:    0.26
      Required ratio:    0.00 (Cumulative area) 

    Layer: met2
      Partial area ratio:    5.24
      Required ratio:    0.00 (Gate area) 
      Cumulative area ratio:   10.65
      Required ratio:    0.00 (Cumulative area) 
      Partial area ratio:   25.72
      Required ratio: 2956.40 (Side area) 
      Cumulative area ratio:   51.85
      Required ratio:    0.00 (Cumulative side area) 



Net: net230
  Pin:   _16342_/S (sky130_fd_sc_hd__mux2_1)
    Layer: mcon
      Partial area ratio:    0.11
      Required ratio:    3.00 (Gate area) 
      Cumulative area ratio:    0.11
      Required ratio:    0.00 (Cumulative area) 

    Layer: met1
      Partial area ratio:    5.64
      Required ratio:    0.00 (Gate area) 
      Cumulative area ratio:    5.64
      Required ratio:    0.00 (Cumulative area) 
      Partial area ratio:   27.49
      Required ratio:  400.00 (Side area) 
      Cumulative area ratio:   27.49
      Required ratio:    0.00 (Cumulative side area) 

    Layer: via
      Partial area ratio:    0.18
      Required ratio:    6.00 (Gate area) 
      Cumulative area ratio:    0.29
      Required ratio:    0.00 (Cumulative area) 

    Layer: met2
      Partial area ratio:    8.33
      Required ratio:    0.00 (Gate area) 
      Cumulative area ratio:   13.98
      Required ratio:    0.00 (Cumulative area) 
      Partial area ratio:   41.12
      Required ratio: 3236.16 (Side area) 
      Cumulative area ratio:   68.61
      Required ratio:    0.00 (Cumulative side area) 


  Pin:   _16343_/S (sky130_fd_sc_hd__mux2_1)
    Layer: mcon
      Partial area ratio:    0.11
      Required ratio:    3.00 (Gate area) 
      Cumulative area ratio:    0.11
      Required ratio:    0.00 (Cumulative area) 

    Layer: met1
      Partial area ratio:    3.92
      Required ratio:    0.00 (Gate area) 
      Cumulative area ratio:    3.92
      Required ratio:    0.00 (Cumulative area) 
      Partial area ratio:   18.85
      Required ratio:  400.00 (Side area) 
      Cumulative area ratio:   18.85
      Required ratio:    0.00 (Cumulative side area) 

    Layer: via
      Partial area ratio:    0.18
      Required ratio:    6.00 (Gate area) 
      Cumulative area ratio:    0.29
      Required ratio:    0.00 (Cumulative area) 

    Layer: met2
      Partial area ratio:    8.33
      Required ratio:    0.00 (Gate area) 
      Cumulative area ratio:   12.25
      Required ratio:    0.00 (Cumulative area) 
      Partial area ratio:   41.12
      Required ratio: 3236.16 (Side area) 
      Cumulative area ratio:   59.98
      Required ratio:    0.00 (Cumulative side area) 


  Pin:   _16344_/S (sky130_fd_sc_hd__mux2_1)
    Layer: mcon
      Partial area ratio:    0.11
      Required ratio:    3.00 (Gate area) 
      Cumulative area ratio:    0.11
      Required ratio:    0.00 (Cumulative area) 

    Layer: met1
      Partial area ratio:    5.96
      Required ratio:    0.00 (Gate area) 
      Cumulative area ratio:    5.96
      Required ratio:    0.00 (Cumulative area) 
      Partial area ratio:   28.62
      Required ratio:  400.00 (Side area) 
      Cumulative area ratio:   28.62
      Required ratio:    0.00 (Cumulative side area) 

    Layer: via
      Partial area ratio:    0.27
      Required ratio:    6.00 (Gate area) 
      Cumulative area ratio:    0.38
      Required ratio:    0.00 (Cumulative area) 

    Layer: met2
      Partial area ratio:    8.33
      Required ratio:    0.00 (Gate area) 
      Cumulative area ratio:   14.29
      Required ratio:    0.00 (Cumulative area) 
      Partial area ratio:   41.12
      Required ratio: 3236.16 (Side area) 
      Cumulative area ratio:   69.75
      Required ratio:    0.00 (Cumulative side area) 


  Pin:   _16345_/S (sky130_fd_sc_hd__mux2_1)
    Layer: mcon
      Partial area ratio:    0.11
      Required ratio:    3.00 (Gate area) 
      Cumulative area ratio:    0.11
      Required ratio:    0.00 (Cumulative area) 

    Layer: met1
      Partial area ratio:    5.85
      Required ratio:    0.00 (Gate area) 
      Cumulative area ratio:    5.85
      Required ratio:    0.00 (Cumulative area) 
      Partial area ratio:   28.07
      Required ratio:  400.00 (Side area) 
      Cumulative area ratio:   28.07
      Required ratio:    0.00 (Cumulative side area) 

    Layer: via
      Partial area ratio:    0.27
      Required ratio:    6.00 (Gate area) 
      Cumulative area ratio:    0.38
      Required ratio:    0.00 (Cumulative area) 

    Layer: met2
      Partial area ratio:    8.33
      Required ratio:    0.00 (Gate area) 
      Cumulative area ratio:   14.18
      Required ratio:    0.00 (Cumulative area) 
      Partial area ratio:   41.12
      Required ratio: 3236.16 (Side area) 
      Cumulative area ratio:   69.19
      Required ratio:    0.00 (Cumulative side area) 


  Pin:   _16346_/S (sky130_fd_sc_hd__mux2_1)
    Layer: mcon
      Partial area ratio:    0.11
      Required ratio:    3.00 (Gate area) 
      Cumulative area ratio:    0.11
      Required ratio:    0.00 (Cumulative area) 

    Layer: met1
      Partial area ratio:    3.19
      Required ratio:    0.00 (Gate area) 
      Cumulative area ratio:    3.19
      Required ratio:    0.00 (Cumulative area) 
      Partial area ratio:   15.19
      Required ratio:  400.00 (Side area) 
      Cumulative area ratio:   15.19
      Required ratio:    0.00 (Cumulative side area) 

    Layer: via
      Partial area ratio:    0.18
      Required ratio:    6.00 (Gate area) 
      Cumulative area ratio:    0.29
      Required ratio:    0.00 (Cumulative area) 

    Layer: met2
      Partial area ratio:    8.33
      Required ratio:    0.00 (Gate area) 
      Cumulative area ratio:   11.52
      Required ratio:    0.00 (Cumulative area) 
      Partial area ratio:   41.12
      Required ratio: 3236.16 (Side area) 
      Cumulative area ratio:   56.31
      Required ratio:    0.00 (Cumulative side area) 


  Pin:   _16347_/S (sky130_fd_sc_hd__mux2_1)
    Layer: mcon
      Partial area ratio:    0.11
      Required ratio:    3.00 (Gate area) 
      Cumulative area ratio:    0.11
      Required ratio:    0.00 (Cumulative area) 

    Layer: met1
      Partial area ratio:    3.04
      Required ratio:    0.00 (Gate area) 
      Cumulative area ratio:    3.04
      Required ratio:    0.00 (Cumulative area) 
      Partial area ratio:   14.47
      Required ratio:  400.00 (Side area) 
      Cumulative area ratio:   14.47
      Required ratio:    0.00 (Cumulative side area) 

    Layer: via
      Partial area ratio:    0.18
      Required ratio:    6.00 (Gate area) 
      Cumulative area ratio:    0.29
      Required ratio:    0.00 (Cumulative area) 

    Layer: met2
      Partial area ratio:    8.33
      Required ratio:    0.00 (Gate area) 
      Cumulative area ratio:   11.37
      Required ratio:    0.00 (Cumulative area) 
      Partial area ratio:   41.12
      Required ratio: 3236.16 (Side area) 
      Cumulative area ratio:   55.59
      Required ratio:    0.00 (Cumulative side area) 


  Pin:   _17188_/S (sky130_fd_sc_hd__mux2_1)
    Layer: mcon
      Partial area ratio:    0.11
      Required ratio:    3.00 (Gate area) 
      Cumulative area ratio:    0.11
      Required ratio:    0.00 (Cumulative area) 

    Layer: met1
      Partial area ratio:    5.83
      Required ratio:    0.00 (Gate area) 
      Cumulative area ratio:    5.83
      Required ratio:    0.00 (Cumulative area) 
      Partial area ratio:   28.39
      Required ratio:  400.00 (Side area) 
      Cumulative area ratio:   28.39
      Required ratio:    0.00 (Cumulative side area) 

    Layer: via
      Partial area ratio:    0.18
      Required ratio:    6.00 (Gate area) 
      Cumulative area ratio:    0.29
      Required ratio:    0.00 (Cumulative area) 

    Layer: met2
      Partial area ratio:    8.33
      Required ratio:    0.00 (Gate area) 
      Cumulative area ratio:   14.16
      Required ratio:    0.00 (Cumulative area) 
      Partial area ratio:   41.12
      Required ratio: 3236.16 (Side area) 
      Cumulative area ratio:   69.52
      Required ratio:    0.00 (Cumulative side area) 


  Pin:   _17189_/S (sky130_fd_sc_hd__mux2_1)
    Layer: mcon
      Partial area ratio:    0.11
      Required ratio:    3.00 (Gate area) 
      Cumulative area ratio:    0.11
      Required ratio:    0.00 (Cumulative area) 

    Layer: met1
      Partial area ratio:    6.63
      Required ratio:    0.00 (Gate area) 
      Cumulative area ratio:    6.63
      Required ratio:    0.00 (Cumulative area) 
      Partial area ratio:   32.41
      Required ratio:  400.00 (Side area) 
      Cumulative area ratio:   32.41
      Required ratio:    0.00 (Cumulative side area) 

    Layer: via
      Partial area ratio:    0.18
      Required ratio:    6.00 (Gate area) 
      Cumulative area ratio:    0.29
      Required ratio:    0.00 (Cumulative area) 

    Layer: met2
      Partial area ratio:    8.33
      Required ratio:    0.00 (Gate area) 
      Cumulative area ratio:   14.96
      Required ratio:    0.00 (Cumulative area) 
      Partial area ratio:   41.12
      Required ratio: 3236.16 (Side area) 
      Cumulative area ratio:   73.53
      Required ratio:    0.00 (Cumulative side area) 


  Pin:   _17191_/S (sky130_fd_sc_hd__mux2_1)
    Layer: mcon
      Partial area ratio:    0.11
      Required ratio:    3.00 (Gate area) 
      Cumulative area ratio:    0.11
      Required ratio:    0.00 (Cumulative area) 

    Layer: met1
      Partial area ratio:    4.99
      Required ratio:    0.00 (Gate area) 
      Cumulative area ratio:    4.99
      Required ratio:    0.00 (Cumulative area) 
      Partial area ratio:   23.60
      Required ratio: 3236.16 (Side area) 
      Cumulative area ratio:   23.60
      Required ratio:    0.00 (Cumulative side area) 

    Layer: via
      Partial area ratio:    0.26
      Required ratio:   63.25 (Gate area) 
      Cumulative area ratio:    0.38
      Required ratio:    0.00 (Cumulative area) 

    Layer: met2
      Partial area ratio:    8.33
      Required ratio:    0.00 (Gate area) 
      Cumulative area ratio:   13.32
      Required ratio:    0.00 (Cumulative area) 
      Partial area ratio:   41.12
      Required ratio: 3236.16 (Side area) 
      Cumulative area ratio:   64.72
      Required ratio:    0.00 (Cumulative side area) 


  Pin:   _17192_/S (sky130_fd_sc_hd__mux2_1)
    Layer: mcon
      Partial area ratio:    0.11
      Required ratio:    3.00 (Gate area) 
      Cumulative area ratio:    0.11
      Required ratio:    0.00 (Cumulative area) 

    Layer: met1
      Partial area ratio:   88.18
      Required ratio:    0.00 (Gate area) 
      Cumulative area ratio:   88.18
      Required ratio:    0.00 (Cumulative area) 
      Partial area ratio:  439.74
      Required ratio:  400.00 (Side area) (VIOLATED)
      Cumulative area ratio:  439.74
      Required ratio:    0.00 (Cumulative side area) 

    Layer: via
      Partial area ratio:    0.27
      Required ratio:    6.00 (Gate area) 
      Cumulative area ratio:    0.38
      Required ratio:    0.00 (Cumulative area) 

    Layer: met2
      Partial area ratio:    8.33
      Required ratio:    0.00 (Gate area) 
      Cumulative area ratio:   96.51
      Required ratio:    0.00 (Cumulative area) 
      Partial area ratio:   41.12
      Required ratio: 3236.16 (Side area) 
      Cumulative area ratio:  480.87
      Required ratio:    0.00 (Cumulative side area) 



Net: net278
  Pin:   _09940_/S (sky130_fd_sc_hd__mux2_1)
    Layer: mcon
      Partial area ratio:    0.11
      Required ratio:    3.00 (Gate area) 
      Cumulative area ratio:    0.11
      Required ratio:    0.00 (Cumulative area) 

    Layer: met1
      Partial area ratio:  109.65
      Required ratio:    0.00 (Gate area) 
      Cumulative area ratio:  109.65
      Required ratio:    0.00 (Cumulative area) 
      Partial area ratio:  547.52
      Required ratio:  400.00 (Side area) (VIOLATED)
      Cumulative area ratio:  547.52
      Required ratio:    0.00 (Cumulative side area) 

    Layer: via
      Partial area ratio:    0.18
      Required ratio:    6.00 (Gate area) 
      Cumulative area ratio:    0.29
      Required ratio:    0.00 (Cumulative area) 

    Layer: met2
      Partial area ratio:   60.90
      Required ratio:    0.00 (Gate area) 
      Cumulative area ratio:  170.55
      Required ratio:    0.00 (Cumulative area) 
      Partial area ratio:  304.09
      Required ratio:  400.00 (Side area) 
      Cumulative area ratio:  851.62
      Required ratio:    0.00 (Cumulative side area) 

    Layer: via2
      Partial area ratio:    0.09
      Required ratio:    6.00 (Gate area) 
      Cumulative area ratio:    0.38
      Required ratio:    0.00 (Cumulative area) 

    Layer: met3
      Partial area ratio:    0.27
      Required ratio:    0.00 (Gate area) 
      Cumulative area ratio:  170.82
      Required ratio:    0.00 (Cumulative area) 
      Partial area ratio:    2.44
      Required ratio:  400.00 (Side area) 
      Cumulative area ratio:  854.06
      Required ratio:    0.00 (Cumulative side area) 

    Layer: via3
      Partial area ratio:    0.09
      Required ratio:    6.00 (Gate area) 
      Cumulative area ratio:    0.47
      Required ratio:    0.00 (Cumulative area) 

    Layer: met4
      Partial area ratio:   18.22
      Required ratio:    0.00 (Gate area) 
      Cumulative area ratio:  189.04
      Required ratio:    0.00 (Cumulative area) 
      Partial area ratio:   97.77
      Required ratio: 3134.60 (Side area) 
      Cumulative area ratio:  951.82
      Required ratio:    0.00 (Cumulative side area) 


  Pin:   _10054_/S (sky130_fd_sc_hd__mux2_1)
    Layer: mcon
      Partial area ratio:    0.11
      Required ratio:    3.00 (Gate area) 
      Cumulative area ratio:    0.11
      Required ratio:    0.00 (Cumulative area) 

    Layer: met1
      Partial area ratio:    4.90
      Required ratio:    0.00 (Gate area) 
      Cumulative area ratio:    4.90
      Required ratio:    0.00 (Cumulative area) 
      Partial area ratio:   23.76
      Required ratio:  400.00 (Side area) 
      Cumulative area ratio:   23.76
      Required ratio:    0.00 (Cumulative side area) 

    Layer: via
      Partial area ratio:    0.18
      Required ratio:    6.00 (Gate area) 
      Cumulative area ratio:    0.29
      Required ratio:    0.00 (Cumulative area) 

    Layer: met2
      Partial area ratio:   13.24
      Required ratio:    0.00 (Gate area) 
      Cumulative area ratio:   18.14
      Required ratio:    0.00 (Cumulative area) 
      Partial area ratio:   65.67
      Required ratio:  400.00 (Side area) 
      Cumulative area ratio:   89.43
      Required ratio:    0.00 (Cumulative side area) 

    Layer: via2
      Partial area ratio:    0.12
      Required ratio:    6.00 (Gate area) 
      Cumulative area ratio:    0.41
      Required ratio:    0.00 (Cumulative area) 

    Layer: met3
      Partial area ratio:   65.46
      Required ratio:    0.00 (Gate area) 
      Cumulative area ratio:   83.60
      Required ratio:    0.00 (Cumulative area) 
      Partial area ratio:  350.72
      Required ratio: 3134.60 (Side area) 
      Cumulative area ratio:  440.15
      Required ratio:    0.00 (Cumulative side area) 

    Layer: via3
      Partial area ratio:    0.09
      Required ratio:   54.11 (Gate area) 
      Cumulative area ratio:    0.50
      Required ratio:    0.00 (Cumulative area) 

    Layer: met4
      Partial area ratio:   18.22
      Required ratio:    0.00 (Gate area) 
      Cumulative area ratio:  101.82
      Required ratio:    0.00 (Cumulative area) 
      Partial area ratio:   97.77
      Required ratio: 3134.60 (Side area) 
      Cumulative area ratio:  537.91
      Required ratio:    0.00 (Cumulative side area) 


  Pin:   fanout264/A (sky130_fd_sc_hd__buf_4)
    Layer: mcon
      Partial area ratio:    0.12
      Required ratio:    3.00 (Gate area) 
      Cumulative area ratio:    0.12
      Required ratio:    0.00 (Cumulative area) 

    Layer: met1
      Partial area ratio:    1.19
      Required ratio:    0.00 (Gate area) 
      Cumulative area ratio:    1.19
      Required ratio:    0.00 (Cumulative area) 
      Partial area ratio:    5.52
      Required ratio:  400.00 (Side area) 
      Cumulative area ratio:    5.52
      Required ratio:    0.00 (Cumulative side area) 

    Layer: via
      Partial area ratio:    0.12
      Required ratio:    6.00 (Gate area) 
      Cumulative area ratio:    0.24
      Required ratio:    0.00 (Cumulative area) 

    Layer: met2
      Partial area ratio:    0.47
      Required ratio:    0.00 (Gate area) 
      Cumulative area ratio:    1.66
      Required ratio:    0.00 (Cumulative area) 
      Partial area ratio:    1.95
      Required ratio:  400.00 (Side area) 
      Cumulative area ratio:    7.47
      Required ratio:    0.00 (Cumulative side area) 

    Layer: via2
      Partial area ratio:    0.16
      Required ratio:    6.00 (Gate area) 
      Cumulative area ratio:    0.40
      Required ratio:    0.00 (Cumulative area) 

    Layer: met3
      Partial area ratio:    0.50
      Required ratio:    0.00 (Gate area) 
      Cumulative area ratio:    2.16
      Required ratio:    0.00 (Cumulative area) 
      Partial area ratio:    4.59
      Required ratio:  400.00 (Side area) 
      Cumulative area ratio:   12.06
      Required ratio:    0.00 (Cumulative side area) 

    Layer: via3
      Partial area ratio:    0.16
      Required ratio:    6.00 (Gate area) 
      Cumulative area ratio:    0.56
      Required ratio:    0.00 (Cumulative area) 

    Layer: met4
      Partial area ratio:   18.22
      Required ratio:    0.00 (Gate area) 
      Cumulative area ratio:   20.39
      Required ratio:    0.00 (Cumulative area) 
      Partial area ratio:   97.77
      Required ratio: 3134.60 (Side area) 
      Cumulative area ratio:  109.82
      Required ratio:    0.00 (Cumulative side area) 


  Pin:   fanout268/A (sky130_fd_sc_hd__clkbuf_8)
    Layer: mcon
      Partial area ratio:    0.07
      Required ratio:    3.00 (Gate area) 
      Cumulative area ratio:    0.07
      Required ratio:    0.00 (Cumulative area) 

    Layer: met1
      Partial area ratio:    1.39
      Required ratio:    0.00 (Gate area) 
      Cumulative area ratio:    1.39
      Required ratio:    0.00 (Cumulative area) 
      Partial area ratio:    6.77
      Required ratio:  400.00 (Side area) 
      Cumulative area ratio:    6.77
      Required ratio:    0.00 (Cumulative side area) 

    Layer: via
      Partial area ratio:    0.06
      Required ratio:    6.00 (Gate area) 
      Cumulative area ratio:    0.13
      Required ratio:    0.00 (Cumulative area) 

    Layer: met2
      Partial area ratio:   13.24
      Required ratio:    0.00 (Gate area) 
      Cumulative area ratio:   14.63
      Required ratio:    0.00 (Cumulative area) 
      Partial area ratio:   65.67
      Required ratio:  400.00 (Side area) 
      Cumulative area ratio:   72.43
      Required ratio:    0.00 (Cumulative side area) 

    Layer: via2
      Partial area ratio:    0.12
      Required ratio:    6.00 (Gate area) 
      Cumulative area ratio:    0.24
      Required ratio:    0.00 (Cumulative area) 

    Layer: met3
      Partial area ratio:   65.46
      Required ratio:    0.00 (Gate area) 
      Cumulative area ratio:   80.09
      Required ratio:    0.00 (Cumulative area) 
      Partial area ratio:  350.72
      Required ratio: 3134.60 (Side area) 
      Cumulative area ratio:  423.15
      Required ratio:    0.00 (Cumulative side area) 

    Layer: via3
      Partial area ratio:    0.09
      Required ratio:   54.11 (Gate area) 
      Cumulative area ratio:    0.33
      Required ratio:    0.00 (Cumulative area) 

    Layer: met4
      Partial area ratio:   18.22
      Required ratio:    0.00 (Gate area) 
      Cumulative area ratio:   98.32
      Required ratio:    0.00 (Cumulative area) 
      Partial area ratio:   97.77
      Required ratio: 3134.60 (Side area) 
      Cumulative area ratio:  520.92
      Required ratio:    0.00 (Cumulative side area) 


  Pin:   fanout272/A (sky130_fd_sc_hd__clkbuf_4)
    Layer: mcon
      Partial area ratio:    0.14
      Required ratio:    3.00 (Gate area) 
      Cumulative area ratio:    0.14
      Required ratio:    0.00 (Cumulative area) 

    Layer: met1
      Partial area ratio:    2.37
      Required ratio:    0.00 (Gate area) 
      Cumulative area ratio:    2.37
      Required ratio:    0.00 (Cumulative area) 
      Partial area ratio:   10.96
      Required ratio:  400.00 (Side area) 
      Cumulative area ratio:   10.96
      Required ratio:    0.00 (Cumulative side area) 

    Layer: via
      Partial area ratio:    0.21
      Required ratio:    6.00 (Gate area) 
      Cumulative area ratio:    0.35
      Required ratio:    0.00 (Cumulative area) 

    Layer: met2
      Partial area ratio:   60.90
      Required ratio:    0.00 (Gate area) 
      Cumulative area ratio:   63.27
      Required ratio:    0.00 (Cumulative area) 
      Partial area ratio:  304.09
      Required ratio:  400.00 (Side area) 
      Cumulative area ratio:  315.05
      Required ratio:    0.00 (Cumulative side area) 

    Layer: via2
      Partial area ratio:    0.09
      Required ratio:    6.00 (Gate area) 
      Cumulative area ratio:    0.43
      Required ratio:    0.00 (Cumulative area) 

    Layer: met3
      Partial area ratio:    0.27
      Required ratio:    0.00 (Gate area) 
      Cumulative area ratio:   63.54
      Required ratio:    0.00 (Cumulative area) 
      Partial area ratio:    2.44
      Required ratio:  400.00 (Side area) 
      Cumulative area ratio:  317.50
      Required ratio:    0.00 (Cumulative side area) 

    Layer: via3
      Partial area ratio:    0.09
      Required ratio:    6.00 (Gate area) 
      Cumulative area ratio:    0.52
      Required ratio:    0.00 (Cumulative area) 

    Layer: met4
      Partial area ratio:   18.22
      Required ratio:    0.00 (Gate area) 
      Cumulative area ratio:   81.76
      Required ratio:    0.00 (Cumulative area) 
      Partial area ratio:   97.77
      Required ratio: 3134.60 (Side area) 
      Cumulative area ratio:  415.26
      Required ratio:    0.00 (Cumulative side area) 


  Pin:   fanout277/A (sky130_fd_sc_hd__clkbuf_4)
    Layer: mcon
      Partial area ratio:    0.14
      Required ratio:    3.00 (Gate area) 
      Cumulative area ratio:    0.14
      Required ratio:    0.00 (Cumulative area) 

    Layer: met1
      Partial area ratio:   15.79
      Required ratio:    0.00 (Gate area) 
      Cumulative area ratio:   15.79
      Required ratio:    0.00 (Cumulative area) 
      Partial area ratio:   76.77
      Required ratio: 3134.60 (Side area) 
      Cumulative area ratio:   76.77
      Required ratio:    0.00 (Cumulative side area) 

    Layer: via
      Partial area ratio:    0.42
      Required ratio:   54.11 (Gate area) 
      Cumulative area ratio:    0.56
      Required ratio:    0.00 (Cumulative area) 

    Layer: met2
      Partial area ratio:   20.06
      Required ratio:    0.00 (Gate area) 
      Cumulative area ratio:   35.85
      Required ratio:    0.00 (Cumulative area) 
      Partial area ratio:   99.10
      Required ratio: 3134.60 (Side area) 
      Cumulative area ratio:  175.87
      Required ratio:    0.00 (Cumulative side area) 

    Layer: via2
      Partial area ratio:    0.38
      Required ratio:   54.11 (Gate area) 
      Cumulative area ratio:    0.93
      Required ratio:    0.00 (Cumulative area) 

    Layer: met3
      Partial area ratio:   65.46
      Required ratio:    0.00 (Gate area) 
      Cumulative area ratio:  101.32
      Required ratio:    0.00 (Cumulative area) 
      Partial area ratio:  350.72
      Required ratio: 3134.60 (Side area) 
      Cumulative area ratio:  526.59
      Required ratio:    0.00 (Cumulative side area) 

    Layer: via3
      Partial area ratio:    0.09
      Required ratio:   54.11 (Gate area) 
      Cumulative area ratio:    1.02
      Required ratio:    0.00 (Cumulative area) 

    Layer: met4
      Partial area ratio:   18.22
      Required ratio:    0.00 (Gate area) 
      Cumulative area ratio:  119.54
      Required ratio:    0.00 (Cumulative area) 
      Partial area ratio:   97.77
      Required ratio: 3134.60 (Side area) 
      Cumulative area ratio:  624.35
      Required ratio:    0.00 (Cumulative side area) 



Net: net295
  Pin:   _09810_/S (sky130_fd_sc_hd__mux2_1)
    Layer: mcon
      Partial area ratio:    0.11
      Required ratio:    3.00 (Gate area) 
      Cumulative area ratio:    0.11
      Required ratio:    0.00 (Cumulative area) 

    Layer: met1
      Partial area ratio:    3.20
      Required ratio:    0.00 (Gate area) 
      Cumulative area ratio:    3.20
      Required ratio:    0.00 (Cumulative area) 
      Partial area ratio:   15.29
      Required ratio:  400.00 (Side area) 
      Cumulative area ratio:   15.29
      Required ratio:    0.00 (Cumulative side area) 

    Layer: via
      Partial area ratio:    0.18
      Required ratio:    6.00 (Gate area) 
      Cumulative area ratio:    0.29
      Required ratio:    0.00 (Cumulative area) 

    Layer: met2
      Partial area ratio:    0.74
      Required ratio:    0.00 (Gate area) 
      Cumulative area ratio:    3.95
      Required ratio:    0.00 (Cumulative area) 
      Partial area ratio:    3.42
      Required ratio:  400.00 (Side area) 
      Cumulative area ratio:   18.70
      Required ratio:    0.00 (Cumulative side area) 

    Layer: via2
      Partial area ratio:    0.16
      Required ratio:    6.00 (Gate area) 
      Cumulative area ratio:    0.45
      Required ratio:    0.00 (Cumulative area) 

    Layer: met3
      Partial area ratio:   47.89
      Required ratio:    0.00 (Gate area) 
      Cumulative area ratio:   51.84
      Required ratio:    0.00 (Cumulative area) 
      Partial area ratio:  256.14
      Required ratio: 3134.60 (Side area) 
      Cumulative area ratio:  274.84
      Required ratio:    0.00 (Cumulative side area) 

    Layer: via3
      Partial area ratio:    0.03
      Required ratio:   54.11 (Gate area) 
      Cumulative area ratio:    0.48
      Required ratio:    0.00 (Cumulative area) 

    Layer: met4
      Partial area ratio:   14.77
      Required ratio:    0.00 (Gate area) 
      Cumulative area ratio:   66.61
      Required ratio:    0.00 (Cumulative area) 
      Partial area ratio:   79.09
      Required ratio: 3134.60 (Side area) 
      Cumulative area ratio:  353.92
      Required ratio:    0.00 (Cumulative side area) 


  Pin:   _09924_/S (sky130_fd_sc_hd__mux2_1)
    Layer: mcon
      Partial area ratio:    0.11
      Required ratio:    3.00 (Gate area) 
      Cumulative area ratio:    0.11
      Required ratio:    0.00 (Cumulative area) 

    Layer: met1
      Partial area ratio:    5.62
      Required ratio:    0.00 (Gate area) 
      Cumulative area ratio:    5.62
      Required ratio:    0.00 (Cumulative area) 
      Partial area ratio:   27.17
      Required ratio:  400.00 (Side area) 
      Cumulative area ratio:   27.17
      Required ratio:    0.00 (Cumulative side area) 

    Layer: via
      Partial area ratio:    0.18
      Required ratio:    6.00 (Gate area) 
      Cumulative area ratio:    0.29
      Required ratio:    0.00 (Cumulative area) 

    Layer: met2
      Partial area ratio:   20.39
      Required ratio:    0.00 (Gate area) 
      Cumulative area ratio:   26.01
      Required ratio:    0.00 (Cumulative area) 
      Partial area ratio:  101.10
      Required ratio: 3134.60 (Side area) 
      Cumulative area ratio:  128.27
      Required ratio:    0.00 (Cumulative side area) 

    Layer: via2
      Partial area ratio:    0.10
      Required ratio:   54.11 (Gate area) 
      Cumulative area ratio:    0.39
      Required ratio:    0.00 (Cumulative area) 

    Layer: met3
      Partial area ratio:   47.89
      Required ratio:    0.00 (Gate area) 
      Cumulative area ratio:   73.90
      Required ratio:    0.00 (Cumulative area) 
      Partial area ratio:  256.14
      Required ratio: 3134.60 (Side area) 
      Cumulative area ratio:  384.40
      Required ratio:    0.00 (Cumulative side area) 

    Layer: via3
      Partial area ratio:    0.03
      Required ratio:   54.11 (Gate area) 
      Cumulative area ratio:    0.42
      Required ratio:    0.00 (Cumulative area) 

    Layer: met4
      Partial area ratio:   14.77
      Required ratio:    0.00 (Gate area) 
      Cumulative area ratio:   88.67
      Required ratio:    0.00 (Cumulative area) 
      Partial area ratio:   79.09
      Required ratio: 3134.60 (Side area) 
      Cumulative area ratio:  463.49
      Required ratio:    0.00 (Cumulative side area) 


  Pin:   fanout281/A (sky130_fd_sc_hd__buf_4)
    Layer: mcon
      Partial area ratio:    0.12
      Required ratio:    3.00 (Gate area) 
      Cumulative area ratio:    0.12
      Required ratio:    0.00 (Cumulative area) 

    Layer: met1
      Partial area ratio:    2.02
      Required ratio:    0.00 (Gate area) 
      Cumulative area ratio:    2.02
      Required ratio:    0.00 (Cumulative area) 
      Partial area ratio:    9.64
      Required ratio:  400.00 (Side area) 
      Cumulative area ratio:    9.64
      Required ratio:    0.00 (Cumulative side area) 

    Layer: via
      Partial area ratio:    0.12
      Required ratio:    6.00 (Gate area) 
      Cumulative area ratio:    0.24
      Required ratio:    0.00 (Cumulative area) 

    Layer: met2
      Partial area ratio:    0.47
      Required ratio:    0.00 (Gate area) 
      Cumulative area ratio:    2.49
      Required ratio:    0.00 (Cumulative area) 
      Partial area ratio:    1.95
      Required ratio:  400.00 (Side area) 
      Cumulative area ratio:   11.60
      Required ratio:    0.00 (Cumulative side area) 

    Layer: via2
      Partial area ratio:    0.16
      Required ratio:    6.00 (Gate area) 
      Cumulative area ratio:    0.40
      Required ratio:    0.00 (Cumulative area) 

    Layer: met3
      Partial area ratio:    0.50
      Required ratio:    0.00 (Gate area) 
      Cumulative area ratio:    2.99
      Required ratio:    0.00 (Cumulative area) 
      Partial area ratio:    4.59
      Required ratio:  400.00 (Side area) 
      Cumulative area ratio:   16.19
      Required ratio:    0.00 (Cumulative side area) 

    Layer: via3
      Partial area ratio:    0.16
      Required ratio:    6.00 (Gate area) 
      Cumulative area ratio:    0.56
      Required ratio:    0.00 (Cumulative area) 

    Layer: met4
      Partial area ratio:   14.77
      Required ratio:    0.00 (Gate area) 
      Cumulative area ratio:   17.76
      Required ratio:    0.00 (Cumulative area) 
      Partial area ratio:   79.09
      Required ratio: 3134.60 (Side area) 
      Cumulative area ratio:   95.27
      Required ratio:    0.00 (Cumulative side area) 


  Pin:   fanout285/A (sky130_fd_sc_hd__clkbuf_8)
    Layer: mcon
      Partial area ratio:    0.07
      Required ratio:    3.00 (Gate area) 
      Cumulative area ratio:    0.07
      Required ratio:    0.00 (Cumulative area) 

    Layer: met1
      Partial area ratio:    0.20
      Required ratio:    0.00 (Gate area) 
      Cumulative area ratio:    0.20
      Required ratio:    0.00 (Cumulative area) 
      Partial area ratio:    0.95
      Required ratio:  400.00 (Side area) 
      Cumulative area ratio:    0.95
      Required ratio:    0.00 (Cumulative side area) 

    Layer: via
      Partial area ratio:    0.05
      Required ratio:    6.00 (Gate area) 
      Cumulative area ratio:    0.12
      Required ratio:    0.00 (Cumulative area) 

    Layer: met2
      Partial area ratio:   20.39
      Required ratio:    0.00 (Gate area) 
      Cumulative area ratio:   20.58
      Required ratio:    0.00 (Cumulative area) 
      Partial area ratio:  101.10
      Required ratio: 3134.60 (Side area) 
      Cumulative area ratio:  102.06
      Required ratio:    0.00 (Cumulative side area) 

    Layer: via2
      Partial area ratio:    0.10
      Required ratio:   54.11 (Gate area) 
      Cumulative area ratio:    0.22
      Required ratio:    0.00 (Cumulative area) 

    Layer: met3
      Partial area ratio:   47.89
      Required ratio:    0.00 (Gate area) 
      Cumulative area ratio:   68.47
      Required ratio:    0.00 (Cumulative area) 
      Partial area ratio:  256.14
      Required ratio: 3134.60 (Side area) 
      Cumulative area ratio:  358.19
      Required ratio:    0.00 (Cumulative side area) 

    Layer: via3
      Partial area ratio:    0.03
      Required ratio:   54.11 (Gate area) 
      Cumulative area ratio:    0.25
      Required ratio:    0.00 (Cumulative area) 

    Layer: met4
      Partial area ratio:   14.77
      Required ratio:    0.00 (Gate area) 
      Cumulative area ratio:   83.24
      Required ratio:    0.00 (Cumulative area) 
      Partial area ratio:   79.09
      Required ratio: 3134.60 (Side area) 
      Cumulative area ratio:  437.28
      Required ratio:    0.00 (Cumulative side area) 


  Pin:   fanout289/A (sky130_fd_sc_hd__clkbuf_4)
    Layer: mcon
      Partial area ratio:    0.14
      Required ratio:    3.00 (Gate area) 
      Cumulative area ratio:    0.14
      Required ratio:    0.00 (Cumulative area) 

    Layer: met1
      Partial area ratio:    4.34
      Required ratio:    0.00 (Gate area) 
      Cumulative area ratio:    4.34
      Required ratio:    0.00 (Cumulative area) 
      Partial area ratio:   20.82
      Required ratio:  400.00 (Side area) 
      Cumulative area ratio:   20.82
      Required ratio:    0.00 (Cumulative side area) 

    Layer: via
      Partial area ratio:    0.21
      Required ratio:    6.00 (Gate area) 
      Cumulative area ratio:    0.35
      Required ratio:    0.00 (Cumulative area) 

    Layer: met2
      Partial area ratio:  128.03
      Required ratio:    0.00 (Gate area) 
      Cumulative area ratio:  132.36
      Required ratio:    0.00 (Cumulative area) 
      Partial area ratio:  639.28
      Required ratio:  400.00 (Side area) (VIOLATED)
      Cumulative area ratio:  660.10
      Required ratio:    0.00 (Cumulative side area) 

    Layer: via2
      Partial area ratio:    0.19
      Required ratio:    6.00 (Gate area) 
      Cumulative area ratio:    0.53
      Required ratio:    0.00 (Cumulative area) 

    Layer: met3
      Partial area ratio:   47.89
      Required ratio:    0.00 (Gate area) 
      Cumulative area ratio:  180.26
      Required ratio:    0.00 (Cumulative area) 
      Partial area ratio:  256.14
      Required ratio: 3134.60 (Side area) 
      Cumulative area ratio:  916.24
      Required ratio:    0.00 (Cumulative side area) 

    Layer: via3
      Partial area ratio:    0.03
      Required ratio:   54.11 (Gate area) 
      Cumulative area ratio:    0.57
      Required ratio:    0.00 (Cumulative area) 

    Layer: met4
      Partial area ratio:   14.77
      Required ratio:    0.00 (Gate area) 
      Cumulative area ratio:  195.03
      Required ratio:    0.00 (Cumulative area) 
      Partial area ratio:   79.09
      Required ratio: 3134.60 (Side area) 
      Cumulative area ratio:  995.32
      Required ratio:    0.00 (Cumulative side area) 


  Pin:   fanout294/A (sky130_fd_sc_hd__buf_2)
    Layer: mcon
      Partial area ratio:    0.18
      Required ratio:    3.00 (Gate area) 
      Cumulative area ratio:    0.18
      Required ratio:    0.00 (Cumulative area) 

    Layer: met1
      Partial area ratio:   13.78
      Required ratio:    0.00 (Gate area) 
      Cumulative area ratio:   13.78
      Required ratio:    0.00 (Cumulative area) 
      Partial area ratio:   67.73
      Required ratio:  400.00 (Side area) 
      Cumulative area ratio:   67.73
      Required ratio:    0.00 (Cumulative side area) 

    Layer: via
      Partial area ratio:    0.28
      Required ratio:    6.00 (Gate area) 
      Cumulative area ratio:    0.46
      Required ratio:    0.00 (Cumulative area) 

    Layer: met2
      Partial area ratio:   20.39
      Required ratio:    0.00 (Gate area) 
      Cumulative area ratio:   34.17
      Required ratio:    0.00 (Cumulative area) 
      Partial area ratio:  101.10
      Required ratio: 3134.60 (Side area) 
      Cumulative area ratio:  168.84
      Required ratio:    0.00 (Cumulative side area) 

    Layer: via2
      Partial area ratio:    0.10
      Required ratio:   54.11 (Gate area) 
      Cumulative area ratio:    0.56
      Required ratio:    0.00 (Cumulative area) 

    Layer: met3
      Partial area ratio:   47.89
      Required ratio:    0.00 (Gate area) 
      Cumulative area ratio:   82.06
      Required ratio:    0.00 (Cumulative area) 
      Partial area ratio:  256.14
      Required ratio: 3134.60 (Side area) 
      Cumulative area ratio:  424.97
      Required ratio:    0.00 (Cumulative side area) 

    Layer: via3
      Partial area ratio:    0.03
      Required ratio:   54.11 (Gate area) 
      Cumulative area ratio:    0.59
      Required ratio:    0.00 (Cumulative area) 

    Layer: met4
      Partial area ratio:   14.77
      Required ratio:    0.00 (Gate area) 
      Cumulative area ratio:   96.83
      Required ratio:    0.00 (Cumulative area) 
      Partial area ratio:   79.09
      Required ratio: 3134.60 (Side area) 
      Cumulative area ratio:  504.06
      Required ratio:    0.00 (Cumulative side area) 



Net: net557
  Pin:   fanout545/A (sky130_fd_sc_hd__buf_4)
    Layer: mcon
      Partial area ratio:    0.12
      Required ratio:    3.00 (Gate area) 
      Cumulative area ratio:    0.12
      Required ratio:    0.00 (Cumulative area) 

    Layer: met1
      Partial area ratio:    1.43
      Required ratio:    0.00 (Gate area) 
      Cumulative area ratio:    1.43
      Required ratio:    0.00 (Cumulative area) 
      Partial area ratio:    6.34
      Required ratio:  400.00 (Side area) 
      Cumulative area ratio:    6.34
      Required ratio:    0.00 (Cumulative side area) 

    Layer: via
      Partial area ratio:    0.18
      Required ratio:    6.00 (Gate area) 
      Cumulative area ratio:    0.30
      Required ratio:    0.00 (Cumulative area) 

    Layer: met2
      Partial area ratio:   35.41
      Required ratio:    0.00 (Gate area) 
      Cumulative area ratio:   36.84
      Required ratio:    0.00 (Cumulative area) 
      Partial area ratio:  176.10
      Required ratio: 2918.08 (Side area) 
      Cumulative area ratio:  182.44
      Required ratio:    0.00 (Cumulative side area) 

    Layer: via2
      Partial area ratio:    0.13
      Required ratio:   34.63 (Gate area) 
      Cumulative area ratio:    0.43
      Required ratio:    0.00 (Cumulative area) 

    Layer: met3
      Partial area ratio:    5.63
      Required ratio:    0.00 (Gate area) 
      Cumulative area ratio:   42.47
      Required ratio:    0.00 (Cumulative area) 
      Partial area ratio:   31.23
      Required ratio: 2918.08 (Side area) 
      Cumulative area ratio:  213.67
      Required ratio:    0.00 (Cumulative side area) 

    Layer: via3
      Partial area ratio:    0.05
      Required ratio:   34.63 (Gate area) 
      Cumulative area ratio:    0.48
      Required ratio:    0.00 (Cumulative area) 

    Layer: met4
      Partial area ratio:   29.35
      Required ratio:    0.00 (Gate area) 
      Cumulative area ratio:   71.82
      Required ratio:    0.00 (Cumulative area) 
      Partial area ratio:  157.00
      Required ratio: 2918.08 (Side area) 
      Cumulative area ratio:  370.66
      Required ratio:    0.00 (Cumulative side area) 


  Pin:   fanout546/A (sky130_fd_sc_hd__buf_2)
    Layer: mcon
      Partial area ratio:    0.18
      Required ratio:    3.00 (Gate area) 
      Cumulative area ratio:    0.18
      Required ratio:    0.00 (Cumulative area) 

    Layer: met1
      Partial area ratio:    3.71
      Required ratio:    0.00 (Gate area) 
      Cumulative area ratio:    3.71
      Required ratio:    0.00 (Cumulative area) 
      Partial area ratio:   17.38
      Required ratio:  400.00 (Side area) 
      Cumulative area ratio:   17.38
      Required ratio:    0.00 (Cumulative side area) 

    Layer: via
      Partial area ratio:    0.28
      Required ratio:    6.00 (Gate area) 
      Cumulative area ratio:    0.46
      Required ratio:    0.00 (Cumulative area) 

    Layer: met2
      Partial area ratio:    7.47
      Required ratio:    0.00 (Gate area) 
      Cumulative area ratio:   11.18
      Required ratio:    0.00 (Cumulative area) 
      Partial area ratio:   36.21
      Required ratio:  400.00 (Side area) 
      Cumulative area ratio:   53.59
      Required ratio:    0.00 (Cumulative side area) 

    Layer: via2
      Partial area ratio:    0.25
      Required ratio:    6.00 (Gate area) 
      Cumulative area ratio:    0.72
      Required ratio:    0.00 (Cumulative area) 

    Layer: met3
      Partial area ratio:    5.63
      Required ratio:    0.00 (Gate area) 
      Cumulative area ratio:   16.81
      Required ratio:    0.00 (Cumulative area) 
      Partial area ratio:   31.23
      Required ratio: 2918.08 (Side area) 
      Cumulative area ratio:   84.82
      Required ratio:    0.00 (Cumulative side area) 

    Layer: via3
      Partial area ratio:    0.05
      Required ratio:   34.63 (Gate area) 
      Cumulative area ratio:    0.77
      Required ratio:    0.00 (Cumulative area) 

    Layer: met4
      Partial area ratio:   29.35
      Required ratio:    0.00 (Gate area) 
      Cumulative area ratio:   46.16
      Required ratio:    0.00 (Cumulative area) 
      Partial area ratio:  157.00
      Required ratio: 2918.08 (Side area) 
      Cumulative area ratio:  241.82
      Required ratio:    0.00 (Cumulative side area) 


  Pin:   fanout550/A (sky130_fd_sc_hd__buf_2)
    Layer: mcon
      Partial area ratio:    0.18
      Required ratio:    3.00 (Gate area) 
      Cumulative area ratio:    0.18
      Required ratio:    0.00 (Cumulative area) 

    Layer: met1
      Partial area ratio:   16.90
      Required ratio:    0.00 (Gate area) 
      Cumulative area ratio:   16.90
      Required ratio:    0.00 (Cumulative area) 
      Partial area ratio:   83.33
      Required ratio:  400.00 (Side area) 
      Cumulative area ratio:   83.33
      Required ratio:    0.00 (Cumulative side area) 

    Layer: via
      Partial area ratio:    0.28
      Required ratio:    6.00 (Gate area) 
      Cumulative area ratio:    0.46
      Required ratio:    0.00 (Cumulative area) 

    Layer: met2
      Partial area ratio:   35.41
      Required ratio:    0.00 (Gate area) 
      Cumulative area ratio:   52.31
      Required ratio:    0.00 (Cumulative area) 
      Partial area ratio:  176.10
      Required ratio: 2918.08 (Side area) 
      Cumulative area ratio:  259.43
      Required ratio:    0.00 (Cumulative side area) 

    Layer: via2
      Partial area ratio:    0.13
      Required ratio:   34.63 (Gate area) 
      Cumulative area ratio:    0.59
      Required ratio:    0.00 (Cumulative area) 

    Layer: met3
      Partial area ratio:    5.63
      Required ratio:    0.00 (Gate area) 
      Cumulative area ratio:   57.94
      Required ratio:    0.00 (Cumulative area) 
      Partial area ratio:   31.23
      Required ratio: 2918.08 (Side area) 
      Cumulative area ratio:  290.66
      Required ratio:    0.00 (Cumulative side area) 

    Layer: via3
      Partial area ratio:    0.05
      Required ratio:   34.63 (Gate area) 
      Cumulative area ratio:    0.65
      Required ratio:    0.00 (Cumulative area) 

    Layer: met4
      Partial area ratio:   29.35
      Required ratio:    0.00 (Gate area) 
      Cumulative area ratio:   87.29
      Required ratio:    0.00 (Cumulative area) 
      Partial area ratio:  157.00
      Required ratio: 2918.08 (Side area) 
      Cumulative area ratio:  447.66
      Required ratio:    0.00 (Cumulative side area) 


  Pin:   fanout552/A (sky130_fd_sc_hd__clkbuf_4)
    Layer: mcon
      Partial area ratio:    0.14
      Required ratio:    3.00 (Gate area) 
      Cumulative area ratio:    0.14
      Required ratio:    0.00 (Cumulative area) 

    Layer: met1
      Partial area ratio:    1.63
      Required ratio:    0.00 (Gate area) 
      Cumulative area ratio:    1.63
      Required ratio:    0.00 (Cumulative area) 
      Partial area ratio:    7.54
      Required ratio:  400.00 (Side area) 
      Cumulative area ratio:    7.54
      Required ratio:    0.00 (Cumulative side area) 

    Layer: via
      Partial area ratio:    0.17
      Required ratio:    6.00 (Gate area) 
      Cumulative area ratio:    0.30
      Required ratio:    0.00 (Cumulative area) 

    Layer: met2
      Partial area ratio:    0.61
      Required ratio:    0.00 (Gate area) 
      Cumulative area ratio:    2.24
      Required ratio:    0.00 (Cumulative area) 
      Partial area ratio:    2.40
      Required ratio:  400.00 (Side area) 
      Cumulative area ratio:    9.94
      Required ratio:    0.00 (Cumulative side area) 

    Layer: via2
      Partial area ratio:    0.19
      Required ratio:    6.00 (Gate area) 
      Cumulative area ratio:    0.49
      Required ratio:    0.00 (Cumulative area) 

    Layer: met3
      Partial area ratio:    0.59
      Required ratio:    0.00 (Gate area) 
      Cumulative area ratio:    2.82
      Required ratio:    0.00 (Cumulative area) 
      Partial area ratio:    5.33
      Required ratio:  400.00 (Side area) 
      Cumulative area ratio:   15.27
      Required ratio:    0.00 (Cumulative side area) 

    Layer: via3
      Partial area ratio:    0.19
      Required ratio:    6.00 (Gate area) 
      Cumulative area ratio:    0.68
      Required ratio:    0.00 (Cumulative area) 

    Layer: met4
      Partial area ratio:   29.35
      Required ratio:    0.00 (Gate area) 
      Cumulative area ratio:   32.17
      Required ratio:    0.00 (Cumulative area) 
      Partial area ratio:  157.00
      Required ratio: 2918.08 (Side area) 
      Cumulative area ratio:  172.27
      Required ratio:    0.00 (Cumulative side area) 


  Pin:   fanout556/A (sky130_fd_sc_hd__clkbuf_4)
    Layer: mcon
      Partial area ratio:    0.14
      Required ratio:    3.00 (Gate area) 
      Cumulative area ratio:    0.14
      Required ratio:    0.00 (Cumulative area) 

    Layer: met1
      Partial area ratio:   83.12
      Required ratio:    0.00 (Gate area) 
      Cumulative area ratio:   83.12
      Required ratio:    0.00 (Cumulative area) 
      Partial area ratio:  414.23
      Required ratio:  400.00 (Side area) (VIOLATED)
      Cumulative area ratio:  414.23
      Required ratio:    0.00 (Cumulative side area) 

    Layer: via
      Partial area ratio:    0.32
      Required ratio:    6.00 (Gate area) 
      Cumulative area ratio:    0.45
      Required ratio:    0.00 (Cumulative area) 

    Layer: met2
      Partial area ratio:   35.41
      Required ratio:    0.00 (Gate area) 
      Cumulative area ratio:  118.54
      Required ratio:    0.00 (Cumulative area) 
      Partial area ratio:  176.10
      Required ratio: 2918.08 (Side area) 
      Cumulative area ratio:  590.33
      Required ratio:    0.00 (Cumulative side area) 

    Layer: via2
      Partial area ratio:    0.13
      Required ratio:   34.63 (Gate area) 
      Cumulative area ratio:    0.58
      Required ratio:    0.00 (Cumulative area) 

    Layer: met3
      Partial area ratio:    5.63
      Required ratio:    0.00 (Gate area) 
      Cumulative area ratio:  124.17
      Required ratio:    0.00 (Cumulative area) 
      Partial area ratio:   31.23
      Required ratio: 2918.08 (Side area) 
      Cumulative area ratio:  621.56
      Required ratio:    0.00 (Cumulative side area) 

    Layer: via3
      Partial area ratio:    0.05
      Required ratio:   34.63 (Gate area) 
      Cumulative area ratio:    0.63
      Required ratio:    0.00 (Cumulative area) 

    Layer: met4
      Partial area ratio:   29.35
      Required ratio:    0.00 (Gate area) 
      Cumulative area ratio:  153.51
      Required ratio:    0.00 (Cumulative area) 
      Partial area ratio:  157.00
      Required ratio: 2918.08 (Side area) 
      Cumulative area ratio:  778.56
      Required ratio:    0.00 (Cumulative side area) 



Net: net883
  Pin:   _09076_/S (sky130_fd_sc_hd__mux2_1)
    Layer: mcon
      Partial area ratio:    0.11
      Required ratio:    3.00 (Gate area) 
      Cumulative area ratio:    0.11
      Required ratio:    0.00 (Cumulative area) 

    Layer: met1
      Partial area ratio:    4.62
      Required ratio:    0.00 (Gate area) 
      Cumulative area ratio:    4.62
      Required ratio:    0.00 (Cumulative area) 
      Partial area ratio:   22.36
      Required ratio:  400.00 (Side area) 
      Cumulative area ratio:   22.36
      Required ratio:    0.00 (Cumulative side area) 

    Layer: via
      Partial area ratio:    0.18
      Required ratio:    6.00 (Gate area) 
      Cumulative area ratio:    0.29
      Required ratio:    0.00 (Cumulative area) 

    Layer: met2
      Partial area ratio:    0.74
      Required ratio:    0.00 (Gate area) 
      Cumulative area ratio:    5.36
      Required ratio:    0.00 (Cumulative area) 
      Partial area ratio:    3.42
      Required ratio:  400.00 (Side area) 
      Cumulative area ratio:   25.77
      Required ratio:    0.00 (Cumulative side area) 

    Layer: via2
      Partial area ratio:    0.16
      Required ratio:    6.00 (Gate area) 
      Cumulative area ratio:    0.45
      Required ratio:    0.00 (Cumulative area) 

    Layer: met3
      Partial area ratio:   85.43
      Required ratio:    0.00 (Gate area) 
      Cumulative area ratio:   90.79
      Required ratio:    0.00 (Cumulative area) 
      Partial area ratio:  456.87
      Required ratio: 3134.60 (Side area) 
      Cumulative area ratio:  482.64
      Required ratio:    0.00 (Cumulative side area) 

    Layer: via3
      Partial area ratio:    0.04
      Required ratio:   54.11 (Gate area) 
      Cumulative area ratio:    0.49
      Required ratio:    0.00 (Cumulative area) 

    Layer: met4
      Partial area ratio:   21.88
      Required ratio:    0.00 (Gate area) 
      Cumulative area ratio:  112.66
      Required ratio:    0.00 (Cumulative area) 
      Partial area ratio:  116.97
      Required ratio: 3134.60 (Side area) 
      Cumulative area ratio:  599.60
      Required ratio:    0.00 (Cumulative side area) 


  Pin:   fanout867/A (sky130_fd_sc_hd__buf_4)
    Layer: mcon
      Partial area ratio:    0.12
      Required ratio:    3.00 (Gate area) 
      Cumulative area ratio:    0.12
      Required ratio:    0.00 (Cumulative area) 

    Layer: met1
      Partial area ratio:    3.44
      Required ratio:    0.00 (Gate area) 
      Cumulative area ratio:    3.44
      Required ratio:    0.00 (Cumulative area) 
      Partial area ratio:   16.46
      Required ratio:  400.00 (Side area) 
      Cumulative area ratio:   16.46
      Required ratio:    0.00 (Cumulative side area) 

    Layer: via
      Partial area ratio:    0.18
      Required ratio:    6.00 (Gate area) 
      Cumulative area ratio:    0.30
      Required ratio:    0.00 (Cumulative area) 

    Layer: met2
      Partial area ratio:    8.70
      Required ratio:    0.00 (Gate area) 
      Cumulative area ratio:   12.14
      Required ratio:    0.00 (Cumulative area) 
      Partial area ratio:   42.78
      Required ratio:  400.00 (Side area) 
      Cumulative area ratio:   59.24
      Required ratio:    0.00 (Cumulative side area) 

    Layer: via2
      Partial area ratio:    0.16
      Required ratio:    6.00 (Gate area) 
      Cumulative area ratio:    0.46
      Required ratio:    0.00 (Cumulative area) 

    Layer: met3
      Partial area ratio:   16.98
      Required ratio:    0.00 (Gate area) 
      Cumulative area ratio:   29.13
      Required ratio:    0.00 (Cumulative area) 
      Partial area ratio:   91.52
      Required ratio:  400.00 (Side area) 
      Cumulative area ratio:  150.76
      Required ratio:    0.00 (Cumulative side area) 

    Layer: via3
      Partial area ratio:    0.08
      Required ratio:    6.00 (Gate area) 
      Cumulative area ratio:    0.54
      Required ratio:    0.00 (Cumulative area) 

    Layer: met4
      Partial area ratio:   21.88
      Required ratio:    0.00 (Gate area) 
      Cumulative area ratio:   51.00
      Required ratio:    0.00 (Cumulative area) 
      Partial area ratio:  116.97
      Required ratio: 3134.60 (Side area) 
      Cumulative area ratio:  267.73
      Required ratio:    0.00 (Cumulative side area) 


  Pin:   fanout869/A (sky130_fd_sc_hd__buf_4)
    Layer: mcon
      Partial area ratio:    0.12
      Required ratio:    3.00 (Gate area) 
      Cumulative area ratio:    0.12
      Required ratio:    0.00 (Cumulative area) 

    Layer: met1
      Partial area ratio:    2.37
      Required ratio:    0.00 (Gate area) 
      Cumulative area ratio:    2.37
      Required ratio:    0.00 (Cumulative area) 
      Partial area ratio:   11.12
      Required ratio:  400.00 (Side area) 
      Cumulative area ratio:   11.12
      Required ratio:    0.00 (Cumulative side area) 

    Layer: via
      Partial area ratio:    0.18
      Required ratio:    6.00 (Gate area) 
      Cumulative area ratio:    0.30
      Required ratio:    0.00 (Cumulative area) 

    Layer: met2
      Partial area ratio:    0.75
      Required ratio:    0.00 (Gate area) 
      Cumulative area ratio:    3.13
      Required ratio:    0.00 (Cumulative area) 
      Partial area ratio:    3.48
      Required ratio:  400.00 (Side area) 
      Cumulative area ratio:   14.59
      Required ratio:    0.00 (Cumulative side area) 

    Layer: via2
      Partial area ratio:    0.16
      Required ratio:    6.00 (Gate area) 
      Cumulative area ratio:    0.46
      Required ratio:    0.00 (Cumulative area) 

    Layer: met3
      Partial area ratio:   16.98
      Required ratio:    0.00 (Gate area) 
      Cumulative area ratio:   20.11
      Required ratio:    0.00 (Cumulative area) 
      Partial area ratio:   91.52
      Required ratio:  400.00 (Side area) 
      Cumulative area ratio:  106.12
      Required ratio:    0.00 (Cumulative side area) 

    Layer: via3
      Partial area ratio:    0.08
      Required ratio:    6.00 (Gate area) 
      Cumulative area ratio:    0.54
      Required ratio:    0.00 (Cumulative area) 

    Layer: met4
      Partial area ratio:   21.88
      Required ratio:    0.00 (Gate area) 
      Cumulative area ratio:   41.99
      Required ratio:    0.00 (Cumulative area) 
      Partial area ratio:  116.97
      Required ratio: 3134.60 (Side area) 
      Cumulative area ratio:  223.08
      Required ratio:    0.00 (Cumulative side area) 


  Pin:   fanout873/A (sky130_fd_sc_hd__buf_6)
    Layer: mcon
      Partial area ratio:    0.06
      Required ratio:    3.00 (Gate area) 
      Cumulative area ratio:    0.06
      Required ratio:    0.00 (Cumulative area) 

    Layer: met1
      Partial area ratio:    1.28
      Required ratio:    0.00 (Gate area) 
      Cumulative area ratio:    1.28
      Required ratio:    0.00 (Cumulative area) 
      Partial area ratio:    6.04
      Required ratio:  400.00 (Side area) 
      Cumulative area ratio:    6.04
      Required ratio:    0.00 (Cumulative side area) 

    Layer: via
      Partial area ratio:    0.09
      Required ratio:    6.00 (Gate area) 
      Cumulative area ratio:    0.15
      Required ratio:    0.00 (Cumulative area) 

    Layer: met2
      Partial area ratio:    6.34
      Required ratio:    0.00 (Gate area) 
      Cumulative area ratio:    7.62
      Required ratio:    0.00 (Cumulative area) 
      Partial area ratio:   31.21
      Required ratio:  400.00 (Side area) 
      Cumulative area ratio:   37.25
      Required ratio:    0.00 (Cumulative side area) 

    Layer: via2
      Partial area ratio:    0.16
      Required ratio:    6.00 (Gate area) 
      Cumulative area ratio:    0.31
      Required ratio:    0.00 (Cumulative area) 

    Layer: met3
      Partial area ratio:   85.43
      Required ratio:    0.00 (Gate area) 
      Cumulative area ratio:   93.05
      Required ratio:    0.00 (Cumulative area) 
      Partial area ratio:  456.87
      Required ratio: 3134.60 (Side area) 
      Cumulative area ratio:  494.11
      Required ratio:    0.00 (Cumulative side area) 

    Layer: via3
      Partial area ratio:    0.04
      Required ratio:   54.11 (Gate area) 
      Cumulative area ratio:    0.35
      Required ratio:    0.00 (Cumulative area) 

    Layer: met4
      Partial area ratio:   21.88
      Required ratio:    0.00 (Gate area) 
      Cumulative area ratio:  114.92
      Required ratio:    0.00 (Cumulative area) 
      Partial area ratio:  116.97
      Required ratio: 3134.60 (Side area) 
      Cumulative area ratio:  611.08
      Required ratio:    0.00 (Cumulative side area) 


  Pin:   fanout877/A (sky130_fd_sc_hd__clkbuf_4)
    Layer: mcon
      Partial area ratio:    0.14
      Required ratio:    3.00 (Gate area) 
      Cumulative area ratio:    0.14
      Required ratio:    0.00 (Cumulative area) 

    Layer: met1
      Partial area ratio:    2.48
      Required ratio:    0.00 (Gate area) 
      Cumulative area ratio:    2.48
      Required ratio:    0.00 (Cumulative area) 
      Partial area ratio:   11.55
      Required ratio:  400.00 (Side area) 
      Cumulative area ratio:   11.55
      Required ratio:    0.00 (Cumulative side area) 

    Layer: via
      Partial area ratio:    0.21
      Required ratio:    6.00 (Gate area) 
      Cumulative area ratio:    0.35
      Required ratio:    0.00 (Cumulative area) 

    Layer: met2
      Partial area ratio:  132.56
      Required ratio:    0.00 (Gate area) 
      Cumulative area ratio:  135.05
      Required ratio:    0.00 (Cumulative area) 
      Partial area ratio:  661.96
      Required ratio:  400.00 (Side area) (VIOLATED)
      Cumulative area ratio:  673.51
      Required ratio:    0.00 (Cumulative side area) 

    Layer: via2
      Partial area ratio:    0.19
      Required ratio:    6.00 (Gate area) 
      Cumulative area ratio:    0.53
      Required ratio:    0.00 (Cumulative area) 

    Layer: met3
      Partial area ratio:   85.43
      Required ratio:    0.00 (Gate area) 
      Cumulative area ratio:  220.47
      Required ratio:    0.00 (Cumulative area) 
      Partial area ratio:  456.87
      Required ratio: 3134.60 (Side area) 
      Cumulative area ratio: 1130.38
      Required ratio:    0.00 (Cumulative side area) 

    Layer: via3
      Partial area ratio:    0.04
      Required ratio:   54.11 (Gate area) 
      Cumulative area ratio:    0.57
      Required ratio:    0.00 (Cumulative area) 

    Layer: met4
      Partial area ratio:   21.88
      Required ratio:    0.00 (Gate area) 
      Cumulative area ratio:  242.35
      Required ratio:    0.00 (Cumulative area) 
      Partial area ratio:  116.97
      Required ratio: 3134.60 (Side area) 
      Cumulative area ratio: 1247.34
      Required ratio:    0.00 (Cumulative side area) 


  Pin:   fanout882/A (sky130_fd_sc_hd__buf_2)
    Layer: mcon
      Partial area ratio:    0.18
      Required ratio:    3.00 (Gate area) 
      Cumulative area ratio:    0.18
      Required ratio:    0.00 (Cumulative area) 

    Layer: met1
      Partial area ratio:   11.39
      Required ratio:    0.00 (Gate area) 
      Cumulative area ratio:   11.39
      Required ratio:    0.00 (Cumulative area) 
      Partial area ratio:   54.02
      Required ratio: 3134.60 (Side area) 
      Cumulative area ratio:   54.02
      Required ratio:    0.00 (Cumulative side area) 

    Layer: via
      Partial area ratio:    0.57
      Required ratio:   54.11 (Gate area) 
      Cumulative area ratio:    0.75
      Required ratio:    0.00 (Cumulative area) 

    Layer: met2
      Partial area ratio:   45.86
      Required ratio:    0.00 (Gate area) 
      Cumulative area ratio:   57.26
      Required ratio:    0.00 (Cumulative area) 
      Partial area ratio:  226.97
      Required ratio: 3134.60 (Side area) 
      Cumulative area ratio:  280.99
      Required ratio:    0.00 (Cumulative side area) 

    Layer: via2
      Partial area ratio:    0.50
      Required ratio:   54.11 (Gate area) 
      Cumulative area ratio:    1.25
      Required ratio:    0.00 (Cumulative area) 

    Layer: met3
      Partial area ratio:   85.43
      Required ratio:    0.00 (Gate area) 
      Cumulative area ratio:  142.68
      Required ratio:    0.00 (Cumulative area) 
      Partial area ratio:  456.87
      Required ratio: 3134.60 (Side area) 
      Cumulative area ratio:  737.86
      Required ratio:    0.00 (Cumulative side area) 

    Layer: via3
      Partial area ratio:    0.04
      Required ratio:   54.11 (Gate area) 
      Cumulative area ratio:    1.29
      Required ratio:    0.00 (Cumulative area) 

    Layer: met4
      Partial area ratio:   21.88
      Required ratio:    0.00 (Gate area) 
      Cumulative area ratio:  164.56
      Required ratio:    0.00 (Cumulative area) 
      Partial area ratio:  116.97
      Required ratio: 3134.60 (Side area) 
      Cumulative area ratio:  854.82
      Required ratio:    0.00 (Cumulative side area) 



Net: net943
  Pin:   _18305_/RESET_B (sky130_fd_sc_hd__dfrtp_1)
    Layer: met1
      Partial area ratio:    6.07
      Required ratio:    0.00 (Gate area) 
      Cumulative area ratio:    6.07
      Required ratio:    0.00 (Cumulative area) 
      Partial area ratio:   30.36
      Required ratio:  400.00 (Side area) 
      Cumulative area ratio:   30.36
      Required ratio:    0.00 (Cumulative side area) 

    Layer: via
      Partial area ratio:    0.04
      Required ratio:    6.00 (Gate area) 
      Cumulative area ratio:    0.04
      Required ratio:    0.00 (Cumulative area) 

    Layer: met2
      Partial area ratio:    7.34
      Required ratio:    0.00 (Gate area) 
      Cumulative area ratio:   13.41
      Required ratio:    0.00 (Cumulative area) 
      Partial area ratio:   36.41
      Required ratio: 3236.16 (Side area) 
      Cumulative area ratio:   66.77
      Required ratio:    0.00 (Cumulative side area) 

    Layer: via2
      Partial area ratio:    0.03
      Required ratio:   63.25 (Gate area) 
      Cumulative area ratio:    0.07
      Required ratio:    0.00 (Cumulative area) 

    Layer: met3
      Partial area ratio:   13.19
      Required ratio:    0.00 (Gate area) 
      Cumulative area ratio:   26.60
      Required ratio:    0.00 (Cumulative area) 
      Partial area ratio:   70.53
      Required ratio: 3236.16 (Side area) 
      Cumulative area ratio:  137.30
      Required ratio:    0.00 (Cumulative side area) 


  Pin:   _18306_/RESET_B (sky130_fd_sc_hd__dfrtp_1)
    Layer: met1
      Partial area ratio:    1.78
      Required ratio:    0.00 (Gate area) 
      Cumulative area ratio:    1.78
      Required ratio:    0.00 (Cumulative area) 
      Partial area ratio:    9.17
      Required ratio:  400.00 (Side area) 
      Cumulative area ratio:    9.17
      Required ratio:    0.00 (Cumulative side area) 

    Layer: via
      Partial area ratio:    0.09
      Required ratio:    6.00 (Gate area) 
      Cumulative area ratio:    0.09
      Required ratio:    0.00 (Cumulative area) 

    Layer: met2
      Partial area ratio:    7.34
      Required ratio:    0.00 (Gate area) 
      Cumulative area ratio:    9.11
      Required ratio:    0.00 (Cumulative area) 
      Partial area ratio:   36.41
      Required ratio: 3236.16 (Side area) 
      Cumulative area ratio:   45.58
      Required ratio:    0.00 (Cumulative side area) 

    Layer: via2
      Partial area ratio:    0.03
      Required ratio:   63.25 (Gate area) 
      Cumulative area ratio:    0.12
      Required ratio:    0.00 (Cumulative area) 

    Layer: met3
      Partial area ratio:   13.19
      Required ratio:    0.00 (Gate area) 
      Cumulative area ratio:   22.30
      Required ratio:    0.00 (Cumulative area) 
      Partial area ratio:   70.53
      Required ratio: 3236.16 (Side area) 
      Cumulative area ratio:  116.12
      Required ratio:    0.00 (Cumulative side area) 


  Pin:   _18324_/RESET_B (sky130_fd_sc_hd__dfrtp_1)
    Layer: met1
      Partial area ratio:    1.86
      Required ratio:    0.00 (Gate area) 
      Cumulative area ratio:    1.86
      Required ratio:    0.00 (Cumulative area) 
      Partial area ratio:    9.65
      Required ratio:  400.00 (Side area) 
      Cumulative area ratio:    9.65
      Required ratio:    0.00 (Cumulative side area) 

    Layer: via
      Partial area ratio:    0.09
      Required ratio:    6.00 (Gate area) 
      Cumulative area ratio:    0.09
      Required ratio:    0.00 (Cumulative area) 

    Layer: met2
      Partial area ratio:   10.92
      Required ratio:    0.00 (Gate area) 
      Cumulative area ratio:   12.78
      Required ratio:    0.00 (Cumulative area) 
      Partial area ratio:   54.20
      Required ratio:  400.00 (Side area) 
      Cumulative area ratio:   63.85
      Required ratio:    0.00 (Cumulative side area) 

    Layer: via2
      Partial area ratio:    0.04
      Required ratio:    6.00 (Gate area) 
      Cumulative area ratio:    0.13
      Required ratio:    0.00 (Cumulative area) 

    Layer: met3
      Partial area ratio:   13.19
      Required ratio:    0.00 (Gate area) 
      Cumulative area ratio:   25.97
      Required ratio:    0.00 (Cumulative area) 
      Partial area ratio:   70.53
      Required ratio: 3236.16 (Side area) 
      Cumulative area ratio:  134.38
      Required ratio:    0.00 (Cumulative side area) 


  Pin:   _18595_/RESET_B (sky130_fd_sc_hd__dfrtp_4)
    Layer: met1
      Partial area ratio:    6.07
      Required ratio:    0.00 (Gate area) 
      Cumulative area ratio:    6.07
      Required ratio:    0.00 (Cumulative area) 
      Partial area ratio:   30.36
      Required ratio:  400.00 (Side area) 
      Cumulative area ratio:   30.36
      Required ratio:    0.00 (Cumulative side area) 

    Layer: via
      Partial area ratio:    0.04
      Required ratio:    6.00 (Gate area) 
      Cumulative area ratio:    0.04
      Required ratio:    0.00 (Cumulative area) 

    Layer: met2
      Partial area ratio:    7.34
      Required ratio:    0.00 (Gate area) 
      Cumulative area ratio:   13.41
      Required ratio:    0.00 (Cumulative area) 
      Partial area ratio:   36.41
      Required ratio: 3236.16 (Side area) 
      Cumulative area ratio:   66.77
      Required ratio:    0.00 (Cumulative side area) 

    Layer: via2
      Partial area ratio:    0.03
      Required ratio:   63.25 (Gate area) 
      Cumulative area ratio:    0.07
      Required ratio:    0.00 (Cumulative area) 

    Layer: met3
      Partial area ratio:   13.19
      Required ratio:    0.00 (Gate area) 
      Cumulative area ratio:   26.60
      Required ratio:    0.00 (Cumulative area) 
      Partial area ratio:   70.53
      Required ratio: 3236.16 (Side area) 
      Cumulative area ratio:  137.30
      Required ratio:    0.00 (Cumulative side area) 


  Pin:   _18596_/RESET_B (sky130_fd_sc_hd__dfrtp_4)
    Layer: met1
      Partial area ratio:    6.07
      Required ratio:    0.00 (Gate area) 
      Cumulative area ratio:    6.07
      Required ratio:    0.00 (Cumulative area) 
      Partial area ratio:   30.36
      Required ratio:  400.00 (Side area) 
      Cumulative area ratio:   30.36
      Required ratio:    0.00 (Cumulative side area) 

    Layer: via
      Partial area ratio:    0.04
      Required ratio:    6.00 (Gate area) 
      Cumulative area ratio:    0.04
      Required ratio:    0.00 (Cumulative area) 

    Layer: met2
      Partial area ratio:    7.34
      Required ratio:    0.00 (Gate area) 
      Cumulative area ratio:   13.41
      Required ratio:    0.00 (Cumulative area) 
      Partial area ratio:   36.41
      Required ratio: 3236.16 (Side area) 
      Cumulative area ratio:   66.77
      Required ratio:    0.00 (Cumulative side area) 

    Layer: via2
      Partial area ratio:    0.03
      Required ratio:   63.25 (Gate area) 
      Cumulative area ratio:    0.07
      Required ratio:    0.00 (Cumulative area) 

    Layer: met3
      Partial area ratio:   13.19
      Required ratio:    0.00 (Gate area) 
      Cumulative area ratio:   26.60
      Required ratio:    0.00 (Cumulative area) 
      Partial area ratio:   70.53
      Required ratio: 3236.16 (Side area) 
      Cumulative area ratio:  137.30
      Required ratio:    0.00 (Cumulative side area) 


  Pin:   _18597_/RESET_B (sky130_fd_sc_hd__dfrtp_1)
    Layer: met1
      Partial area ratio:    5.68
      Required ratio:    0.00 (Gate area) 
      Cumulative area ratio:    5.68
      Required ratio:    0.00 (Cumulative area) 
      Partial area ratio:   28.27
      Required ratio:  400.00 (Side area) 
      Cumulative area ratio:   28.27
      Required ratio:    0.00 (Cumulative side area) 

    Layer: via
      Partial area ratio:    0.09
      Required ratio:    6.00 (Gate area) 
      Cumulative area ratio:    0.09
      Required ratio:    0.00 (Cumulative area) 

    Layer: met2
      Partial area ratio:   10.92
      Required ratio:    0.00 (Gate area) 
      Cumulative area ratio:   16.60
      Required ratio:    0.00 (Cumulative area) 
      Partial area ratio:   54.20
      Required ratio:  400.00 (Side area) 
      Cumulative area ratio:   82.47
      Required ratio:    0.00 (Cumulative side area) 

    Layer: via2
      Partial area ratio:    0.04
      Required ratio:    6.00 (Gate area) 
      Cumulative area ratio:    0.13
      Required ratio:    0.00 (Cumulative area) 

    Layer: met3
      Partial area ratio:   13.19
      Required ratio:    0.00 (Gate area) 
      Cumulative area ratio:   29.79
      Required ratio:    0.00 (Cumulative area) 
      Partial area ratio:   70.53
      Required ratio: 3236.16 (Side area) 
      Cumulative area ratio:  153.00
      Required ratio:    0.00 (Cumulative side area) 


  Pin:   _18598_/RESET_B (sky130_fd_sc_hd__dfrtp_1)
    Layer: met1
      Partial area ratio:    2.28
      Required ratio:    0.00 (Gate area) 
      Cumulative area ratio:    2.28
      Required ratio:    0.00 (Cumulative area) 
      Partial area ratio:   11.35
      Required ratio:  400.00 (Side area) 
      Cumulative area ratio:   11.35
      Required ratio:    0.00 (Cumulative side area) 

    Layer: via
      Partial area ratio:    0.09
      Required ratio:    6.00 (Gate area) 
      Cumulative area ratio:    0.09
      Required ratio:    0.00 (Cumulative area) 

    Layer: met2
      Partial area ratio:   10.92
      Required ratio:    0.00 (Gate area) 
      Cumulative area ratio:   13.20
      Required ratio:    0.00 (Cumulative area) 
      Partial area ratio:   54.20
      Required ratio:  400.00 (Side area) 
      Cumulative area ratio:   65.55
      Required ratio:    0.00 (Cumulative side area) 

    Layer: via2
      Partial area ratio:    0.04
      Required ratio:    6.00 (Gate area) 
      Cumulative area ratio:    0.13
      Required ratio:    0.00 (Cumulative area) 

    Layer: met3
      Partial area ratio:   13.19
      Required ratio:    0.00 (Gate area) 
      Cumulative area ratio:   26.39
      Required ratio:    0.00 (Cumulative area) 
      Partial area ratio:   70.53
      Required ratio: 3236.16 (Side area) 
      Cumulative area ratio:  136.08
      Required ratio:    0.00 (Cumulative side area) 


  Pin:   _18600_/RESET_B (sky130_fd_sc_hd__dfrtp_1)
    Layer: met1
      Partial area ratio:    6.08
      Required ratio:    0.00 (Gate area) 
      Cumulative area ratio:    6.08
      Required ratio:    0.00 (Cumulative area) 
      Partial area ratio:   30.44
      Required ratio:  400.00 (Side area) 
      Cumulative area ratio:   30.44
      Required ratio:    0.00 (Cumulative side area) 

    Layer: via
      Partial area ratio:    0.04
      Required ratio:    6.00 (Gate area) 
      Cumulative area ratio:    0.04
      Required ratio:    0.00 (Cumulative area) 

    Layer: met2
      Partial area ratio:    7.34
      Required ratio:    0.00 (Gate area) 
      Cumulative area ratio:   13.41
      Required ratio:    0.00 (Cumulative area) 
      Partial area ratio:   36.41
      Required ratio: 3236.16 (Side area) 
      Cumulative area ratio:   66.85
      Required ratio:    0.00 (Cumulative side area) 

    Layer: via2
      Partial area ratio:    0.03
      Required ratio:   63.25 (Gate area) 
      Cumulative area ratio:    0.07
      Required ratio:    0.00 (Cumulative area) 

    Layer: met3
      Partial area ratio:   13.19
      Required ratio:    0.00 (Gate area) 
      Cumulative area ratio:   26.60
      Required ratio:    0.00 (Cumulative area) 
      Partial area ratio:   70.53
      Required ratio: 3236.16 (Side area) 
      Cumulative area ratio:  137.39
      Required ratio:    0.00 (Cumulative side area) 


  Pin:   _18601_/RESET_B (sky130_fd_sc_hd__dfrtp_2)
    Layer: met1
      Partial area ratio:    2.83
      Required ratio:    0.00 (Gate area) 
      Cumulative area ratio:    2.83
      Required ratio:    0.00 (Cumulative area) 
      Partial area ratio:   13.97
      Required ratio:  400.00 (Side area) 
      Cumulative area ratio:   13.97
      Required ratio:    0.00 (Cumulative side area) 

    Layer: via
      Partial area ratio:    0.09
      Required ratio:    6.00 (Gate area) 
      Cumulative area ratio:    0.09
      Required ratio:    0.00 (Cumulative area) 

    Layer: met2
      Partial area ratio:   10.92
      Required ratio:    0.00 (Gate area) 
      Cumulative area ratio:   13.75
      Required ratio:    0.00 (Cumulative area) 
      Partial area ratio:   54.20
      Required ratio:  400.00 (Side area) 
      Cumulative area ratio:   68.16
      Required ratio:    0.00 (Cumulative side area) 

    Layer: via2
      Partial area ratio:    0.04
      Required ratio:    6.00 (Gate area) 
      Cumulative area ratio:    0.13
      Required ratio:    0.00 (Cumulative area) 

    Layer: met3
      Partial area ratio:   13.19
      Required ratio:    0.00 (Gate area) 
      Cumulative area ratio:   26.94
      Required ratio:    0.00 (Cumulative area) 
      Partial area ratio:   70.53
      Required ratio: 3236.16 (Side area) 
      Cumulative area ratio:  138.70
      Required ratio:    0.00 (Cumulative side area) 


  Pin:   _18817_/RESET_B (sky130_fd_sc_hd__dfrtp_1)
    Layer: met1
      Partial area ratio:  121.54
      Required ratio:    0.00 (Gate area) 
      Cumulative area ratio:  121.54
      Required ratio:    0.00 (Cumulative area) 
      Partial area ratio:  607.34
      Required ratio:  400.00 (Side area) (VIOLATED)
      Cumulative area ratio:  607.34
      Required ratio:    0.00 (Cumulative side area) 

    Layer: via
      Partial area ratio:    0.18
      Required ratio:   63.25 (Gate area) 
      Cumulative area ratio:    0.18
      Required ratio:    0.00 (Cumulative area) 

    Layer: met2
      Partial area ratio:    7.34
      Required ratio:    0.00 (Gate area) 
      Cumulative area ratio:  128.87
      Required ratio:    0.00 (Cumulative area) 
      Partial area ratio:   36.41
      Required ratio: 3236.16 (Side area) 
      Cumulative area ratio:  643.75
      Required ratio:    0.00 (Cumulative side area) 

    Layer: via2
      Partial area ratio:    0.03
      Required ratio:   63.25 (Gate area) 
      Cumulative area ratio:    0.21
      Required ratio:    0.00 (Cumulative area) 

    Layer: met3
      Partial area ratio:   13.19
      Required ratio:    0.00 (Gate area) 
      Cumulative area ratio:  142.06
      Required ratio:    0.00 (Cumulative area) 
      Partial area ratio:   70.53
      Required ratio: 3236.16 (Side area) 
      Cumulative area ratio:  714.28
      Required ratio:    0.00 (Cumulative side area) 



Net: net2674
  Pin:   _09785_/A1 (sky130_fd_sc_hd__mux2_1)
    Layer: mcon
      Partial area ratio:    0.23
      Required ratio:    3.00 (Gate area) 
      Cumulative area ratio:    0.23
      Required ratio:    0.00 (Cumulative area) 

    Layer: met1
      Partial area ratio:   10.86
      Required ratio:    0.00 (Gate area) 
      Cumulative area ratio:   10.86
      Required ratio:    0.00 (Cumulative area) 
      Partial area ratio:   52.83
      Required ratio:  400.00 (Side area) 
      Cumulative area ratio:   52.83
      Required ratio:    0.00 (Cumulative side area) 

    Layer: via
      Partial area ratio:    0.36
      Required ratio:    6.00 (Gate area) 
      Cumulative area ratio:    0.59
      Required ratio:    0.00 (Cumulative area) 

    Layer: met2
      Partial area ratio:   17.29
      Required ratio:    0.00 (Gate area) 
      Cumulative area ratio:   28.15
      Required ratio:    0.00 (Cumulative area) 
      Partial area ratio:   85.39
      Required ratio: 2771.60 (Side area) 
      Cumulative area ratio:  138.22
      Required ratio:    0.00 (Cumulative side area) 


  Pin:   _09793_/A1 (sky130_fd_sc_hd__mux2_1)
    Layer: mcon
      Partial area ratio:    0.23
      Required ratio:    3.00 (Gate area) 
      Cumulative area ratio:    0.23
      Required ratio:    0.00 (Cumulative area) 

    Layer: met1
      Partial area ratio:   94.19
      Required ratio:    0.00 (Gate area) 
      Cumulative area ratio:   94.19
      Required ratio:    0.00 (Cumulative area) 
      Partial area ratio:  469.50
      Required ratio:  400.00 (Side area) (VIOLATED)
      Cumulative area ratio:  469.50
      Required ratio:    0.00 (Cumulative side area) 

    Layer: via
      Partial area ratio:    0.36
      Required ratio:    6.00 (Gate area) 
      Cumulative area ratio:    0.59
      Required ratio:    0.00 (Cumulative area) 

    Layer: met2
      Partial area ratio:   17.29
      Required ratio:    0.00 (Gate area) 
      Cumulative area ratio:  111.48
      Required ratio:    0.00 (Cumulative area) 
      Partial area ratio:   85.39
      Required ratio: 2771.60 (Side area) 
      Cumulative area ratio:  554.89
      Required ratio:    0.00 (Cumulative side area) 



Net: net2729
  Pin:   _12667_/A1 (sky130_fd_sc_hd__mux2_1)
    Layer: mcon
      Partial area ratio:    0.23
      Required ratio:    3.00 (Gate area) 
      Cumulative area ratio:    0.23
      Required ratio:    0.00 (Cumulative area) 

    Layer: met1
      Partial area ratio:  161.41
      Required ratio:    0.00 (Gate area) 
      Cumulative area ratio:  161.41
      Required ratio:    0.00 (Cumulative area) 
      Partial area ratio:  805.56
      Required ratio:  400.00 (Side area) (VIOLATED)
      Cumulative area ratio:  805.56
      Required ratio:    0.00 (Cumulative side area) 

    Layer: via
      Partial area ratio:    0.36
      Required ratio:    6.00 (Gate area) 
      Cumulative area ratio:    0.59
      Required ratio:    0.00 (Cumulative area) 

    Layer: met2
      Partial area ratio:    9.29
      Required ratio:    0.00 (Gate area) 
      Cumulative area ratio:  170.70
      Required ratio:    0.00 (Cumulative area) 
      Partial area ratio:   45.44
      Required ratio: 2771.60 (Side area) 
      Cumulative area ratio:  851.00
      Required ratio:    0.00 (Cumulative side area) 


  Pin:   _13201_/A0 (sky130_fd_sc_hd__mux2_1)
    Layer: mcon
      Partial area ratio:    0.23
      Required ratio:    3.00 (Gate area) 
      Cumulative area ratio:    0.23
      Required ratio:    0.00 (Cumulative area) 

    Layer: met1
      Partial area ratio:    7.79
      Required ratio:    0.00 (Gate area) 
      Cumulative area ratio:    7.79
      Required ratio:    0.00 (Cumulative area) 
      Partial area ratio:   37.46
      Required ratio:  400.00 (Side area) 
      Cumulative area ratio:   37.46
      Required ratio:    0.00 (Cumulative side area) 

    Layer: via
      Partial area ratio:    0.36
      Required ratio:    6.00 (Gate area) 
      Cumulative area ratio:    0.59
      Required ratio:    0.00 (Cumulative area) 

    Layer: met2
      Partial area ratio:    9.29
      Required ratio:    0.00 (Gate area) 
      Cumulative area ratio:   17.08
      Required ratio:    0.00 (Cumulative area) 
      Partial area ratio:   45.44
      Required ratio: 2771.60 (Side area) 
      Cumulative area ratio:   82.91
      Required ratio:    0.00 (Cumulative side area) 



Net: net2757
  Pin:   _12671_/A1 (sky130_fd_sc_hd__mux2_1)
    Layer: mcon
      Partial area ratio:    0.23
      Required ratio:    3.00 (Gate area) 
      Cumulative area ratio:    0.23
      Required ratio:    0.00 (Cumulative area) 

    Layer: met1
      Partial area ratio:  181.04
      Required ratio:    0.00 (Gate area) 
      Cumulative area ratio:  181.04
      Required ratio:    0.00 (Cumulative area) 
      Partial area ratio:  903.72
      Required ratio:  400.00 (Side area) (VIOLATED)
      Cumulative area ratio:  903.72
      Required ratio:    0.00 (Cumulative side area) 

    Layer: via
      Partial area ratio:    0.36
      Required ratio:    6.00 (Gate area) 
      Cumulative area ratio:    0.59
      Required ratio:    0.00 (Cumulative area) 

    Layer: met2
      Partial area ratio:    9.62
      Required ratio:    0.00 (Gate area) 
      Cumulative area ratio:  190.66
      Required ratio:    0.00 (Cumulative area) 
      Partial area ratio:   47.06
      Required ratio: 2771.60 (Side area) 
      Cumulative area ratio:  950.78
      Required ratio:    0.00 (Cumulative side area) 


  Pin:   _13205_/A0 (sky130_fd_sc_hd__mux2_1)
    Layer: mcon
      Partial area ratio:    0.23
      Required ratio:    3.00 (Gate area) 
      Cumulative area ratio:    0.23
      Required ratio:    0.00 (Cumulative area) 

    Layer: met1
      Partial area ratio:    4.12
      Required ratio:    0.00 (Gate area) 
      Cumulative area ratio:    4.12
      Required ratio:    0.00 (Cumulative area) 
      Partial area ratio:   19.13
      Required ratio:  400.00 (Side area) 
      Cumulative area ratio:   19.13
      Required ratio:    0.00 (Cumulative side area) 

    Layer: via
      Partial area ratio:    0.36
      Required ratio:    6.00 (Gate area) 
      Cumulative area ratio:    0.59
      Required ratio:    0.00 (Cumulative area) 

    Layer: met2
      Partial area ratio:    9.62
      Required ratio:    0.00 (Gate area) 
      Cumulative area ratio:   13.74
      Required ratio:    0.00 (Cumulative area) 
      Partial area ratio:   47.06
      Required ratio: 2771.60 (Side area) 
      Cumulative area ratio:   66.18
      Required ratio:    0.00 (Cumulative side area) 



Net: net2781
  Pin:   _12672_/A1 (sky130_fd_sc_hd__mux2_1)
    Layer: mcon
      Partial area ratio:    0.23
      Required ratio:    3.00 (Gate area) 
      Cumulative area ratio:    0.23
      Required ratio:    0.00 (Cumulative area) 

    Layer: met1
      Partial area ratio:  129.11
      Required ratio:    0.00 (Gate area) 
      Cumulative area ratio:  129.11
      Required ratio:    0.00 (Cumulative area) 
      Partial area ratio:  644.06
      Required ratio:  400.00 (Side area) (VIOLATED)
      Cumulative area ratio:  644.06
      Required ratio:    0.00 (Cumulative side area) 

    Layer: via
      Partial area ratio:    0.36
      Required ratio:    6.00 (Gate area) 
      Cumulative area ratio:    0.59
      Required ratio:    0.00 (Cumulative area) 

    Layer: met2
      Partial area ratio:    9.43
      Required ratio:    0.00 (Gate area) 
      Cumulative area ratio:  138.53
      Required ratio:    0.00 (Cumulative area) 
      Partial area ratio:   45.69
      Required ratio:  400.00 (Side area) 
      Cumulative area ratio:  689.75
      Required ratio:    0.00 (Cumulative side area) 

    Layer: via2
      Partial area ratio:    0.32
      Required ratio:    6.00 (Gate area) 
      Cumulative area ratio:    0.90
      Required ratio:    0.00 (Cumulative area) 

    Layer: met3
      Partial area ratio:   82.61
      Required ratio:    0.00 (Gate area) 
      Cumulative area ratio:  221.15
      Required ratio:    0.00 (Cumulative area) 
      Partial area ratio:  442.48
      Required ratio: 2771.60 (Side area) 
      Cumulative area ratio: 1132.23
      Required ratio:    0.00 (Cumulative side area) 


  Pin:   _13206_/A0 (sky130_fd_sc_hd__mux2_1)
    Layer: mcon
      Partial area ratio:    0.23
      Required ratio:    3.00 (Gate area) 
      Cumulative area ratio:    0.23
      Required ratio:    0.00 (Cumulative area) 

    Layer: met1
      Partial area ratio:    2.70
      Required ratio:    0.00 (Gate area) 
      Cumulative area ratio:    2.70
      Required ratio:    0.00 (Cumulative area) 
      Partial area ratio:   12.21
      Required ratio:  400.00 (Side area) 
      Cumulative area ratio:   12.21
      Required ratio:    0.00 (Cumulative side area) 

    Layer: via
      Partial area ratio:    0.36
      Required ratio:    6.00 (Gate area) 
      Cumulative area ratio:    0.59
      Required ratio:    0.00 (Cumulative area) 

    Layer: met2
      Partial area ratio:   10.09
      Required ratio:    0.00 (Gate area) 
      Cumulative area ratio:   12.79
      Required ratio:    0.00 (Cumulative area) 
      Partial area ratio:   48.92
      Required ratio: 2771.60 (Side area) 
      Cumulative area ratio:   61.13
      Required ratio:    0.00 (Cumulative side area) 

    Layer: via2
      Partial area ratio:    0.32
      Required ratio:   21.44 (Gate area) 
      Cumulative area ratio:    0.90
      Required ratio:    0.00 (Cumulative area) 

    Layer: met3
      Partial area ratio:   82.61
      Required ratio:    0.00 (Gate area) 
      Cumulative area ratio:   95.40
      Required ratio:    0.00 (Cumulative area) 
      Partial area ratio:  442.48
      Required ratio: 2771.60 (Side area) 
      Cumulative area ratio:  503.60
      Required ratio:    0.00 (Cumulative side area) 



[INFO ANT-0002] Found 29 net violations.
[INFO ANT-0001] Found 32 pin violations.
